职位名称,公司名称,工作地点,薪资,工作经验,学历要求
python开发,软通动力信息技术(集团)股份有限公司,北京·朝阳·建外,1.8-2.2万,3-5年,本科
python开发,软通动力信息技术(集团)股份有限公司,北京·朝阳·建外,1.8-2.2万,3-5年,本科
python开发,软通动力信息技术(集团)股份有限公司,北京·朝阳·建外,1.8-2.2万,3-5年,本科
python开发,软通动力信息技术(集团)股份有限公司,北京·朝阳·建外,1.8-2.2万,3-5年,本科
python开发,深圳市法本信息技术股份有限公司,北京·顺义·高丽营,1.8-2.3万,3-5年,本科
python开发,深圳市法本信息技术股份有限公司,北京·顺义·高丽营,1.8-2.3万,3-5年,本科
Python（车载语音项目，做五休二）,上海然辰网络科技有限公司,上海·徐汇·徐家汇,1.6-1.8万,3-5年,本科
Python（车载语音项目，做五休二）,上海然辰网络科技有限公司,上海·徐汇·徐家汇,1.6-1.8万,3-5年,本科
python自动化测试工程师,软通动力信息技术(集团)股份有限公司,成都·郫都·友爱,8000-12000元,1-3年,本科
python自动化测试工程师,软通动力信息技术(集团)股份有限公司,成都·郫都·友爱,8000-12000元,1-3年,本科
python爬虫工程师,北京信达华方科技有限公司,北京·海淀,8000-14000元,1-3年,大专
python爬虫工程师,北京信达华方科技有限公司,北京·海淀,8000-14000元,1-3年,大专
韩语Python开发工程师,青岛探宝电子商务有限公司,青岛·城阳·城阳街道,8000-13000元,1-3年,本科
韩语Python开发工程师,青岛探宝电子商务有限公司,青岛·城阳·城阳街道,8000-13000元,1-3年,本科
Python测试,软通动力信息技术(集团)股份有限公司,上海·浦东·金桥,1.1-1.8万,3-5年,本科
Python测试,软通动力信息技术(集团)股份有限公司,上海·浦东·金桥,1.1-1.8万,3-5年,本科
python后端开发工程师,南京周全安全咨询有限公司,南京·六合·长芦,1.3-1.8万,3-5年,本科
python后端开发工程师,南京周全安全咨询有限公司,南京·六合·长芦,1.3-1.8万,3-5年,本科
Python实习生,河南锐伴传媒科技有限公司,郑州·金水·丰庆路,6000-9000元·13薪,经验不限,学历不限
Python实习生,河南锐伴传媒科技有限公司,郑州·金水·丰庆路,6000-9000元·13薪,经验不限,学历不限
算法工程师（大模型、机器学习/深度学习、Python）,软通动力信息技术(集团)股份有限公司,武汉·洪山·花山,1.1-1.4万,3-5年,本科
算法工程师（大模型、机器学习/深度学习、Python）,软通动力信息技术(集团)股份有限公司,武汉·洪山·花山,1.1-1.4万,3-5年,本科
Python开发工程师,长扬科技(北京)股份有限公司,北京·海淀,1.5-2.5万,3-5年,本科
Python开发工程师,长扬科技(北京)股份有限公司,北京·海淀,1.5-2.5万,3-5年,本科
python软件开发工程师（外派福州）,东软集团,福州·鼓楼·鼓东,1.3-2万,3-5年,本科
python软件开发工程师（外派福州）,东软集团,福州·鼓楼·鼓东,1.3-2万,3-5年,本科
python运维开发（足额社保/急招/稳定）,软通动力信息技术(集团)股份有限公司,上海·浦东·唐镇,1.3-1.4万,3-5年,本科
python运维开发（足额社保/急招/稳定）,软通动力信息技术(集团)股份有限公司,上海·浦东·唐镇,1.3-1.4万,3-5年,本科
Python开发,上海金亥数智科技有限公司,上海·浦东·康桥,6000-8000元,1年以下,学历不限
Python开发,上海金亥数智科技有限公司,上海·浦东·康桥,6000-8000元,1年以下,学历不限
python开发工程师（智能体方向）,宏桥高科技集团有限公司,珠海·香洲区·唐家湾镇,6000-10000元,经验不限,本科
python开发工程师（智能体方向）,宏桥高科技集团有限公司,珠海·香洲区·唐家湾镇,6000-10000元,经验不限,本科
Python高级工程师,晶科能源,嘉兴·海宁市·黄湾镇,1.5-3万·13薪,1-3年,本科
Python高级工程师,晶科能源,嘉兴·海宁市·黄湾镇,1.5-3万·13薪,1-3年,本科
python后端开发工程师,河南锐伴传媒科技有限公司,济源市,6000-9000元·13薪,经验不限,学历不限
python后端开发工程师,河南锐伴传媒科技有限公司,济源市,6000-9000元·13薪,经验不限,学历不限
python开发-银行证券项目-全额公积金,上海汉朔信息科技有限公司,上海·黄浦·小东门,1.2-1.6万,3-5年,本科
python开发-银行证券项目-全额公积金,上海汉朔信息科技有限公司,上海·黄浦·小东门,1.2-1.6万,3-5年,本科
智能体开发工程师 (Python方向),薪领航(天津)管理咨询有限公司,天津·东丽·金桥,1-1.3万,3-5年,本科
智能体开发工程师 (Python方向),薪领航(天津)管理咨询有限公司,天津·东丽·金桥,1-1.3万,3-5年,本科
算法工程师（大模型、机器学习/深度学习、Python）,软通动力信息技术(集团)股份有限公司,西安·长安·王寺,1.1-1.4万,3-5年,本科
算法工程师（大模型、机器学习/深度学习、Python）,软通动力信息技术(集团)股份有限公司,西安·长安·王寺,1.1-1.4万,3-5年,本科
python开发（雨润大街）,江苏信畅信息技术有限公司,南京·建邺·沙洲,1.1-1.2万,5-10年,本科
python开发（雨润大街）,江苏信畅信息技术有限公司,南京·建邺·沙洲,1.1-1.2万,5-10年,本科
python开发（雨润大街）,江苏信畅信息技术有限公司,南京·建邺·沙洲,1.1-1.2万,5-10年,本科
python开发（雨润大街）,江苏信畅信息技术有限公司,南京·建邺·沙洲,1.1-1.2万,5-10年,本科
Python实习生,河南锐伴传媒科技有限公司,济源市,5000-9000元·13薪,经验不限,学历不限
Python实习生,河南锐伴传媒科技有限公司,济源市,5000-9000元·13薪,经验不限,学历不限
算法工程师（大模型、机器学习/深度学习、Python）,软通动力信息技术(集团)股份有限公司,深圳·龙岗·坂田,1.2-1.6万,3-5年,本科
算法工程师（大模型、机器学习/深度学习、Python）,软通动力信息技术(集团)股份有限公司,深圳·龙岗·坂田,1.2-1.6万,3-5年,本科
Python开发工程师,山东易构软件技术股份有限公司,济南·历下·舜华路,6000-9000元·13薪,无经验,本科
Python开发工程师,山东易构软件技术股份有限公司,济南·历下·舜华路,6000-9000元·13薪,无经验,本科
python开发工程师,上海微创软件股份有限公司,广州·天河·新塘,1.5-2万,3-5年,大专
python开发工程师,上海微创软件股份有限公司,广州·天河·新塘,1.5-2万,3-5年,大专
人工智能python,鑫锡软件(朝阳)有限公司,北京·海淀,1.5-1.6万,1-3年,本科
人工智能python,鑫锡软件(朝阳)有限公司,北京·海淀,1.5-1.6万,1-3年,本科
python后端开发工程师,郑州维堃汽车科技有限公司,三门峡·湖滨区·河南三门峡经济开发区,7000-9000元,经验不限,大专
python后端开发工程师,郑州维堃汽车科技有限公司,三门峡·湖滨区·河南三门峡经济开发区,7000-9000元,经验不限,大专
上海智能汽车车载测试（懂python）,软通动力信息技术(集团)股份有限公司,上海·浦东·曹路,1-1.5万,3-5年,本科
上海智能汽车车载测试（懂python）,软通动力信息技术(集团)股份有限公司,上海·浦东·曹路,1-1.5万,3-5年,本科
人工智能Python开发工程师,鑫锡软件(朝阳)有限公司,北京·海淀·中关村,1-1.5万,1-3年,本科
人工智能Python开发工程师,鑫锡软件(朝阳)有限公司,北京·海淀·中关村,1-1.5万,1-3年,本科
Java/C/C++/Python/Go开发工程师,郑州煦秋信息科技有限公司,洛阳·偃师,6000-9000元·13薪,经验不限,本科
Java/C/C++/Python/Go开发工程师,郑州煦秋信息科技有限公司,洛阳·偃师,6000-9000元·13薪,经验不限,本科
python后端开发工程师,郑州维堃汽车科技有限公司,濮阳·华龙区·黄河路街道,7000-9000元,经验不限,大专
python后端开发工程师,郑州维堃汽车科技有限公司,濮阳·华龙区·黄河路街道,7000-9000元,经验不限,大专
python工程师（爬虫）,宁波渠成集团有限公司,宁波·鄞州·首南,1-1.5万,1-3年,本科
python工程师（爬虫）,宁波渠成集团有限公司,宁波·鄞州·首南,1-1.5万,1-3年,本科
python爬虫工程师+大平台+双休,安徽百得思维信息科技有限公司,合肥·蜀山·高新区,1-1.4万,1年以下,大专
python爬虫工程师+大平台+双休,安徽百得思维信息科技有限公司,合肥·蜀山·高新区,1-1.4万,1年以下,大专
Python开发工程师,浙江鸿巨货运代理有限公司,南昌·南昌县·昌东,5000-8000元,经验不限,本科
Python开发工程师,浙江鸿巨货运代理有限公司,南昌·南昌县·昌东,5000-8000元,经验不限,本科
python爬虫工程师,武汉市昌盛通信息有限公司,武汉·洪山·关山,6000-10000元,1年以下,本科
python爬虫工程师,武汉市昌盛通信息有限公司,武汉·洪山·关山,6000-10000元,1年以下,本科
数字化工程师（Python方向）,SGS,宁波·高新区·梅墟,9000-12000元,1-3年,本科
数字化工程师（Python方向）,SGS,宁波·高新区·梅墟,9000-12000元,1-3年,本科
Python 爬虫工程师,陕西奥达万仕科技有限公司,西安·雁塔·丈八沟,7000-10000元,1-3年,本科
Python 爬虫工程师,陕西奥达万仕科技有限公司,西安·雁塔·丈八沟,7000-10000元,1-3年,本科
软件开发/测试/算法 java、c/c++、python、js（可接24/25应届无经验）,华为技术有限公司,东莞·大朗镇,1.5-3万·14薪,经验不限,本科
软件开发/测试/算法 java、c/c++、python、js（可接24/25应届无经验）,华为技术有限公司,东莞·大朗镇,1.5-3万·14薪,经验不限,本科
Planning and Forecasting Python Developer,汇丰环球,佛山·南海·桂城,1.5-2.8万,经验不限,本科
Planning and Forecasting Python Developer,汇丰环球,佛山·南海·桂城,1.5-2.8万,经验不限,本科
python爬虫工程师+rpa+ai,济南聚财跨境电子商务有限公司,济南·历下·姚家,1-1.5万,3-5年,大专
python爬虫工程师+rpa+ai,济南聚财跨境电子商务有限公司,济南·历下·姚家,1-1.5万,3-5年,大专
python软件工程师,云南全佰科技有限公司,昆明·盘龙·联盟,6000-12000元,1-3年,学历不限
python软件工程师,云南全佰科技有限公司,昆明·盘龙·联盟,6000-12000元,1-3年,学历不限
python软件工程师,云南全佰科技有限公司,昆明·盘龙·联盟,6000-12000元,1-3年,学历不限
python软件工程师,云南全佰科技有限公司,昆明·盘龙·联盟,6000-12000元,1-3年,学历不限
Python一周休两天一周休两天,河北谱飞科特人力资源服务有限公司,长春·九台·南岭,1-1.2万·13薪,经验不限,高中
Python一周休两天一周休两天,河北谱飞科特人力资源服务有限公司,长春·九台·南岭,1-1.2万·13薪,经验不限,高中
python脚本开发工程师 (制造业）,深圳中科四合科技有限公司,厦门·海沧·海沧,7000-14000元,3-5年,本科
python脚本开发工程师 (制造业）,深圳中科四合科技有限公司,厦门·海沧·海沧,7000-14000元,3-5年,本科
python爬虫助理工程师,安徽雅云晖智能科技有限公司,合肥·庐阳,5000-6000元,经验不限,本科
python爬虫助理工程师,安徽雅云晖智能科技有限公司,合肥·庐阳,5000-6000元,经验不限,本科
python开发工程师,甘肃睿阳科技有限公司,平凉·崆峒区,4000-8000元,1-3年,本科
python开发工程师,甘肃睿阳科技有限公司,平凉·崆峒区,4000-8000元,1-3年,本科
Planning and Forecasting Python Developer,汇丰环球,广州·越秀·六榕,1.5-2.8万,经验不限,本科
Planning and Forecasting Python Developer,汇丰环球,广州·越秀·六榕,1.5-2.8万,经验不限,本科
Python开发工程师,捷佳润科技集团股份有限公司,南宁·西乡塘·安宁,9000-15000元,1-3年,本科
Python开发工程师,捷佳润科技集团股份有限公司,南宁·西乡塘·安宁,9000-15000元,1-3年,本科
python技术开发工程师,山西中博新创科技有限公司,太原·小店·平阳路,4000-6000元,1-3年,本科
python技术开发工程师,山西中博新创科技有限公司,太原·小店·平阳路,4000-6000元,1-3年,本科
python开发,外企德科,北京·朝阳·望京,1-1.4万,1-3年,本科
python开发,外企德科,北京·朝阳·望京,1-1.4万,1-3年,本科
软件工程师（Java/python/JS/C++）,外企德科数字技术有限公司,上海·青浦·金泽,1.5-3万·14薪,经验不限,本科
软件工程师（Java/python/JS/C++）,外企德科数字技术有限公司,上海·青浦·金泽,1.5-3万·14薪,经验不限,本科
python后端开发工程师,河北数微信息技术有限公司,秦皇岛·抚宁区·榆关镇,5000-10000元,3-5年,本科
python后端开发工程师,河北数微信息技术有限公司,秦皇岛·抚宁区·榆关镇,5000-10000元,3-5年,本科
通信自动化测试（python、路由器、通信网络,瞬联软件科技(北京)有限公司,上海·徐汇·虹梅路,1.6-2.3万·13薪,3-5年,大专
通信自动化测试（python、路由器、通信网络,瞬联软件科技(北京)有限公司,上海·徐汇·虹梅路,1.6-2.3万·13薪,3-5年,大专
Python开发（大厂外包）,外企德科数字技术有限公司,深圳·龙岗·坂田,1.2-1.9万,3-5年,本科
Python开发（大厂外包）,外企德科数字技术有限公司,深圳·龙岗·坂田,1.2-1.9万,3-5年,本科
Python开发工程师,河南九御博电电气工程有限公司,郑州·金水·兴达路,8000-16000元,经验不限,大专
Python开发工程师,河南九御博电电气工程有限公司,郑州·金水·兴达路,8000-16000元,经验不限,大专
python后端开发工程师,天津蔓成科技有限公司,天津·东丽·华明,1-1.8万,1-3年,本科
python后端开发工程师,天津蔓成科技有限公司,天津·东丽·华明,1-1.8万,1-3年,本科
Java/C/C++/Python/前端/测试（接受应届）,外企德科数字技术有限公司,长沙·开福·月湖,1.5-3万·14薪,经验不限,本科
Java/C/C++/Python/前端/测试（接受应届）,外企德科数字技术有限公司,长沙·开福·月湖,1.5-3万·14薪,经验不限,本科
python后端开发工程师（人工智能方向）,上海翼多翼得健康科技有限公司,上海·普陀·长征,1.5-3万,3-5年,本科
python后端开发工程师（人工智能方向）,上海翼多翼得健康科技有限公司,上海·普陀·长征,1.5-3万,3-5年,本科
Python工程师,外企德科,上海·浦东·金桥,1.7-2.6万·14薪,1-3年,本科
Python工程师,外企德科,上海·浦东·金桥,1.7-2.6万·14薪,1-3年,本科
软件岗（Java/Python/C/C++/软测/嵌入式等）,外企德科数字技术有限公司,杭州·滨江·长河,1.3-2.6万·14薪,经验不限,本科
软件岗（Java/Python/C/C++/软测/嵌入式等）,外企德科数字技术有限公司,杭州·滨江·长河,1.3-2.6万·14薪,经验不限,本科
Python实习生,深圳市智胜益辉科技有限公司,深圳·龙岗·坂田,6000-10000元·13薪,经验不限,本科
Python实习生,深圳市智胜益辉科技有限公司,深圳·龙岗·坂田,6000-10000元·13薪,经验不限,本科
python/c++少儿编程老师,郑州市中原区比创科技培训有限公司,郑州·金水·文化路,5000-10000元,经验不限,大专
python/c++少儿编程老师,郑州市中原区比创科技培训有限公司,郑州·金水·文化路,5000-10000元,经验不限,大专
python/c++少儿编程老师,郑州市中原区比创科技培训有限公司,郑州·金水·文化路,5000-10000元,经验不限,大专
python/c++少儿编程老师,郑州市中原区比创科技培训有限公司,郑州·金水·文化路,5000-10000元,经验不限,大专
软件岗（Java/Python/C/C++/软测/嵌入式等）,外企德科数字技术有限公司,武汉·江夏·豹澥,1.4-2.8万·14薪,经验不限,本科
软件岗（Java/Python/C/C++/软测/嵌入式等）,外企德科数字技术有限公司,武汉·江夏·豹澥,1.4-2.8万·14薪,经验不限,本科
Python算法工程师,中国人民解放军军事科学院战争研究院,北京·海淀,1.3-2.6万·13薪,经验不限,硕士
Python算法工程师,中国人民解放军军事科学院战争研究院,北京·海淀,1.3-2.6万·13薪,经验不限,硕士
后端开发工程师（Java/Python）,北京鑫质世纪科技股份有限公司,北京·东城·和平里,1-2万,3-5年,本科
后端开发工程师（Java/Python）,北京鑫质世纪科技股份有限公司,北京·东城·和平里,1-2万,3-5年,本科
软件研发工程师（有Java、C、C++、Python、go、JS等）,外企德科数字技术有限公司,南京·雨花台·雨花,1.2-2.4万·14薪,经验不限,本科
软件研发工程师（有Java、C、C++、Python、go、JS等）,外企德科数字技术有限公司,南京·雨花台·雨花,1.2-2.4万·14薪,经验不限,本科
爬虫Python开发工程师,美通社,北京·朝阳·建外,9000-14000元,经验不限,本科
爬虫Python开发工程师,美通社,北京·朝阳·建外,9000-14000元,经验不限,本科
Python开发工程师,上海洛书投资管理有限公司,上海·浦东·花木,2-4万,3-5年,学历不限
Python开发工程师,上海洛书投资管理有限公司,上海·浦东·花木,2-4万,3-5年,学历不限
Java/JS/Python/算法/C/C++工程师,外企德科数字技术有限公司,东莞·大朗镇,1.2-2.4万·14薪,经验不限,本科
Java/JS/Python/算法/C/C++工程师,外企德科数字技术有限公司,东莞·大朗镇,1.2-2.4万·14薪,经验不限,本科
算法工程师（大模型、机器学习/深度学习、Python）,弘庚咨询有限公司,济南·历下·姚家,1.5-2万,3-5年,本科
算法工程师（大模型、机器学习/深度学习、Python）,弘庚咨询有限公司,济南·历下·姚家,1.5-2万,3-5年,本科
python后端开发工程师+远程办公,九江京聘人力资源服务有限公司,北京·昌平,6000-10000元,1-3年,大专
python后端开发工程师+远程办公,九江京聘人力资源服务有限公司,北京·昌平,6000-10000元,1-3年,大专
软件研发工程师（有Java、C、C++、Python、go、JS等）,外企德科数字技术有限公司,武汉·江夏·豹澥,1.2-2.4万·14薪,经验不限,本科
软件研发工程师（有Java、C、C++、Python、go、JS等）,外企德科数字技术有限公司,武汉·江夏·豹澥,1.2-2.4万·14薪,经验不限,本科
Python开发,深圳市法本信息技术股份有限公司,北京·昌平·史各庄,1.4-1.6万,3-5年,本科
Python开发,深圳市法本信息技术股份有限公司,北京·昌平·史各庄,1.4-1.6万,3-5年,本科
python后端开发工程师,郑州橙淼汽车科技有限公司,漯河·源汇区·马路街街道,8000-10000元,经验不限,大专
python后端开发工程师,郑州橙淼汽车科技有限公司,漯河·源汇区·马路街街道,8000-10000元,经验不限,大专
Java/C/C++/Python/JS 软件开发（多部门推荐）,外企德科数字技术有限公司,武汉·江夏·豹澥,1.5-3万·14薪,经验不限,本科
Java/C/C++/Python/JS 软件开发（多部门推荐）,外企德科数字技术有限公司,武汉·江夏·豹澥,1.5-3万·14薪,经验不限,本科
python后端开发工程师,郑州由塔汽车科技有限公司,信阳·浉河区·民权街道,7000-9000元,经验不限,大专
python后端开发工程师,郑州由塔汽车科技有限公司,信阳·浉河区·民权街道,7000-9000元,经验不限,大专
python软件工程师,株式会社GSD,日本,1.4-2.8万,1-3年,大专
python软件工程师,株式会社GSD,日本,1.4-2.8万,1-3年,大专
软件开发工程师(Java/C/C++/Python/Js),外企德科数字技术有限公司,深圳·龙岗·坂田,1.5-3万,经验不限,本科
软件开发工程师(Java/C/C++/Python/Js),外企德科数字技术有限公司,深圳·龙岗·坂田,1.5-3万,经验不限,本科
python老师,保定市莲池区夸克科技培训学校有限公司,保定·莲池·韩庄,5000-8000元,经验不限,本科
python老师,保定市莲池区夸克科技培训学校有限公司,保定·莲池·韩庄,5000-8000元,经验不限,本科
FineReport工程师（Python）,北京京仪自动化装备技术股份有限公司,芜湖·鸠江区·沈巷镇,1-1.5万·13薪,1-3年,本科
FineReport工程师（Python）,北京京仪自动化装备技术股份有限公司,芜湖·鸠江区·沈巷镇,1-1.5万·13薪,1-3年,本科
数据架构师（供应链数据架构师-python开发）,外企德科数字技术有限公司,东莞·大朗镇,7000-13000元,经验不限,本科
数据架构师（供应链数据架构师-python开发）,外企德科数字技术有限公司,东莞·大朗镇,7000-13000元,经验不限,本科
python爬虫工程师,河南乐享微生活贸易有限公司,郑州·金水·祭城路,6000-8000元,1-3年,大专
python爬虫工程师,河南乐享微生活贸易有限公司,郑州·金水·祭城路,6000-8000元,1-3年,大专
python爬虫工程师,河南乐享微生活贸易有限公司,郑州·金水·祭城路,6000-8000元,1-3年,大专
python爬虫工程师,河南乐享微生活贸易有限公司,郑州·金水·祭城路,6000-8000元,1-3年,大专
python爬虫工程师,成都图巧科技有限公司,成都·武侯·桂溪,5000-8000元,1-3年,大专
python爬虫工程师,成都图巧科技有限公司,成都·武侯·桂溪,5000-8000元,1-3年,大专
C++/python/Java/C/C# 五险一金、年终奖,外企德科数字技术有限公司,武汉·江夏·豹澥,1.5-3万·16薪,1-3年,本科
C++/python/Java/C/C# 五险一金、年终奖,外企德科数字技术有限公司,武汉·江夏·豹澥,1.5-3万·16薪,1-3年,本科
python开发工程师,立信会计师事务所(特殊普通合伙)北京分所,北京·朝阳·亚运村,8000-9000元,1-3年,本科
python开发工程师,立信会计师事务所(特殊普通合伙)北京分所,北京·朝阳·亚运村,8000-9000元,1-3年,本科
python爬虫工程师,成都图巧科技有限公司,成都·武侯·桂溪,5000-8000元·13薪,1-3年,大专
python爬虫工程师,成都图巧科技有限公司,成都·武侯·桂溪,5000-8000元·13薪,1-3年,大专
C/C++、Java、Scala、Python、go，JS/前端/测试等,外企德科数字技术有限公司,西安·雁塔·漳浒寨,1.2-2万·14薪,经验不限,本科
C/C++、Java、Scala、Python、go，JS/前端/测试等,外企德科数字技术有限公司,西安·雁塔·漳浒寨,1.2-2万·14薪,经验不限,本科
python / java工程师,软通动力信息技术(集团)股份有限公司,苏州·工业园区,1-1.5万,1-3年,本科
python / java工程师,软通动力信息技术(集团)股份有限公司,苏州·工业园区,1-1.5万,1-3年,本科
python后端开发工程师,宁德岭阳电子科技有限公司,宁德·福安市·城阳镇,6000-9000元·14薪,1-3年,大专
python后端开发工程师,宁德岭阳电子科技有限公司,宁德·福安市·城阳镇,6000-9000元·14薪,1-3年,大专
python后端开发工程师,外企德科数字技术有限公司,杭州·滨江·长河,1.7-2.2万,1-3年,本科
python后端开发工程师,外企德科数字技术有限公司,杭州·滨江·长河,1.7-2.2万,1-3年,本科
python / java工程师,软通动力信息技术(集团)股份有限公司,上海·浦东·金桥,1-1.5万,1-3年,本科
python / java工程师,软通动力信息技术(集团)股份有限公司,上海·浦东·金桥,1-1.5万,1-3年,本科
python数据分析师,山东云图易购电子商务有限公司,潍坊·奎文·清池,5000-7000元,3-5年,本科
python数据分析师,山东云图易购电子商务有限公司,潍坊·奎文·清池,5000-7000元,3-5年,本科
Java/C/C++/Python/软测前端,外企德科数字技术有限公司,武汉·江夏·豹澥,1.5-3万·14薪,经验不限,本科
Java/C/C++/Python/软测前端,外企德科数字技术有限公司,武汉·江夏·豹澥,1.5-3万·14薪,经验不限,本科
python爬虫工程师,软通动力信息技术(集团)股份有限公司,西安·雁塔·漳浒寨,9000-14000元,经验不限,本科
python爬虫工程师,软通动力信息技术(集团)股份有限公司,西安·雁塔·漳浒寨,9000-14000元,经验不限,本科
Python算法工程师,合邦电力科技有限公司,太原·小店·平阳路,1-1.3万,1-3年,硕士
Python算法工程师,合邦电力科技有限公司,太原·小店·平阳路,1-1.3万,1-3年,硕士
软件研发工程师（有Java、C、C++、Python、go、JS等）,外企德科数字技术有限公司,东莞·大朗镇,1.2-2.4万·14薪,经验不限,本科
软件研发工程师（有Java、C、C++、Python、go、JS等）,外企德科数字技术有限公司,东莞·大朗镇,1.2-2.4万·14薪,经验不限,本科
java/大数据/python技术工程师 技术讲师,合肥宝德网络技术有限公司江西分公司,南昌·南昌县·莲塘,7000-13000元,3-5年,本科
java/大数据/python技术工程师 技术讲师,合肥宝德网络技术有限公司江西分公司,南昌·南昌县·莲塘,7000-13000元,3-5年,本科
python工程师,滨沅国科(秦皇岛)智能科技股份有限公司,秦皇岛·北戴河区·戴河镇,5000-10000元·13薪,1-3年,本科
python工程师,滨沅国科(秦皇岛)智能科技股份有限公司,秦皇岛·北戴河区·戴河镇,5000-10000元·13薪,1-3年,本科
软件工程师c/c++/python/java+双休,外企德科数字技术有限公司,武汉·江夏·豹澥,2.2-2.3万·16薪,经验不限,本科
软件工程师c/c++/python/java+双休,外企德科数字技术有限公司,武汉·江夏·豹澥,2.2-2.3万·16薪,经验不限,本科
python爬虫工程师,青岛格兰德信用管理咨询有限公司,青岛·市南·金门路,7000-12000元,经验不限,本科
python爬虫工程师,青岛格兰德信用管理咨询有限公司,青岛·市南·金门路,7000-12000元,经验不限,本科
python开发工程师,合邦电力科技有限公司,晋中·榆次区·晋中经济开发区,6000-9000元,3-5年,本科
python开发工程师,合邦电力科技有限公司,晋中·榆次区·晋中经济开发区,6000-9000元,3-5年,本科
JAVA/ Python/C/C++/GO/数据开发,外企德科数字技术有限公司,武汉·江夏·豹澥,1.8-3万,经验不限,本科
JAVA/ Python/C/C++/GO/数据开发,外企德科数字技术有限公司,武汉·江夏·豹澥,1.8-3万,经验不限,本科
JAVA/ Python/C/C++/GO/数据开发,外企德科数字技术有限公司,武汉·江夏·豹澥,1.8-3万,经验不限,本科
JAVA/ Python/C/C++/GO/数据开发,外企德科数字技术有限公司,武汉·江夏·豹澥,1.8-3万,经验不限,本科
Python工程师,徽通科技集团有限公司,广州·天河·冼村,1-1.1万·13薪,经验不限,本科
Python工程师,徽通科技集团有限公司,广州·天河·冼村,1-1.1万·13薪,经验不限,本科
python开发工程师,福建拓尔通软件有限公司,福州·闽侯·荆溪,7000-12000元·14薪,1-3年,本科
python开发工程师,福建拓尔通软件有限公司,福州·闽侯·荆溪,7000-12000元·14薪,1-3年,本科
java/Python/C/C++/JS/AI算法/软件测试,外企德科数字技术有限公司,济南·历下·龙洞,2-4万·14薪,经验不限,本科
java/Python/C/C++/JS/AI算法/软件测试,外企德科数字技术有限公司,济南·历下·龙洞,2-4万·14薪,经验不限,本科
python爬虫工程师,软通动力信息技术(集团)股份有限公司,广州·天河·新塘,1-1.5万,3-5年,大专
python爬虫工程师,软通动力信息技术(集团)股份有限公司,广州·天河·新塘,1-1.5万,3-5年,大专
python软件工程师,江苏道众能源科技有限公司,连云港·海州区·新东街道,8000-10000元,3-5年,大专
python软件工程师,江苏道众能源科技有限公司,连云港·海州区·新东街道,8000-10000元,3-5年,大专
软件开发（多语言 Java Python C/C++js等测试,外企德科数字技术有限公司,上海·青浦·金泽,1.2-2.4万,经验不限,本科
软件开发（多语言 Java Python C/C++js等测试,外企德科数字技术有限公司,上海·青浦·金泽,1.2-2.4万,经验不限,本科
python自动化脚本开发,杭州星溢科技有限公司,杭州·滨江·长河,1-1.2万,1-3年,本科
python自动化脚本开发,杭州星溢科技有限公司,杭州·滨江·长河,1-1.2万,1-3年,本科
python初级开发,山东艾坦迪数智科技有限公司,烟台·蓬莱·登州,4000-6000元,1-3年,本科
python初级开发,山东艾坦迪数智科技有限公司,烟台·蓬莱·登州,4000-6000元,1-3年,本科
python后端开发工程师,外企德科数字技术有限公司,上海·浦东·金桥,1.2-2.4万,经验不限,本科
python后端开发工程师,外企德科数字技术有限公司,上海·浦东·金桥,1.2-2.4万,经验不限,本科
python逆向爬虫工程师,德科信息有限公司,深圳·南山·粤海,1.3-1.7万,3-5年,大专
python逆向爬虫工程师,德科信息有限公司,深圳·南山·粤海,1.3-1.7万,3-5年,大专
python软件工程师,南通恒康数控机械股份有限公司,南通·如皋·丁堰,8000-15000元·13薪,3-5年,本科
python软件工程师,南通恒康数控机械股份有限公司,南通·如皋·丁堰,8000-15000元·13薪,3-5年,本科
软件开发（多语言 Java Python C/C++js等测试,外企德科数字技术有限公司,苏州·工业园区,1.2-2.4万,经验不限,本科
软件开发（多语言 Java Python C/C++js等测试,外企德科数字技术有限公司,苏州·工业园区,1.2-2.4万,经验不限,本科
python软件工程师,中工创智信息科技(江苏)有限公司,徐州·泉山区·泰山街道,8000-10000元,1-3年,大专
python软件工程师,中工创智信息科技(江苏)有限公司,徐州·泉山区·泰山街道,8000-10000元,1-3年,大专
python爬虫策略 五险一金 周末双休,深圳市法本信息技术股份有限公司,杭州·余杭·五常,1-1.2万,1-3年,本科
python爬虫策略 五险一金 周末双休,深圳市法本信息技术股份有限公司,杭州·余杭·五常,1-1.2万,1-3年,本科
软件开发（多语言 Java Python C/C++js等测试,外企德科数字技术有限公司,西安·雁塔·漳浒寨,1.2-2.4万,经验不限,本科
软件开发（多语言 Java Python C/C++js等测试,外企德科数字技术有限公司,西安·雁塔·漳浒寨,1.2-2.4万,经验不限,本科
急聘 python自动化测试+线上面试,软通动力信息技术(集团)股份有限公司,东莞·大朗镇,9000-17000元,1-3年,本科
急聘 python自动化测试+线上面试,软通动力信息技术(集团)股份有限公司,东莞·大朗镇,9000-17000元,1-3年,本科
Python/RPA开发工程师（工作地：福州市）,北京法意科技有限公司,福州·闽侯·荆溪,1.5-2万,3-5年,本科
Python/RPA开发工程师（工作地：福州市）,北京法意科技有限公司,福州·闽侯·荆溪,1.5-2万,3-5年,本科
软件开发（多语言 Java Python C/C++js等测试,外企德科数字技术有限公司,苏州·工业园区,1.2-2.4万,经验不限,本科
软件开发（多语言 Java Python C/C++js等测试,外企德科数字技术有限公司,苏州·工业园区,1.2-2.4万,经验不限,本科
"后端（python）-Django,Flask",软通动力信息技术(集团)股份有限公司,芜湖·鸠江区·芜湖经济技术开发区,1-1.1万,3-5年,本科
"后端（python）-Django,Flask",软通动力信息技术(集团)股份有限公司,芜湖·鸠江区·芜湖经济技术开发区,1-1.1万,3-5年,本科
python开发工程师,合邦电力科技有限公司,太原·小店·平阳路,6000-10000元,1-3年,本科
python开发工程师,合邦电力科技有限公司,太原·小店·平阳路,6000-10000元,1-3年,本科
python开发工程师,合邦电力科技有限公司,太原·小店·平阳路,6000-10000元,1-3年,本科
python开发工程师,合邦电力科技有限公司,太原·小店·平阳路,6000-10000元,1-3年,本科
JAVA/ Python/C/C++/Go/测试-智能汽车解决方案BU,外企德科数字技术有限公司,苏州·工业园区,1.5-3万·14薪,经验不限,本科
JAVA/ Python/C/C++/Go/测试-智能汽车解决方案BU,外企德科数字技术有限公司,苏州·工业园区,1.5-3万·14薪,经验不限,本科
东京招聘数据工程师/数据分析师（日语N2+）Python/SQL/云,株式会社GSD,日本,1.4-2.8万,经验不限,本科
东京招聘数据工程师/数据分析师（日语N2+）Python/SQL/云,株式会社GSD,日本,1.4-2.8万,经验不限,本科
ERP开发工程师（Java / Python / Golang /全栈）,青岛乐达信息产业发展有限公司,青岛·市北·海伦路,1.5-2万,3-5年,本科
ERP开发工程师（Java / Python / Golang /全栈）,青岛乐达信息产业发展有限公司,青岛·市北·海伦路,1.5-2万,3-5年,本科
Java/C/C++/python/测试工程师，岗位多,外企德科数字技术有限公司,上海·青浦·金泽,1.3-2.6万·14薪,无经验,本科
Java/C/C++/python/测试工程师，岗位多,外企德科数字技术有限公司,上海·青浦·金泽,1.3-2.6万·14薪,无经验,本科
Python开发,昆明信飞科技有限公司,昆明·盘龙·东华,9000-13000元,1-3年,本科
Python开发,昆明信飞科技有限公司,昆明·盘龙·东华,9000-13000元,1-3年,本科
python爬虫工程师,海天工程咨询有限公司,郑州·金水·祭城路,8000-10000元,1-3年,本科
python爬虫工程师,海天工程咨询有限公司,郑州·金水·祭城路,8000-10000元,1-3年,本科
JAVA/ Python/C/C++/GO/数据开发,外企德科数字技术有限公司,南京·雨花台·雨花,1.7-3万,经验不限,本科
JAVA/ Python/C/C++/GO/数据开发,外企德科数字技术有限公司,南京·雨花台·雨花,1.7-3万,经验不限,本科
python开发工程师,山西中维信息工程股份有限公司,太原·小店·平阳路,5000-8000元,3-5年,本科
python开发工程师,山西中维信息工程股份有限公司,太原·小店·平阳路,5000-8000元,3-5年,本科
python开发,美的集团,佛山·顺德·北滘,1.4-1.6万,5-10年,本科
python开发,美的集团,佛山·顺德·北滘,1.4-1.6万,5-10年,本科
JAVA/ Python/C/C++/GO/数据开发/测试,外企德科数字技术有限公司,成都·郫都·合作街道,1.5-3万·14薪,无经验,本科
JAVA/ Python/C/C++/GO/数据开发/测试,外企德科数字技术有限公司,成都·郫都·合作街道,1.5-3万·14薪,无经验,本科
python全栈工程师（AI 产品方向）,哈尔滨联德信息技术有限公司,哈尔滨·南岗·奋斗路,8000-16000元,3-5年,本科
python全栈工程师（AI 产品方向）,哈尔滨联德信息技术有限公司,哈尔滨·南岗·奋斗路,8000-16000元,3-5年,本科
python开发工程师,福州达砾森贸易有限公司,福州·仓山·金山,8000-15000元·13薪,经验不限,本科
python开发工程师,福州达砾森贸易有限公司,福州·仓山·金山,8000-15000元·13薪,经验不限,本科
JAVA/C/C++/Python/go/web开发工程师 全国岗14薪，全额社保公积金 应届生/考研/考公失败可投,外企德科数字技术有限公司,深圳·龙岗·坂田,1.5-3万·14薪,经验不限,本科
JAVA/C/C++/Python/go/web开发工程师 全国岗14薪，全额社保公积金 应届生/考研/考公失败可投,外企德科数字技术有限公司,深圳·龙岗·坂田,1.5-3万·14薪,经验不限,本科
图像处理算法工程师python,矿泰智能科技有限公司,邯郸·丛台区·光明桥街道,6000-12000元,1-3年,本科
图像处理算法工程师python,矿泰智能科技有限公司,邯郸·丛台区·光明桥街道,6000-12000元,1-3年,本科
python后端开发工程师,北京海天起点技术服务股份有限公司,株洲·荷塘区·月塘街道,1.2-1.5万,3-5年,本科
python后端开发工程师,北京海天起点技术服务股份有限公司,株洲·荷塘区·月塘街道,1.2-1.5万,3-5年,本科
软件通用岗位/接受应届考研考公失败 java/python/C++/测试/C/GO/大数据开发,外企德科数字技术有限公司,上海·浦东·金桥,1.5-3万·14薪,经验不限,本科
软件通用岗位/接受应届考研考公失败 java/python/C++/测试/C/GO/大数据开发,外企德科数字技术有限公司,上海·浦东·金桥,1.5-3万·14薪,经验不限,本科
python开发工程师,中通信息服务有限公司,佛山·南海·大沥,5000-6000元,1-3年,本科
python开发工程师,中通信息服务有限公司,佛山·南海·大沥,5000-6000元,1-3年,本科
爬虫Python开发工程师,美通社,天津·和平·劝业场,9000-14000元,经验不限,本科
爬虫Python开发工程师,美通社,天津·和平·劝业场,9000-14000元,经验不限,本科
JAVA/C/C++/Python/go/web开发工程师 全国岗14薪，全额社保公积金 应届生/考研/考公失败可投,外企德科数字技术有限公司,苏州·虎丘,1.5-3万·14薪,经验不限,本科
JAVA/C/C++/Python/go/web开发工程师 全国岗14薪，全额社保公积金 应届生/考研/考公失败可投,外企德科数字技术有限公司,苏州·虎丘,1.5-3万·14薪,经验不限,本科
Python开发工程师,中煤集团,济宁·任城区·接庄街道,8000-13000元,3-5年,本科
Python开发工程师,中煤集团,济宁·任城区·接庄街道,8000-13000元,3-5年,本科
Python开发工程师,中煤集团,济宁·任城区·接庄街道,8000-13000元,3-5年,本科
Python开发工程师,中煤集团,济宁·任城区·接庄街道,8000-13000元,3-5年,本科
python自动化测试工程师,安徽数启信息技术有限公司,合肥·蜀山·高新区,6000-9000元·13薪,无经验,本科
python自动化测试工程师,安徽数启信息技术有限公司,合肥·蜀山·高新区,6000-9000元·13薪,无经验,本科
JAVA/C/C++/Python/go/web开发工程师 全国岗14薪，全额社保公积金 应届生/考研/考公失败可投,外企德科数字技术有限公司,武汉·江夏·豹澥,1.5-3万·14薪,经验不限,本科
JAVA/C/C++/Python/go/web开发工程师 全国岗14薪，全额社保公积金 应届生/考研/考公失败可投,外企德科数字技术有限公司,武汉·江夏·豹澥,1.5-3万·14薪,经验不限,本科
python开发工程师,扬州唐梦网络科技合伙企业(有限合伙),扬州·邗江区·蒋王街道,8000-10000元,1-3年,本科
python开发工程师,扬州唐梦网络科技合伙企业(有限合伙),扬州·邗江区·蒋王街道,8000-10000元,1-3年,本科
Python 算法容器化工程师（偏算法落地）,云谷数科(黑龙江)有限公司,哈尔滨·南岗·芦家,5000-8000元,3-5年,本科
Python 算法容器化工程师（偏算法落地）,云谷数科(黑龙江)有限公司,哈尔滨·南岗·芦家,5000-8000元,3-5年,本科
python/java/c/c++/测试/算法,外企德科数字技术有限公司,上海·浦东·金桥,1.5-3万·14薪,经验不限,本科
python/java/c/c++/测试/算法,外企德科数字技术有限公司,上海·浦东·金桥,1.5-3万·14薪,经验不限,本科
python/ai工程师,安徽佳洪健康科技股份有限公司,阜阳·临泉县·邢塘街道,4000-8000元,经验不限,大专
python/ai工程师,安徽佳洪健康科技股份有限公司,阜阳·临泉县·邢塘街道,4000-8000元,经验不限,大专
Python/RPA开发工程师,北京法意科技有限公司,北京·海淀·北太平庄,1.5-2.5万,3-5年,本科
Python/RPA开发工程师,北京法意科技有限公司,北京·海淀·北太平庄,1.5-2.5万,3-5年,本科
软件开发（多语言 Java Python C/C++js等测试）,外企德科数字技术有限公司,杭州·滨江·长河,1.2-2.4万,经验不限,本科
软件开发（多语言 Java Python C/C++js等测试）,外企德科数字技术有限公司,杭州·滨江·长河,1.2-2.4万,经验不限,本科
数据工程师（Python）,数行者(深圳)科技有限公司,深圳·福田·福田街道,1-1.3万,1-3年,本科
数据工程师（Python）,数行者(深圳)科技有限公司,深圳·福田·福田街道,1-1.3万,1-3年,本科
python后端开发工程师,武汉大章精工信息技术有限公司,武汉·洪山·卓刀泉,1-1.5万,5-10年,本科
python后端开发工程师,武汉大章精工信息技术有限公司,武汉·洪山·卓刀泉,1-1.5万,5-10年,本科
Java/C/C++/Python/JS 软件开发（多部门推荐）,外企德科数字技术有限公司,苏州·虎丘,1.6-3万·14薪,经验不限,本科
Java/C/C++/Python/JS 软件开发（多部门推荐）,外企德科数字技术有限公司,苏州·虎丘,1.6-3万·14薪,经验不限,本科
python全栈工程师,北京海迩西医疗科技有限公司,北京·东城·永定门外,2.5-4万,3-5年,博士
python全栈工程师,北京海迩西医疗科技有限公司,北京·东城·永定门外,2.5-4万,3-5年,博士
python开发（南京）,南京迈特望科技股份有限公司,南京·秦淮·朝天宫,1.5-2万,3-5年,本科
python开发（南京）,南京迈特望科技股份有限公司,南京·秦淮·朝天宫,1.5-2万,3-5年,本科
C/C#/C++/python/java/,外企德科数字技术有限公司,武汉·江夏·豹澥,1-2万,经验不限,本科
C/C#/C++/python/java/,外企德科数字技术有限公司,武汉·江夏·豹澥,1-2万,经验不限,本科
Python/C++编程实习老师,丹田集团,珠海·香洲区·狮山街道,3000-4000元,无经验,本科
Python/C++编程实习老师,丹田集团,珠海·香洲区·狮山街道,3000-4000元,无经验,本科
python,诚迈科技股份有限公司,青岛·崂山·中韩,1.6-2万,5-10年,本科
python,诚迈科技股份有限公司,青岛·崂山·中韩,1.6-2万,5-10年,本科
Java/Python/C/C++/数开/测试/算法/前端岗,外企德科数字技术有限公司,上海·浦东·金桥,1.5-3万·14薪,经验不限,本科
Java/Python/C/C++/数开/测试/算法/前端岗,外企德科数字技术有限公司,上海·浦东·金桥,1.5-3万·14薪,经验不限,本科
Python/C++编程老师,丹田集团,珠海·香洲区·狮山街道,6000-8000元,1-3年,本科
Python/C++编程老师,丹田集团,珠海·香洲区·狮山街道,6000-8000元,1-3年,本科
python后端开发（政府项目/远程面试/双休）,软通动力信息技术(集团)股份有限公司,广州·黄埔·萝岗,1.7-2.5万,1-3年,本科
python后端开发（政府项目/远程面试/双休）,软通动力信息技术(集团)股份有限公司,广州·黄埔·萝岗,1.7-2.5万,1-3年,本科
软件工程师c/c++/python/java+双休,外企德科数字技术有限公司,南京·雨花台·雨花,2.2-2.3万·16薪,经验不限,本科
软件工程师c/c++/python/java+双休,外企德科数字技术有限公司,南京·雨花台·雨花,2.2-2.3万·16薪,经验不限,本科
软件工程师c/c++/python/java+双休,外企德科数字技术有限公司,南京·雨花台·雨花,2.2-2.3万·16薪,经验不限,本科
软件工程师c/c++/python/java+双休,外企德科数字技术有限公司,南京·雨花台·雨花,2.2-2.3万·16薪,经验不限,本科
机器人编程教师（Python、C++）,丹田集团,珠海·香洲区·狮山街道,7000-10000元,1-3年,本科
机器人编程教师（Python、C++）,丹田集团,珠海·香洲区·狮山街道,7000-10000元,1-3年,本科
python开发工程师,煜邦数字科技(广东)有限公司深圳分公司,广州·海珠·琶洲,1-1.3万,3-5年,本科
python开发工程师,煜邦数字科技(广东)有限公司深圳分公司,广州·海珠·琶洲,1-1.3万,3-5年,本科
java、C/C++、python等个后端开发,外企德科数字技术有限公司,北京·海淀,1.6-3万·16薪,经验不限,本科
java、C/C++、python等个后端开发,外企德科数字技术有限公司,北京·海淀,1.6-3万·16薪,经验不限,本科
python自动化测试工程师,上海微创软件股份有限公司,深圳·南山·粤海,7000-9000元,1年以下,本科
python自动化测试工程师,上海微创软件股份有限公司,深圳·南山·粤海,7000-9000元,1年以下,本科
python开发师,首聘(北京)科技有限公司,西安·雁塔·漳浒寨,1-1.1万,1-3年,大专
python开发师,首聘(北京)科技有限公司,西安·雁塔·漳浒寨,1-1.1万,1-3年,大专
C/C++/Java/JS/Python软件开发【全国有岗】,外企德科数字技术有限公司,南昌·红谷滩·沙井,1.5-3万·14薪,经验不限,本科
C/C++/Java/JS/Python软件开发【全国有岗】,外企德科数字技术有限公司,南昌·红谷滩·沙井,1.5-3万·14薪,经验不限,本科
python开发/30-40k/18薪,重庆百融睿达科技有限公司,北京·朝阳·望京,2.5-4万·18薪,3-5年,本科
python开发/30-40k/18薪,重庆百融睿达科技有限公司,北京·朝阳·望京,2.5-4万·18薪,3-5年,本科
Python工程师,辽宁北斗云数字科技有限公司,沈阳·和平·北市场,7000-10000元,1-3年,本科
Python工程师,辽宁北斗云数字科技有限公司,沈阳·和平·北市场,7000-10000元,1-3年,本科
JAVA/C/C++/Python/go/web开发工程师 全国岗14薪，全额社保公积金 应届生/考研/考公失败可投,外企德科数字技术有限公司,西安·雁塔·漳浒寨,1.5-3万·14薪,经验不限,本科
JAVA/C/C++/Python/go/web开发工程师 全国岗14薪，全额社保公积金 应届生/考研/考公失败可投,外企德科数字技术有限公司,西安·雁塔·漳浒寨,1.5-3万·14薪,经验不限,本科
Python测试,软通动力信息技术(集团)股份有限公司,成都·郫都·合作街道,8000-12000元,1-3年,本科
Python测试,软通动力信息技术(集团)股份有限公司,成都·郫都·合作街道,8000-12000元,1-3年,本科
python开发实习生,南京坦道信息科技有限公司,西安·雁塔·丈八沟,2000-4000元,无经验,本科
python开发实习生,南京坦道信息科技有限公司,西安·雁塔·丈八沟,2000-4000元,无经验,本科
Java/C/C++/python/JS/软件测试/大数据开发,外企德科数字技术有限公司,南京·雨花台·雨花,1.2-2.4万,经验不限,本科
Java/C/C++/python/JS/软件测试/大数据开发,外企德科数字技术有限公司,南京·雨花台·雨花,1.2-2.4万,经验不限,本科
python开发工程师,软通动力信息技术(集团)股份有限公司,深圳·龙岗·坂田,1-1.6万,3-5年,本科
python开发工程师,软通动力信息技术(集团)股份有限公司,深圳·龙岗·坂田,1-1.6万,3-5年,本科
Python开发,中软国际,重庆·渝北,面议,3-5年,大专
Python开发,中软国际,重庆·渝北,面议,3-5年,大专
java/c++/python后端开发/软件测试,外企德科数字技术有限公司,上海·青浦·金泽,1.5-3万·16薪,经验不限,本科
java/c++/python后端开发/软件测试,外企德科数字技术有限公司,上海·青浦·金泽,1.5-3万·16薪,经验不限,本科
Python程序员,青岛博弈资产管理有限公司,青岛·崂山·中韩,1.3-2万,5-10年,硕士
Python程序员,青岛博弈资产管理有限公司,青岛·崂山·中韩,1.3-2万,5-10年,硕士
python中级开发（国企+金融保险+微服务+一轮+一年）,广东善世企业服务集团有限公司,北京·东城·东四,1.5-1.6万,3-5年,本科
python中级开发（国企+金融保险+微服务+一轮+一年）,广东善世企业服务集团有限公司,北京·东城·东四,1.5-1.6万,3-5年,本科
软件开发（多语言 Java Python C/C++js等测试,外企德科数字技术有限公司,西安·雁塔·漳浒寨,1.2-2.4万,经验不限,本科
软件开发（多语言 Java Python C/C++js等测试,外企德科数字技术有限公司,西安·雁塔·漳浒寨,1.2-2.4万,经验不限,本科
PyQt（Python开发）,苏州英格玛服务外包股份有限公司,上海·浦东·张江,1-1.5万,1-3年,大专
PyQt（Python开发）,苏州英格玛服务外包股份有限公司,上海·浦东·张江,1-1.5万,1-3年,大专
H80592岗Python开发,武汉佰钧成技术有限责任公司,西安·雁塔·漳浒寨,8000-15000元,1-3年,本科
H80592岗Python开发,武汉佰钧成技术有限责任公司,西安·雁塔·漳浒寨,8000-15000元,1-3年,本科
H80592岗Python开发,武汉佰钧成技术有限责任公司,西安·雁塔·漳浒寨,8000-15000元,1-3年,本科
H80592岗Python开发,武汉佰钧成技术有限责任公司,西安·雁塔·漳浒寨,8000-15000元,1-3年,本科
C/C++/Java/Python/Go通用软件开发/测试,外企德科数字技术有限公司,北京·海淀,1.5-3万,经验不限,本科
C/C++/Java/Python/Go通用软件开发/测试,外企德科数字技术有限公司,北京·海淀,1.5-3万,经验不限,本科
python后端开发工程师,青岛博弈资产管理有限公司,青岛·崂山·中韩,1.3-1.6万,5-10年,本科
python后端开发工程师,青岛博弈资产管理有限公司,青岛·崂山·中韩,1.3-1.6万,5-10年,本科
高级python全栈工程师,北京恒久实验设备有限公司,北京·密云·十里堡,6000-12000元,1-3年,本科
高级python全栈工程师,北京恒久实验设备有限公司,北京·密云·十里堡,6000-12000元,1-3年,本科
软件开发（多语言 Java Python C/C++js等测试,外企德科数字技术有限公司,东莞·大朗镇,1.2-2.4万,经验不限,本科
软件开发（多语言 Java Python C/C++js等测试,外企德科数字技术有限公司,东莞·大朗镇,1.2-2.4万,经验不限,本科
python初级开发（国企）,广东善世企业服务集团有限公司,北京·东城·东四,1.1-1.2万,1-3年,本科
python初级开发（国企）,广东善世企业服务集团有限公司,北京·东城·东四,1.1-1.2万,1-3年,本科
python后端开发工程师（自研 非外包）,北京炽映万象科技有限公司,北京·朝阳,1.5-2万,3-5年,本科
python后端开发工程师（自研 非外包）,北京炽映万象科技有限公司,北京·朝阳,1.5-2万,3-5年,本科
JAVA/C++/C/Python 14薪双休 应届生可投,外企德科数字技术有限公司,深圳·福田·福田街道,1.5-3万,经验不限,本科
JAVA/C++/C/Python 14薪双休 应届生可投,外企德科数字技术有限公司,深圳·福田·福田街道,1.5-3万,经验不限,本科
Python量化程序员/程序化交易员,青岛博弈资产管理有限公司,青岛·崂山·中韩,1.1-2.2万,1-3年,本科
Python量化程序员/程序化交易员,青岛博弈资产管理有限公司,青岛·崂山·中韩,1.1-2.2万,1-3年,本科
高级python后端开发工程师,北京炽映万象科技有限公司,北京·朝阳,1.5-2万,3-5年,大专
高级python后端开发工程师,北京炽映万象科技有限公司,北京·朝阳,1.5-2万,3-5年,大专
java/c/python/测试 双休 高薪 五险一金,外企德科数字技术有限公司,长沙·岳麓·咸嘉湖,1.5-3万·14薪,经验不限,本科
java/c/python/测试 双休 高薪 五险一金,外企德科数字技术有限公司,长沙·岳麓·咸嘉湖,1.5-3万·14薪,经验不限,本科
Python开发工程师,软通动力信息技术(集团)股份有限公司,上海·浦东·金桥,1.8-2.2万,3-5年,本科
Python开发工程师,软通动力信息技术(集团)股份有限公司,上海·浦东·金桥,1.8-2.2万,3-5年,本科
python开发（现场面试 国企不卷）,北京青钱信息技术有限公司,上海·浦东·潍坊新村,1.1-1.7万,1-3年,大专
python开发（现场面试 国企不卷）,北京青钱信息技术有限公司,上海·浦东·潍坊新村,1.1-1.7万,1-3年,大专
Java/Python/C/C++/测试/算法/前端岗,外企德科数字技术有限公司,武汉·江夏·豹澥,1.2-2.4万·14薪,经验不限,本科
Java/Python/C/C++/测试/算法/前端岗,外企德科数字技术有限公司,武汉·江夏·豹澥,1.2-2.4万·14薪,经验不限,本科
python开发（有前端经验）,中软国际,西安·雁塔·杜城,面议,3-5年,本科
python开发（有前端经验）,中软国际,西安·雁塔·杜城,面议,3-5年,本科
Python开发工程师,软通动力信息技术(集团)股份有限公司,北京·朝阳·建外,2-2.3万,3-5年,本科
Python开发工程师,软通动力信息技术(集团)股份有限公司,北京·朝阳·建外,2-2.3万,3-5年,本科
Java/C/C++/Python/前端/测试（接受应届）,外企德科数字技术有限公司,西安·雁塔·漳浒寨,1.6-2.6万·14薪,经验不限,本科
Java/C/C++/Python/前端/测试（接受应届）,外企德科数字技术有限公司,西安·雁塔·漳浒寨,1.6-2.6万·14薪,经验不限,本科
Python,成都迈思信息技术有限公司,南京·雨花台·铁心桥,9000-13000元,1-3年,本科
Python,成都迈思信息技术有限公司,南京·雨花台·铁心桥,9000-13000元,1-3年,本科
数据工程师（Python）实习生岗位,数行者(深圳)科技有限公司,深圳·福田·福田街道,150-200元/天,无经验,本科
数据工程师（Python）实习生岗位,数行者(深圳)科技有限公司,深圳·福田·福田街道,150-200元/天,无经验,本科
C/C++/Java/Python/Go通用软件开发/测试,外企德科数字技术有限公司,西安·雁塔·漳浒寨,1.6-3万,经验不限,本科
C/C++/Java/Python/Go通用软件开发/测试,外企德科数字技术有限公司,西安·雁塔·漳浒寨,1.6-3万,经验不限,本科
Python,山东泽拢信息科技有限公司,北京·天桥,8000-16000元,经验不限,大专
Python,山东泽拢信息科技有限公司,北京·天桥,8000-16000元,经验不限,大专
Python,山东泽拢信息科技有限公司,北京·天桥,8000-16000元,经验不限,大专
Python,山东泽拢信息科技有限公司,北京·天桥,8000-16000元,经验不限,大专
Python机器人测试开发,慧博云通科技股份有限公司,北京·通州·马驹桥,1.3-1.8万,3-5年,本科
Python机器人测试开发,慧博云通科技股份有限公司,北京·通州·马驹桥,1.3-1.8万,3-5年,本科
python开发工程师,外企德科数字技术有限公司,杭州·滨江·长河,1.5-3万·14薪,经验不限,本科
python开发工程师,外企德科数字技术有限公司,杭州·滨江·长河,1.5-3万·14薪,经验不限,本科
python测试开发,科锐尔人力资源服务(苏州)有限公司,广州·南沙·黄阁,1.6-2万,5-10年,本科
python测试开发,科锐尔人力资源服务(苏州)有限公司,广州·南沙·黄阁,1.6-2万,5-10年,本科
Python,山东泽拢信息科技有限公司,济南·市中·泺源,8000-14000元,经验不限,本科
Python,山东泽拢信息科技有限公司,济南·市中·泺源,8000-14000元,经验不限,本科
急招急招！今天面试明天上岗！Java/Python/C/c#/C++/JS,外企德科数字技术有限公司,中山·石岐街道,1.5-3万·14薪,经验不限,本科
急招急招！今天面试明天上岗！Java/Python/C/c#/C++/JS,外企德科数字技术有限公司,中山·石岐街道,1.5-3万·14薪,经验不限,本科
Python开发工程师,天津成琛科技有限公司,天津·西青·西营门,8000-15000元·13薪,经验不限,本科
Python开发工程师,天津成琛科技有限公司,天津·西青·西营门,8000-15000元·13薪,经验不限,本科
python数据工程师,山东申融电气科技股份有限公司,济南·历下·龙洞,9000-12000元,1-3年,本科
python数据工程师,山东申融电气科技股份有限公司,济南·历下·龙洞,9000-12000元,1-3年,本科
Java/C/C++/Python/前端/测试（接受应届）,外企德科数字技术有限公司,东莞·大朗镇,1.5-3万·14薪,经验不限,本科
Java/C/C++/Python/前端/测试（接受应届）,外企德科数字技术有限公司,东莞·大朗镇,1.5-3万·14薪,经验不限,本科
python开发(会算法),深圳市紫川软件有限公司,成都·锦江·柳江,1.5-2.5万,5-10年,本科
python开发(会算法),深圳市紫川软件有限公司,成都·锦江·柳江,1.5-2.5万,5-10年,本科
Python爬虫工程师,北京一路无忧科技有限公司,北京·石景山·古城,1-2万·13薪,3-5年,大专
Python爬虫工程师,北京一路无忧科技有限公司,北京·石景山·古城,1-2万·13薪,3-5年,大专
JAVA/JS/C/C++/Python/go/测试,外企德科数字技术有限公司,成都·郫都·合作街道,1.5-3万·14薪,经验不限,本科
JAVA/JS/C/C++/Python/go/测试,外企德科数字技术有限公司,成都·郫都·合作街道,1.5-3万·14薪,经验不限,本科
Python开发,软通动力信息技术(集团)股份有限公司,海口·美兰·演丰,1.1-1.2万,5-10年,本科
Python开发,软通动力信息技术(集团)股份有限公司,海口·美兰·演丰,1.1-1.2万,5-10年,本科
java/大数据/python技术工程师 技术讲师,合肥宝德网络技术有限公司江西分公司,南昌·南昌县·向塘,7000-13000元,3-5年,本科
java/大数据/python技术工程师 技术讲师,合肥宝德网络技术有限公司江西分公司,南昌·南昌县·向塘,7000-13000元,3-5年,本科
软件开发工程师(Java/C/C++/Python/Js),外企德科数字技术有限公司,南京·雨花台·雨花,1.5-3万,经验不限,本科
软件开发工程师(Java/C/C++/Python/Js),外企德科数字技术有限公司,南京·雨花台·雨花,1.5-3万,经验不限,本科
python爬虫—东莞办公,软通动力信息技术(集团)股份有限公司,广州·天河·新塘,1.1-1.5万,1-3年,本科
python爬虫—东莞办公,软通动力信息技术(集团)股份有限公司,广州·天河·新塘,1.1-1.5万,1-3年,本科
软件开发工程师（JS、TS、Java，Python）,湖北电行科技有限公司,东莞·寮步镇,1.3-1.5万,1-3年,本科
软件开发工程师（JS、TS、Java，Python）,湖北电行科技有限公司,东莞·寮步镇,1.3-1.5万,1-3年,本科
前端后端开发测试招聘（java/C/js/python）,外企德科数字技术有限公司,广州·白云·松洲,1.6-3万·14薪,经验不限,本科
前端后端开发测试招聘（java/C/js/python）,外企德科数字技术有限公司,广州·白云·松洲,1.6-3万·14薪,经验不限,本科
python工程师,滨沅国科(秦皇岛)智能科技股份有限公司,秦皇岛·北戴河区·戴河镇,5000-10000元,1-3年,本科
python工程师,滨沅国科(秦皇岛)智能科技股份有限公司,秦皇岛·北戴河区·戴河镇,5000-10000元,1-3年,本科
Python开发工程师,东软集团,福州·鼓楼·鼓东,1-2万,3-5年,本科
Python开发工程师,东软集团,福州·鼓楼·鼓东,1-2万,3-5年,本科
软件开发工程师(Java/C/C++/Python/Js),外企德科数字技术有限公司,杭州·滨江·长河,1.5-3万,经验不限,本科
软件开发工程师(Java/C/C++/Python/Js),外企德科数字技术有限公司,杭州·滨江·长河,1.5-3万,经验不限,本科
软件开发工程师(Java/C/C++/Python/Js),外企德科数字技术有限公司,杭州·滨江·长河,1.5-3万,经验不限,本科
软件开发工程师(Java/C/C++/Python/Js),外企德科数字技术有限公司,杭州·滨江·长河,1.5-3万,经验不限,本科
python爬虫—东莞办公,软通动力信息技术(集团)股份有限公司,深圳·龙岗·坂田,1.1-1.5万,1-3年,本科
python爬虫—东莞办公,软通动力信息技术(集团)股份有限公司,深圳·龙岗·坂田,1.1-1.5万,1-3年,本科
网络后端工程师 Python / Node.js / NoSQL,新乡市德工机械有限公司,新乡·红旗区·洪门镇,5000-10000元,经验不限,大专
网络后端工程师 Python / Node.js / NoSQL,新乡市德工机械有限公司,新乡·红旗区·洪门镇,5000-10000元,经验不限,大专
c++/python/java/c/算法/测试,外企德科数字技术有限公司,南京·雨花台·雨花,1.5-3万·14薪,经验不限,本科
c++/python/java/c/算法/测试,外企德科数字技术有限公司,南京·雨花台·雨花,1.5-3万·14薪,经验不限,本科
python实习生,太原智元未来网络科技有限公司,太原·杏花岭·杏花岭街道,200-300元/天,无经验,大专
python实习生,太原智元未来网络科技有限公司,太原·杏花岭·杏花岭街道,200-300元/天,无经验,大专
Python,美的集团,佛山·顺德·北滘,1.1-1.8万,5-10年,大专
Python,美的集团,佛山·顺德·北滘,1.1-1.8万,5-10年,大专
软件开发/测试（JAVA/C/Python/web）等,外企德科数字技术有限公司,南京·雨花台·雨花,1.4-2.7万·16薪,经验不限,本科
软件开发/测试（JAVA/C/Python/web）等,外企德科数字技术有限公司,南京·雨花台·雨花,1.4-2.7万·16薪,经验不限,本科
python测试工程师,山东富锐光学科技有限公司,潍坊·潍城·于河,8000-12000元,1-3年,本科
python测试工程师,山东富锐光学科技有限公司,潍坊·潍城·于河,8000-12000元,1-3年,本科
AI软件开发工程师(python)【双休+五险一金】,青岛必然信息技术有限公司,青岛·崂山·中韩,1.4-2.2万,3-5年,本科
AI软件开发工程师(python)【双休+五险一金】,青岛必然信息技术有限公司,青岛·崂山·中韩,1.4-2.2万,3-5年,本科
测试/前端/后端开发工程师Java/C/C++/Python,外企德科数字技术有限公司,苏州·工业园区,1.5-2.8万·14薪,经验不限,本科
测试/前端/后端开发工程师Java/C/C++/Python,外企德科数字技术有限公司,苏州·工业园区,1.5-2.8万·14薪,经验不限,本科
python开发工程师,深圳市三通商务汽车租赁有限公司,深圳·福田·福田街道,1.1-1.5万,3-5年,大专
python开发工程师,深圳市三通商务汽车租赁有限公司,深圳·福田·福田街道,1.1-1.5万,3-5年,大专
python后端开发工程师,京北方,北京·朝阳,1.3-2万,5-10年,本科
python后端开发工程师,京北方,北京·朝阳,1.3-2万,5-10年,本科
JAVA/C/C++/Python/go/web开发工程师,外企德科数字技术有限公司,上海·青浦·金泽,1.8-3.5万·15薪,经验不限,本科
JAVA/C/C++/Python/go/web开发工程师,外企德科数字技术有限公司,上海·青浦·金泽,1.8-3.5万·15薪,经验不限,本科
python开发工程师,南京鼐云科技股份有限公司,北京·丰台·花乡,1.2-2万,3-5年,大专
python开发工程师,南京鼐云科技股份有限公司,北京·丰台·花乡,1.2-2万,3-5年,大专
Python开发工程师 (智能体+工业缺陷检测),深圳银河星尘科技有限公司,深圳·宝安·西乡,1.8-2.5万,经验不限,本科
Python开发工程师 (智能体+工业缺陷检测),深圳银河星尘科技有限公司,深圳·宝安·西乡,1.8-2.5万,经验不限,本科
软件岗（Java/Python/C/C++/软测/嵌入式等）,外企德科数字技术有限公司,深圳·龙岗·坂田,1.4-2.8万·14薪,经验不限,本科
软件岗（Java/Python/C/C++/软测/嵌入式等）,外企德科数字技术有限公司,深圳·龙岗·坂田,1.4-2.8万·14薪,经验不限,本科
Python/C/C++/shell解决方案,万宝盛华企业管理咨询(上海)有限公司大连分公司,深圳·龙岗·坂田,1.2-2.1万,3-5年,本科
Python/C/C++/shell解决方案,万宝盛华企业管理咨询(上海)有限公司大连分公司,深圳·龙岗·坂田,1.2-2.1万,3-5年,本科
Python,软通动力信息技术(集团)股份有限公司,东莞·大朗镇,1-1.5万,1-3年,本科
Python,软通动力信息技术(集团)股份有限公司,东莞·大朗镇,1-1.5万,1-3年,本科
python后端开发工程师,外企德科数字技术有限公司,武汉·江夏·豹澥,1.2-2.3万,经验不限,本科
python后端开发工程师,外企德科数字技术有限公司,武汉·江夏·豹澥,1.2-2.3万,经验不限,本科
Python/C/C++/shell解决方案,万宝盛华企业管理咨询(上海)有限公司大连分公司,西安·雁塔·漳浒寨,1-1.8万,3-5年,本科
Python/C/C++/shell解决方案,万宝盛华企业管理咨询(上海)有限公司大连分公司,西安·雁塔·漳浒寨,1-1.8万,3-5年,本科
python开发（线上面+双休+流程快）,软通动力信息技术(集团)股份有限公司,西安·雁塔·漳浒寨,1-1.4万,1-3年,本科
python开发（线上面+双休+流程快）,软通动力信息技术(集团)股份有限公司,西安·雁塔·漳浒寨,1-1.4万,1-3年,本科
python开发（线上面+双休+流程快）,软通动力信息技术(集团)股份有限公司,西安·雁塔·漳浒寨,1-1.4万,1-3年,本科
python开发（线上面+双休+流程快）,软通动力信息技术(集团)股份有限公司,西安·雁塔·漳浒寨,1-1.4万,1-3年,本科
Java/C/C++/JS/python/测试/运维开发/数据（接受24届无经验、考研断档等）,外企德科数字技术有限公司,深圳·龙岗·坂田,1.7-3万·14薪,经验不限,本科
Java/C/C++/JS/python/测试/运维开发/数据（接受24届无经验、考研断档等）,外企德科数字技术有限公司,深圳·龙岗·坂田,1.7-3万·14薪,经验不限,本科
双休-python讲师（各大普本院校授课）,大圣光华教育,济南·历城·山大路,1-1.5万,1-3年,本科
双休-python讲师（各大普本院校授课）,大圣光华教育,济南·历城·山大路,1-1.5万,1-3年,本科
Python车载自动化测试,软通动力信息技术(集团)股份有限公司,上海·浦东·曹路,1-1.5万,1-3年,本科
Python车载自动化测试,软通动力信息技术(集团)股份有限公司,上海·浦东·曹路,1-1.5万,1-3年,本科
Java/Python/C/C++/数开/测试/算法/前端岗,外企德科数字技术有限公司,南京·雨花台·雨花,1.5-3万·14薪,经验不限,本科
Java/Python/C/C++/数开/测试/算法/前端岗,外企德科数字技术有限公司,南京·雨花台·雨花,1.5-3万·14薪,经验不限,本科
python后端开发工程师,中电金信软件有限公司,西安·雁塔·漳浒寨,1.3-1.4万,1-3年,本科
python后端开发工程师,中电金信软件有限公司,西安·雁塔·漳浒寨,1.3-1.4万,1-3年,本科
python自动化测试,软通动力信息技术(集团)股份有限公司,深圳·龙岗·平湖,1.2-1.7万,1-3年,本科
python自动化测试,软通动力信息技术(集团)股份有限公司,深圳·龙岗·平湖,1.2-1.7万,1-3年,本科
JAVA/ Python/C/C++/GO/数据开发,外企德科数字技术有限公司,北京·海淀,1.5-3万,经验不限,本科
JAVA/ Python/C/C++/GO/数据开发,外企德科数字技术有限公司,北京·海淀,1.5-3万,经验不限,本科
中级python后端开发工程师,苏州千万职联网络信息服务有限公司,武汉·黄陂·盘龙经开区,7000-9000元,1-3年,本科
中级python后端开发工程师,苏州千万职联网络信息服务有限公司,武汉·黄陂·盘龙经开区,7000-9000元,1-3年,本科
Python开发（非外包）,南京鼐云科技股份有限公司,北京·丰台·看丹,1.2-2万,3-5年,本科
Python开发（非外包）,南京鼐云科技股份有限公司,北京·丰台·看丹,1.2-2万,3-5年,本科
C/C++/Java/Python/JS软件开发/算法/数据,外企德科数字技术有限公司,武汉·江夏·豹澥,1.7-3万·15薪,经验不限,本科
C/C++/Java/Python/JS软件开发/算法/数据,外企德科数字技术有限公司,武汉·江夏·豹澥,1.7-3万·15薪,经验不限,本科
中级python开发,京北方,北京·海淀·上地,1.3-1.7万,3-5年,本科
中级python开发,京北方,北京·海淀·上地,1.3-1.7万,3-5年,本科
python后端开发工程师,南京鼐云科技股份有限公司,北京·丰台·花乡,1.2-2万,3-5年,本科
python后端开发工程师,南京鼐云科技股份有限公司,北京·丰台·花乡,1.2-2万,3-5年,本科
java/python/C++/测试/C/GO/大数据开发 软件通用岗位/接受应届考研考公失败,外企德科数字技术有限公司,杭州·滨江·长河,1.5-3万·14薪,经验不限,本科
java/python/C++/测试/C/GO/大数据开发 软件通用岗位/接受应届考研考公失败,外企德科数字技术有限公司,杭州·滨江·长河,1.5-3万·14薪,经验不限,本科
python工程师/爬虫,上海极达空调设备有限公司,重庆·梁平·双桂,6000-8000元,1-3年,本科
python工程师/爬虫,上海极达空调设备有限公司,重庆·梁平·双桂,6000-8000元,1-3年,本科
Python工程师,北京精医和生医药科技有限公司,杭州·滨江·长河,1.2-2万,1-3年,本科
Python工程师,北京精医和生医药科技有限公司,杭州·滨江·长河,1.2-2万,1-3年,本科
Java/Python/C/C++/Web/测试工程师,外企德科数字技术有限公司,长沙·开福·月湖,1.4-2.8万·16薪,经验不限,本科
Java/Python/C/C++/Web/测试工程师,外企德科数字技术有限公司,长沙·开福·月湖,1.4-2.8万·16薪,经验不限,本科
python开发工程师,京北方,北京·朝阳,1.4-1.7万,3-5年,本科
python开发工程师,京北方,北京·朝阳,1.4-1.7万,3-5年,本科
python开发工程师,南京鼐云科技股份有限公司,北京·丰台·花乡,1.2-2万,3-5年,本科
python开发工程师,南京鼐云科技股份有限公司,北京·丰台·花乡,1.2-2万,3-5年,本科
Java/C++/C/Python/前端/测试（接受应届）,外企德科数字技术有限公司,杭州·滨江·长河,1.4-2.8万·14薪,经验不限,本科
Java/C++/C/Python/前端/测试（接受应届）,外企德科数字技术有限公司,杭州·滨江·长河,1.4-2.8万·14薪,经验不限,本科
python测试开发工程师（自动驾驶+平台好）,上海杰艾企业管理咨询有限公司,广州·南沙·黄阁,1.5-1.7万,3-5年,大专
python测试开发工程师（自动驾驶+平台好）,上海杰艾企业管理咨询有限公司,广州·南沙·黄阁,1.5-1.7万,3-5年,大专
python测试开发工程师（自动驾驶+平台好）,上海杰艾企业管理咨询有限公司,广州·南沙·黄阁,1.5-1.7万,3-5年,大专
python测试开发工程师（自动驾驶+平台好）,上海杰艾企业管理咨询有限公司,广州·南沙·黄阁,1.5-1.7万,3-5年,大专
python后端开发工程师,京北方,北京·朝阳,1.5-2万,3-5年,本科
python后端开发工程师,京北方,北京·朝阳,1.5-2万,3-5年,本科
Java/C++/C/Python/GO/JS,外企德科数字技术有限公司,西安·雁塔·漳浒寨,1.2-2.4万·15薪,经验不限,本科
Java/C++/C/Python/GO/JS,外企德科数字技术有限公司,西安·雁塔·漳浒寨,1.2-2.4万·15薪,经验不限,本科
python开发,软通动力信息技术(集团)股份有限公司,深圳·龙岗·平湖,1-1.5万,1-3年,本科
python开发,软通动力信息技术(集团)股份有限公司,深圳·龙岗·平湖,1-1.5万,1-3年,本科
python量化开发,原子猫科技(北京)有限公司,上海·浦东·陆家嘴,1.6-1.9万,3-5年,本科
python量化开发,原子猫科技(北京)有限公司,上海·浦东·陆家嘴,1.6-1.9万,3-5年,本科
前/后端开发工程师（Java / C++ / Python / JS 等方向）可接受小白,外企德科数字技术有限公司,南京·雨花台·雨花,1.4-2.8万·14薪,经验不限,本科
前/后端开发工程师（Java / C++ / Python / JS 等方向）可接受小白,外企德科数字技术有限公司,南京·雨花台·雨花,1.4-2.8万·14薪,经验不限,本科
Python工程师,中医在线,杭州·滨江·长河,1.2-2万,3-5年,本科
Python工程师,中医在线,杭州·滨江·长河,1.2-2万,3-5年,本科
Python工程师,南京展讯信息科技有限公司,南京·雨花台·铁心桥,1-1.3万,3-5年,大专
Python工程师,南京展讯信息科技有限公司,南京·雨花台·铁心桥,1-1.3万,3-5年,大专
JAVA/ Python/C/C++/GO/数据开发,外企德科数字技术有限公司,上海·浦东·金桥,1.7-3万,经验不限,本科
JAVA/ Python/C/C++/GO/数据开发,外企德科数字技术有限公司,上海·浦东·金桥,1.7-3万,经验不限,本科
Python开发工程师,软通动力信息技术(集团)股份有限公司,深圳·罗湖·东晓,1.4-1.8万,3-5年,本科
Python开发工程师,软通动力信息技术(集团)股份有限公司,深圳·罗湖·东晓,1.4-1.8万,3-5年,本科
大模型平台python开发,京北方,北京·海淀·紫竹院,1.5-2.5万,经验不限,本科
大模型平台python开发,京北方,北京·海淀·紫竹院,1.5-2.5万,经验不限,本科
C/C++/Java/JS/Python软件开发（全国有岗 接受应届）,外企德科数字技术有限公司,西安·雁塔·漳浒寨,1.5-3万·14薪,经验不限,本科
C/C++/Java/JS/Python软件开发（全国有岗 接受应届）,外企德科数字技术有限公司,西安·雁塔·漳浒寨,1.5-3万·14薪,经验不限,本科
python,上海汉朔信息科技有限公司,上海·黄浦·小东门,1.2-1.4万,3-5年,本科
python,上海汉朔信息科技有限公司,上海·黄浦·小东门,1.2-1.4万,3-5年,本科
Python开发工程师,软通动力信息技术(集团)股份有限公司,东莞·寮步镇,1.4-1.8万,3-5年,本科
Python开发工程师,软通动力信息技术(集团)股份有限公司,东莞·寮步镇,1.4-1.8万,3-5年,本科
java/c++/python后端开发 双休 高薪 五险一金,外企德科数字技术有限公司,东莞·大朗镇,1.5-3万·14薪,经验不限,本科
java/c++/python后端开发 双休 高薪 五险一金,外企德科数字技术有限公司,东莞·大朗镇,1.5-3万·14薪,经验不限,本科
python,上海金亥数智科技有限公司,上海·浦东·康桥,7000-8000元,1-3年,本科
python,上海金亥数智科技有限公司,上海·浦东·康桥,7000-8000元,1-3年,本科
python(短期),北京路遥马力网络科技有限公司,北京·西城·展览路,1.7-1.8万,5-10年,大专
python(短期),北京路遥马力网络科技有限公司,北京·西城·展览路,1.7-1.8万,5-10年,大专
java/python/c/c++ 应届可培养,外企德科数字技术有限公司,深圳·龙岗·坂田,1.6-2.4万·16薪,经验不限,本科
java/python/c/c++ 应届可培养,外企德科数字技术有限公司,深圳·龙岗·坂田,1.6-2.4万·16薪,经验不限,本科
python自动化测试,上海有大信息科技,上海·浦东·金桥,1.2-1.4万,3-5年,本科
python自动化测试,上海有大信息科技,上海·浦东·金桥,1.2-1.4万,3-5年,本科
Python,深圳市标智联科技有限责任公司,深圳·龙岗·平湖,1-2万,1-3年,大专
Python,深圳市标智联科技有限责任公司,深圳·龙岗·平湖,1-2万,1-3年,大专
C/C++、Java、Scala、Python、JS等后端开发,外企德科数字技术有限公司,杭州·滨江·长河,1.7-3万·16薪,经验不限,本科
C/C++、Java、Scala、Python、JS等后端开发,外企德科数字技术有限公司,杭州·滨江·长河,1.7-3万·16薪,经验不限,本科
C/C++、Java、Scala、Python、JS等后端开发,外企德科数字技术有限公司,杭州·滨江·长河,1.7-3万·16薪,经验不限,本科
C/C++、Java、Scala、Python、JS等后端开发,外企德科数字技术有限公司,杭州·滨江·长河,1.7-3万·16薪,经验不限,本科
python开发工程师,四川威名科技有限公司,成都·青羊,4000-6000元·13薪,1-3年,本科
python开发工程师,四川威名科技有限公司,成都·青羊,4000-6000元·13薪,1-3年,本科
Python,山东品信智慧科技有限公司,济南·历城·港沟,7000-10000元,1-3年,本科
Python,山东品信智慧科技有限公司,济南·历城·港沟,7000-10000元,1-3年,本科
java、C/C++、python等个后端开发,外企德科数字技术有限公司,深圳·龙岗·坂田,1.6-3万·14薪,经验不限,本科
java、C/C++、python等个后端开发,外企德科数字技术有限公司,深圳·龙岗·坂田,1.6-3万·14薪,经验不限,本科
python开发工程师,泽西企业管理(天津)有限公司,天津·津南·双港,4000-8000元,1-3年,大专
python开发工程师,泽西企业管理(天津)有限公司,天津·津南·双港,4000-8000元,1-3年,大专
算法工程师（python）,北京锐达仪表有限公司科技中心,天津·武清·运河西,1.5-3万,5-10年,硕士
算法工程师（python）,北京锐达仪表有限公司科技中心,天津·武清·运河西,1.5-3万,5-10年,硕士
java、C/C++、python等个后端开发,外企德科数字技术有限公司,上海·浦东·金桥,1.6-3万·16薪,经验不限,本科
java、C/C++、python等个后端开发,外企德科数字技术有限公司,上海·浦东·金桥,1.6-3万·16薪,经验不限,本科
Python开发--国企背景+稳定性强！！,上海金亥数智科技有限公司,上海·浦东·康桥,7000-8000元,1年以下,本科
Python开发--国企背景+稳定性强！！,上海金亥数智科技有限公司,上海·浦东·康桥,7000-8000元,1年以下,本科
Python后端开发工程师,陕西中讯时代信息技术有限公司,西安·雁塔·漳浒寨,1-1.8万,3-5年,本科
Python后端开发工程师,陕西中讯时代信息技术有限公司,西安·雁塔·漳浒寨,1-1.8万,3-5年,本科
月薪15-35k/java/c++/python后端开发/,外企德科数字技术有限公司,上海·浦东·金桥,1.6-3万·14薪,经验不限,本科
月薪15-35k/java/c++/python后端开发/,外企德科数字技术有限公司,上海·浦东·金桥,1.6-3万·14薪,经验不限,本科
python后端开发工程师,深圳市鸿云恒达科技有限公司,清远·清城区·龙塘镇,1-1.2万,3-5年,大专
python后端开发工程师,深圳市鸿云恒达科技有限公司,清远·清城区·龙塘镇,1-1.2万,3-5年,大专
python中级开发工程师,陕西中讯时代信息技术有限公司,西安·雁塔·漳浒寨,1.2-1.7万,3-5年,本科
python中级开发工程师,陕西中讯时代信息技术有限公司,西安·雁塔·漳浒寨,1.2-1.7万,3-5年,本科
软件开发（多语言 Java Python C/C++js等测试,外企德科数字技术有限公司,武汉·江夏·豹澥,1.2-2.4万,经验不限,本科
软件开发（多语言 Java Python C/C++js等测试,外企德科数字技术有限公司,武汉·江夏·豹澥,1.2-2.4万,经验不限,本科
python软件工程师（可接收应届生）,山东英吉多体育科技有限公司,日照·东港区·北京路街道,6000-12000元,经验不限,本科
python软件工程师（可接收应届生）,山东英吉多体育科技有限公司,日照·东港区·北京路街道,6000-12000元,经验不限,本科
Python 后端开发工程师（实时流处理/系统集成方向）-贵阳,贵阳高登世德金融科技有限公司,贵阳·观山湖,9000-10000元,3-5年,学历不限
Python 后端开发工程师（实时流处理/系统集成方向）-贵阳,贵阳高登世德金融科技有限公司,贵阳·观山湖,9000-10000元,3-5年,学历不限
月薪15-35k/java/c++/python后端开发/算法/测试,外企德科数字技术有限公司,南京·雨花台·雨花,1.5-3万·14薪,经验不限,本科
月薪15-35k/java/c++/python后端开发/算法/测试,外企德科数字技术有限公司,南京·雨花台·雨花,1.5-3万·14薪,经验不限,本科
Python开发工程师-南昌,中电福富信息科技有限公司,南昌·西湖·绳金塔,8000-12000元,3-5年,大专
Python开发工程师-南昌,中电福富信息科技有限公司,南昌·西湖·绳金塔,8000-12000元,3-5年,大专
python后端开发（全额公积金+包三餐）,德科信息有限公司,珠海·香洲区·横琴镇,1.6-1.8万,3-5年,本科
python后端开发（全额公积金+包三餐）,德科信息有限公司,珠海·香洲区·横琴镇,1.6-1.8万,3-5年,本科
Java/C/C++/Python/Go开发工程师,外企德科数字技术有限公司,西安·雁塔·漳浒寨,1.3-2.6万·14薪,经验不限,本科
Java/C/C++/Python/Go开发工程师,外企德科数字技术有限公司,西安·雁塔·漳浒寨,1.3-2.6万·14薪,经验不限,本科
python工程师/爬虫,义乌市馨站科技有限公司,杭州·上城·彭埠,1.5-1.9万·13薪,3-5年,本科
python工程师/爬虫,义乌市馨站科技有限公司,杭州·上城·彭埠,1.5-1.9万·13薪,3-5年,本科
python工程师,苏州久久春晖养老服务有限公司,无锡·新吴·新安,1-1.6万,1-3年,本科
python工程师,苏州久久春晖养老服务有限公司,无锡·新吴·新安,1-1.6万,1-3年,本科
python工程师,苏州久久春晖养老服务有限公司,无锡·新吴·新安,1-1.6万,1-3年,本科
python工程师,苏州久久春晖养老服务有限公司,无锡·新吴·新安,1-1.6万,1-3年,本科
软件开发工程师（Java/C/C++/python),外企德科数字技术有限公司,成都·郫都·合作街道,1.5-3万·14薪,经验不限,本科
软件开发工程师（Java/C/C++/python),外企德科数字技术有限公司,成都·郫都·合作街道,1.5-3万·14薪,经验不限,本科
java/大数据/python技术工程师 技术讲师,合肥宝德网络技术有限公司江西分公司,南昌·南昌县·向塘,7000-13000元,3-5年,本科
java/大数据/python技术工程师 技术讲师,合肥宝德网络技术有限公司江西分公司,南昌·南昌县·向塘,7000-13000元,3-5年,本科
全栈工程师Node.js/Python + React(远程办公|海外团队协作）,北京盛安德科技发展有限公司郑州分公司,石家庄·长安·青园,1.2-1.8万·13薪,5-10年,本科
全栈工程师Node.js/Python + React(远程办公|海外团队协作）,北京盛安德科技发展有限公司郑州分公司,石家庄·长安·青园,1.2-1.8万·13薪,5-10年,本科
Java/C/C++/Python/JS 软件开发测试工程师,外企德科数字技术有限公司,长沙·岳麓·麓谷,1.5-2.8万·14薪,经验不限,本科
Java/C/C++/Python/JS 软件开发测试工程师,外企德科数字技术有限公司,长沙·岳麓·麓谷,1.5-2.8万·14薪,经验不限,本科
python软件工程师(micropython）,诶阿(唐山)数字科技有限责任公司,唐山·开平区·郑庄子镇,7000-10000元,1-3年,本科
python软件工程师(micropython）,诶阿(唐山)数字科技有限责任公司,唐山·开平区·郑庄子镇,7000-10000元,1-3年,本科
python数据采集工程师,四川科瑞德制药股份有限公司,成都·武侯·簇锦,1-1.4万,3-5年,大专
python数据采集工程师,四川科瑞德制药股份有限公司,成都·武侯·簇锦,1-1.4万,3-5年,大专
python开发（大厂外包）,外企德科数字技术有限公司,西安·长安·郭杜,1.1-1.9万,3-5年,本科
python开发（大厂外包）,外企德科数字技术有限公司,西安·长安·郭杜,1.1-1.9万,3-5年,本科
Python开发工程师-福州,中电福富信息科技有限公司,福州·鼓楼·东街,8000-15000元,3-5年,本科
Python开发工程师-福州,中电福富信息科技有限公司,福州·鼓楼·东街,8000-15000元,3-5年,本科
Java、Python程序员,智容睿盛,长沙·长沙·泉塘,1-1.5万,1-3年,本科
Java、Python程序员,智容睿盛,长沙·长沙·泉塘,1-1.5万,1-3年,本科
Python开发-初中高级（全国）,外企德科数字技术有限公司,北京·海淀,1.3-2.5万·14薪,1-3年,本科
Python开发-初中高级（全国）,外企德科数字技术有限公司,北京·海淀,1.3-2.5万·14薪,1-3年,本科
python（大模型方向）,深圳市法本信息技术股份有限公司,成都·武侯·桂溪,1.4-1.5万,3-5年,本科
python（大模型方向）,深圳市法本信息技术股份有限公司,成都·武侯·桂溪,1.4-1.5万,3-5年,本科
Python开发,八六三软件,郑州·中原·石佛,1-1.5万,5-10年,大专
Python开发,八六三软件,郑州·中原·石佛,1-1.5万,5-10年,大专
c/c++/java/python开发/测试【base南京】,外企德科数字技术有限公司,南京·雨花台·雨花,1.2-1.8万·14薪,经验不限,本科
c/c++/java/python开发/测试【base南京】,外企德科数字技术有限公司,南京·雨花台·雨花,1.2-1.8万·14薪,经验不限,本科
python 后端开发工程师,首聘(北京)科技有限公司,西安·雁塔·漳浒寨,1.2-1.4万,3-5年,大专
python 后端开发工程师,首聘(北京)科技有限公司,西安·雁塔·漳浒寨,1.2-1.4万,3-5年,大专
python爬虫工程师,软通动力信息技术(集团)股份有限公司,东莞·南城街道,1.1-1.5万,无经验,本科
python爬虫工程师,软通动力信息技术(集团)股份有限公司,东莞·南城街道,1.1-1.5万,无经验,本科
Java/JS/Python/算法/C/C++工程师,外企德科数字技术有限公司,南京·雨花台·雨花,1.2-2.4万·14薪,经验不限,本科
Java/JS/Python/算法/C/C++工程师,外企德科数字技术有限公司,南京·雨花台·雨花,1.2-2.4万·14薪,经验不限,本科
python量化策略开发工程师,智容睿盛,长沙·长沙·泉塘,1-1.3万,3-5年,本科
python量化策略开发工程师,智容睿盛,长沙·长沙·泉塘,1-1.3万,3-5年,本科
Python开发工程师-AI方向,苏州华冠科技有限公司,苏州·虎丘,面议,1-3年,本科
Python开发工程师-AI方向,苏州华冠科技有限公司,苏州·虎丘,面议,1-3年,本科
[Java/C/C++/Python/前端/测试（接受应届/无经验\考研考公失败过渡）大厂＋双休＋14~16薪open],外企德科数字技术有限公司,上海·浦东·金桥,1.5-3万·14薪,经验不限,本科
[Java/C/C++/Python/前端/测试（接受应届/无经验\考研考公失败过渡）大厂＋双休＋14~16薪open],外企德科数字技术有限公司,上海·浦东·金桥,1.5-3万·14薪,经验不限,本科
Python开发工程师,山东智慧译百信息技术有限公司,济南·历城·唐冶,7000-14000元,3-5年,大专
Python开发工程师,山东智慧译百信息技术有限公司,济南·历城·唐冶,7000-14000元,3-5年,大专
Python开发工程师,山东智慧译百信息技术有限公司,济南·历城·唐冶,7000-14000元,3-5年,大专
Python开发工程师,山东智慧译百信息技术有限公司,济南·历城·唐冶,7000-14000元,3-5年,大专
python后端开发工程师（双休+五险一金）,八六三软件,郑州·中原·石佛,1.2-1.5万,5-10年,大专
python后端开发工程师（双休+五险一金）,八六三软件,郑州·中原·石佛,1.2-1.5万,5-10年,大专
java、C/C++、js、python等后端开发,外企德科数字技术有限公司,合肥·蜀山·荷叶地,1.4-2.8万·16薪,经验不限,本科
java、C/C++、js、python等后端开发,外企德科数字技术有限公司,合肥·蜀山·荷叶地,1.4-2.8万·16薪,经验不限,本科
Python开发工程师,深圳市紫川软件有限公司,深圳·罗湖·桂园,1.3-1.5万,3-5年,本科
Python开发工程师,深圳市紫川软件有限公司,深圳·罗湖·桂园,1.3-1.5万,3-5年,本科
python(双休+五险一金）,八六三软件,郑州·中原·石佛,1.2-1.5万,3-5年,大专
python(双休+五险一金）,八六三软件,郑州·中原·石佛,1.2-1.5万,3-5年,大专
java/c++/C/Python/前端开发工程师,外企德科数字技术有限公司,上海·青浦·金泽,1.5-3万·14薪,经验不限,本科
java/c++/C/Python/前端开发工程师,外企德科数字技术有限公司,上海·青浦·金泽,1.5-3万·14薪,经验不限,本科
python自动化测试工程师,软通动力信息技术(集团)股份有限公司,成都·郫都·德源,8000-12000元,3-5年,本科
python自动化测试工程师,软通动力信息技术(集团)股份有限公司,成都·郫都·德源,8000-12000元,3-5年,本科
python自动化测试（深圳+全程线上面试）,中软国际,深圳·龙岗·平湖,面议,3-5年,本科
python自动化测试（深圳+全程线上面试）,中软国际,深圳·龙岗·平湖,面议,3-5年,本科
java/c++/C/Python/前端开发工程师,外企德科数字技术有限公司,东莞·大朗镇,1.5-3万·14薪,经验不限,本科
java/c++/C/Python/前端开发工程师,外企德科数字技术有限公司,东莞·大朗镇,1.5-3万·14薪,经验不限,本科
python（深圳）,深圳极联信息技术股份有限公司,深圳·罗湖·桂园,1.4-1.5万,3-5年,本科
python（深圳）,深圳极联信息技术股份有限公司,深圳·罗湖·桂园,1.4-1.5万,3-5年,本科
Python工程师,北海惠科光电显示有限公司,北海·高德街道,8000-10000元,1-3年,学历不限
Python工程师,北海惠科光电显示有限公司,北海·高德街道,8000-10000元,1-3年,学历不限
Java/C/C++/Python/Go开发工程师,外企德科数字技术有限公司,武汉·江夏·豹澥,1.3-2.6万,1-3年,本科
Java/C/C++/Python/Go开发工程师,外企德科数字技术有限公司,武汉·江夏·豹澥,1.3-2.6万,1-3年,本科
python自动化测试工程师-A长期稳定,中软国际,上海·浦东·金桥,面议,5-10年,本科
python自动化测试工程师-A长期稳定,中软国际,上海·浦东·金桥,面议,5-10年,本科
Python自动化测试（车载测试）,软通动力信息技术(集团)股份有限公司,上海·浦东·金桥,9000-12000元,3-5年,本科
Python自动化测试（车载测试）,软通动力信息技术(集团)股份有限公司,上海·浦东·金桥,9000-12000元,3-5年,本科
Java/Python/C/C++/测试/算法/前端岗,外企德科数字技术有限公司,苏州·工业园区,1.2-2.4万·14薪,经验不限,本科
Java/Python/C/C++/测试/算法/前端岗,外企德科数字技术有限公司,苏州·工业园区,1.2-2.4万·14薪,经验不限,本科
python软件工程师,重庆环宇星科信息技术有限公司,重庆·沙坪坝·西永,1-1.5万·13薪,5-10年,本科
python软件工程师,重庆环宇星科信息技术有限公司,重庆·沙坪坝·西永,1-1.5万·13薪,5-10年,本科
Python测试（杭州）,软通动力信息技术(集团)股份有限公司,杭州·滨江·长河,1-1.5万,1-3年,本科
Python测试（杭州）,软通动力信息技术(集团)股份有限公司,杭州·滨江·长河,1-1.5万,1-3年,本科
软件开发工程师（Java/C/C++/python),外企德科数字技术有限公司,苏州·工业园区,1.5-3万·14薪,经验不限,本科
软件开发工程师（Java/C/C++/python),外企德科数字技术有限公司,苏州·工业园区,1.5-3万·14薪,经验不限,本科
python开发,云网易通信息技术(河南)有限公司,北京·海淀·北太平庄,1-1.4万,3-5年,本科
python开发,云网易通信息技术(河南)有限公司,北京·海淀·北太平庄,1-1.4万,3-5年,本科
python后端开发工程师,科爱信(成都)教育咨询有限公司,成都·锦江·锦官驿,1.4-2.2万,1-3年,大专
python后端开发工程师,科爱信(成都)教育咨询有限公司,成都·锦江·锦官驿,1.4-2.2万,1-3年,大专
c++/python/java/c/算法/测试,外企德科数字技术有限公司,杭州·滨江·长河,1.5-3万·14薪,经验不限,本科
c++/python/java/c/算法/测试,外企德科数字技术有限公司,杭州·滨江·长河,1.5-3万·14薪,经验不限,本科
c++/python/java/c/算法/测试,外企德科数字技术有限公司,杭州·滨江·长河,1.5-3万·14薪,经验不限,本科
c++/python/java/c/算法/测试,外企德科数字技术有限公司,杭州·滨江·长河,1.5-3万·14薪,经验不限,本科
软件开发工程师（JS、Java，Python）,湖北电行科技有限公司,南京·雨花台·赛虹桥,1.3-1.5万,1-3年,本科
软件开发工程师（JS、Java，Python）,湖北电行科技有限公司,南京·雨花台·赛虹桥,1.3-1.5万,1-3年,本科
python web-央企-早8:30晚5:30,北京百米互联科技有限公司,北京·海淀·花园路,1.5-1.6万,3-5年,本科
python web-央企-早8:30晚5:30,北京百米互联科技有限公司,北京·海淀·花园路,1.5-1.6万,3-5年,本科
Java/C/C++/Python/前端/测试（接受应届）,外企德科数字技术有限公司,杭州·滨江·长河,1.5-3万·14薪,经验不限,本科
Java/C/C++/Python/前端/测试（接受应届）,外企德科数字技术有限公司,杭州·滨江·长河,1.5-3万·14薪,经验不限,本科
软件开发工程师（TS、Python、Java、Android，JavaScript、C、C++、JS、ArkTS）,湖北电行科技有限公司,北京·昌平,1.3-1.5万,1-3年,本科
软件开发工程师（TS、Python、Java、Android，JavaScript、C、C++、JS、ArkTS）,湖北电行科技有限公司,北京·昌平,1.3-1.5万,1-3年,本科
python测试开发工程师-知名自动驾驶公司,上海杰艾企业管理咨询有限公司,广州·南沙·黄阁,1.6-1.8万,3-5年,大专
python测试开发工程师-知名自动驾驶公司,上海杰艾企业管理咨询有限公司,广州·南沙·黄阁,1.6-1.8万,3-5年,大专
测试/前端/后端开发工程师Java/C/C++/Python,外企德科数字技术有限公司,长沙·开福·月湖,1.5-2.8万·14薪,经验不限,本科
测试/前端/后端开发工程师Java/C/C++/Python,外企德科数字技术有限公司,长沙·开福·月湖,1.5-2.8万·14薪,经验不限,本科
python后端开发工程师,天津行至简科技有限公司,厦门·思明·滨海,1.3-1.6万,3-5年,本科
python后端开发工程师,天津行至简科技有限公司,厦门·思明·滨海,1.3-1.6万,3-5年,本科
python测试开发（汽车行业+长期项目）,上海杰艾企业管理咨询有限公司,广州·南沙·黄阁,1.5-1.8万,3-5年,大专
python测试开发（汽车行业+长期项目）,上海杰艾企业管理咨询有限公司,广州·南沙·黄阁,1.5-1.8万,3-5年,大专
Java/C/C++/Python/前端/测试（接受应届）,外企德科数字技术有限公司,西安·雁塔·漳浒寨,1.5-3万·14薪,经验不限,本科
Java/C/C++/Python/前端/测试（接受应届）,外企德科数字技术有限公司,西安·雁塔·漳浒寨,1.5-3万·14薪,经验不限,本科
python工程师/算法工程师,北京格鲁特咨询服务有限公司,杭州·上城·小营,2.5-3.5万·14薪,3-5年,本科
python工程师/算法工程师,北京格鲁特咨询服务有限公司,杭州·上城·小营,2.5-3.5万·14薪,3-5年,本科
python开发实施工程师,南昌中展数智科技有限公司,南京·雨花台·铁心桥,9000-13000元,3-5年,本科
python开发实施工程师,南昌中展数智科技有限公司,南京·雨花台·铁心桥,9000-13000元,3-5年,本科
c/c++/java/python开发/测试【base北京】,外企德科数字技术有限公司,北京·海淀·上地,1.2-1.8万·14薪,经验不限,本科
c/c++/java/python开发/测试【base北京】,外企德科数字技术有限公司,北京·海淀·上地,1.2-1.8万·14薪,经验不限,本科
高级python软件工程师,杭州银兴惠丰科技有限公司,杭州·滨江·西兴,2-2.2万,5-10年,本科
高级python软件工程师,杭州银兴惠丰科技有限公司,杭州·滨江·西兴,2-2.2万,5-10年,本科
大模型数据开发工程师（Python）,湖北电行科技有限公司,上海·浦东·金桥,1.3-1.5万,1-3年,本科
大模型数据开发工程师（Python）,湖北电行科技有限公司,上海·浦东·金桥,1.3-1.5万,1-3年,本科
c/c++/java/python开发/测试【base武汉】,外企德科数字技术有限公司,武汉·江夏·豹澥,1.2-1.8万·14薪,经验不限,本科
c/c++/java/python开发/测试【base武汉】,外企德科数字技术有限公司,武汉·江夏·豹澥,1.2-1.8万·14薪,经验不限,本科
车载测试工程师（Python自动化测试）,软通动力信息技术(集团)股份有限公司,上海·浦东·金桥,1.3-1.6万,3-5年,本科
车载测试工程师（Python自动化测试）,软通动力信息技术(集团)股份有限公司,上海·浦东·金桥,1.3-1.6万,3-5年,本科
大模型算法工程师（Python）,湖北电行科技有限公司,南京·雨花台·赛虹桥,1.3-1.5万,1-3年,本科
大模型算法工程师（Python）,湖北电行科技有限公司,南京·雨花台·赛虹桥,1.3-1.5万,1-3年,本科
C/C++/Java/Python/GO/算法/web前端开发,外企德科数字技术有限公司,西安·雁塔·漳浒寨,1.6-3万·14薪,经验不限,本科
C/C++/Java/Python/GO/算法/web前端开发,外企德科数字技术有限公司,西安·雁塔·漳浒寨,1.6-3万·14薪,经验不限,本科
Python开发工程师,江苏南大尚诚高科技实业有限公司,南京·鼓楼·中央门,1.2-1.6万,3-5年,本科
Python开发工程师,江苏南大尚诚高科技实业有限公司,南京·鼓楼·中央门,1.2-1.6万,3-5年,本科
软件开发工程师（JS、Java，Python）,湖北电行科技有限公司,上海·浦东·金桥,1.3-1.5万,1-3年,本科
软件开发工程师（JS、Java，Python）,湖北电行科技有限公司,上海·浦东·金桥,1.3-1.5万,1-3年,本科
软件开发工程师（JS、Java，Python）,湖北电行科技有限公司,上海·浦东·金桥,1.3-1.5万,1-3年,本科
软件开发工程师（JS、Java，Python）,湖北电行科技有限公司,上海·浦东·金桥,1.3-1.5万,1-3年,本科
Java/C++/C/Python/web/Go/测试/安卓,外企德科数字技术有限公司,杭州·滨江·长河,1-2万,经验不限,本科
Java/C++/C/Python/web/Go/测试/安卓,外企德科数字技术有限公司,杭州·滨江·长河,1-2万,经验不限,本科
python开发工程师,深圳市睿服科技有限公司,青岛·崂山·中韩,1.3-1.5万,3-5年,本科
python开发工程师,深圳市睿服科技有限公司,青岛·崂山·中韩,1.3-1.5万,3-5年,本科
python后端开发工程师,英视睿达,北京·丰台·看丹,1.1-1.7万,1-3年,本科
python后端开发工程师,英视睿达,北京·丰台·看丹,1.1-1.7万,1-3年,本科
java、C/C++、python等个后端开发,外企德科数字技术有限公司,苏州·虎丘,1.6-3万·16薪,经验不限,本科
java、C/C++、python等个后端开发,外企德科数字技术有限公司,苏州·虎丘,1.6-3万·16薪,经验不限,本科
python开发（大厂+午休两小时）,软通动力信息技术(集团)股份有限公司,深圳·南山·粤海,7000-14000元,3-5年,大专
python开发（大厂+午休两小时）,软通动力信息技术(集团)股份有限公司,深圳·南山·粤海,7000-14000元,3-5年,大专
Python，C++，Java量化编程程序员,国磐集团有限公司,北京·朝阳,1-1.2万,3-5年,本科
Python，C++，Java量化编程程序员,国磐集团有限公司,北京·朝阳,1-1.2万,3-5年,本科
Java/C++/C/Python/GO/JS,外企德科数字技术有限公司,北京·海淀·上地,1.2-2.4万·15薪,经验不限,本科
Java/C++/C/Python/GO/JS,外企德科数字技术有限公司,北京·海淀·上地,1.2-2.4万·15薪,经验不限,本科
python后端开发工程师,陕西慧云联达企业管理咨询有限公司,上海·浦东·金桥,2-4万·16薪,经验不限,本科
python后端开发工程师,陕西慧云联达企业管理咨询有限公司,上海·浦东·金桥,2-4万·16薪,经验不限,本科
python开发工程师,中电金信软件有限公司,上海·浦东·唐镇,1.6-2万,5-10年,本科
python开发工程师,中电金信软件有限公司,上海·浦东·唐镇,1.6-2万,5-10年,本科
前/后端开发/测试招聘（java/C/C＋＋/python）,外企德科数字技术有限公司,杭州·滨江·长河,1.6-3万·14薪,经验不限,本科
前/后端开发/测试招聘（java/C/C＋＋/python）,外企德科数字技术有限公司,杭州·滨江·长河,1.6-3万·14薪,经验不限,本科
资深python后端开发工程师,陕西慧云联达企业管理咨询有限公司,南京·雨花台·雨花,1.5-3万·14薪,经验不限,本科
资深python后端开发工程师,陕西慧云联达企业管理咨询有限公司,南京·雨花台·雨花,1.5-3万·14薪,经验不限,本科
高级python工程师,中电金信软件有限公司,北京·丰台·右安门,1.2-1.8万,5-10年,本科
高级python工程师,中电金信软件有限公司,北京·丰台·右安门,1.2-1.8万,5-10年,本科
Java/Python/C/C++/Web/测试工程师,外企德科数字技术有限公司,上海·青浦·金泽,1.6-3万·16薪,经验不限,本科
Java/Python/C/C++/Web/测试工程师,外企德科数字技术有限公司,上海·青浦·金泽,1.6-3万·16薪,经验不限,本科
Python开发工程师（应用开发）,软通动力信息技术(集团)股份有限公司,北京·朝阳·亚运村,1-1.5万,3-5年,本科
Python开发工程师（应用开发）,软通动力信息技术(集团)股份有限公司,北京·朝阳·亚运村,1-1.5万,3-5年,本科
python工程师（深圳),万宝盛华企业管理咨询(上海)有限公司大连分公司,深圳·龙岗·坂田,1-1.9万,3-5年,本科
python工程师（深圳),万宝盛华企业管理咨询(上海)有限公司大连分公司,深圳·龙岗·坂田,1-1.9万,3-5年,本科
前/后端开发 Java、C++、python、js,外企德科数字技术有限公司,苏州·工业园区,1.3-2.6万·14薪,无经验,本科
前/后端开发 Java、C++、python、js,外企德科数字技术有限公司,苏州·工业园区,1.3-2.6万·14薪,无经验,本科
Python,中软国际,西安·雁塔·漳浒寨,面议,3-5年,本科
Python,中软国际,西安·雁塔·漳浒寨,面议,3-5年,本科
python后端开发工程师,陕西中讯时代信息技术有限公司,北京·海淀,1-2万,3-5年,本科
python后端开发工程师,陕西中讯时代信息技术有限公司,北京·海淀,1-2万,3-5年,本科
研发工程师（Java/C++/Python/前端/测试等）,外企德科数字技术有限公司,上海·浦东·金桥,1.2-2万·14薪,经验不限,本科
研发工程师（Java/C++/Python/前端/测试等）,外企德科数字技术有限公司,上海·浦东·金桥,1.2-2万·14薪,经验不限,本科
python高级开发工程师,普杉科技发展(四川)有限公司,成都·武侯·桂溪,1-1.5万,3-5年,本科
python高级开发工程师,普杉科技发展(四川)有限公司,成都·武侯·桂溪,1-1.5万,3-5年,本科
python高级开发工程师,普杉科技发展(四川)有限公司,成都·武侯·桂溪,1-1.5万,3-5年,本科
python高级开发工程师,普杉科技发展(四川)有限公司,成都·武侯·桂溪,1-1.5万,3-5年,本科
python后端开发工程师,贵州坤盾天成科技有限公司,贵阳·观山湖,7000-12000元,3-5年,本科
python后端开发工程师,贵州坤盾天成科技有限公司,贵阳·观山湖,7000-12000元,3-5年,本科
c/c++/java/python开发/测试【base深圳】,外企德科数字技术有限公司,深圳·龙岗·坂田,1.2-1.8万·14薪,经验不限,本科
c/c++/java/python开发/测试【base深圳】,外企德科数字技术有限公司,深圳·龙岗·坂田,1.2-1.8万·14薪,经验不限,本科
python高级爬虫工程师,海天工程咨询有限公司,郑州·金水·祭城路,1-1.3万,3-5年,本科
python高级爬虫工程师,海天工程咨询有限公司,郑州·金水·祭城路,1-1.3万,3-5年,本科
python大数据讲师,大圣光华教育,济南·历城·山大路,1-1.5万,经验不限,硕士
python大数据讲师,大圣光华教育,济南·历城·山大路,1-1.5万,经验不限,硕士
软件岗（Java/Python/C/C++/软测/嵌入式等）,外企德科数字技术有限公司,西安·雁塔·漳浒寨,1.4-2.8万·14薪,经验不限,本科
软件岗（Java/Python/C/C++/软测/嵌入式等）,外企德科数字技术有限公司,西安·雁塔·漳浒寨,1.4-2.8万·14薪,经验不限,本科
python爬虫工程师,山东辰华科技信息有限公司,济南·历下·姚家,7000-13000元,3-5年,本科
python爬虫工程师,山东辰华科技信息有限公司,济南·历下·姚家,7000-13000元,3-5年,本科
python爬虫工程师,福州市晋安区汉威信息咨询服务有限公司,全国,8000元,经验不限,大专
python爬虫工程师,福州市晋安区汉威信息咨询服务有限公司,全国,8000元,经验不限,大专
软件开发（多语言 Java Python C/C++js等测试,外企德科数字技术有限公司,长沙·开福·月湖,1.2-2.4万,经验不限,本科
软件开发（多语言 Java Python C/C++js等测试,外企德科数字技术有限公司,长沙·开福·月湖,1.2-2.4万,经验不限,本科
云原生全栈工程师（Java + Python + K8s 方向）,云谷数科(黑龙江)有限公司,哈尔滨·南岗·芦家,5000-8000元,3-5年,本科
云原生全栈工程师（Java + Python + K8s 方向）,云谷数科(黑龙江)有限公司,哈尔滨·南岗·芦家,5000-8000元,3-5年,本科
python后端开发工程师,昌泰云技术服务(深圳)有限公司,清远·清城区·源潭镇,9000-12000元,3-5年,本科
python后端开发工程师,昌泰云技术服务(深圳)有限公司,清远·清城区·源潭镇,9000-12000元,3-5年,本科
软件开发工程师（六险一金-Python/C++/C/shell）,外企德科数字技术有限公司,深圳·龙岗·坂田,1.4-1.9万,1-3年,本科
软件开发工程师（六险一金-Python/C++/C/shell）,外企德科数字技术有限公司,深圳·龙岗·坂田,1.4-1.9万,1-3年,本科
Python开发工程师,杭州朝辉电子信息科技有限公司,杭州·钱塘·白杨,7000-8000元,经验不限,本科
Python开发工程师,杭州朝辉电子信息科技有限公司,杭州·钱塘·白杨,7000-8000元,经验不限,本科
大模型PYTHON,江苏冰谷数字科技有限公司,无锡·滨湖·蠡湖,8000-15000元,3-5年,本科
大模型PYTHON,江苏冰谷数字科技有限公司,无锡·滨湖·蠡湖,8000-15000元,3-5年,本科
Java/python/C/C++/JS前后端软件开发工程师,外企德科数字技术有限公司,成都·郫都·合作街道,1.3-2.6万·14薪,经验不限,本科
Java/python/C/C++/JS前后端软件开发工程师,外企德科数字技术有限公司,成都·郫都·合作街道,1.3-2.6万·14薪,经验不限,本科
python后端开发工程师,北京码博科技有限公司,唐山·丰润区·银城铺镇,8000-16000元,1-3年,本科
python后端开发工程师,北京码博科技有限公司,唐山·丰润区·银城铺镇,8000-16000元,1-3年,本科
Python开发工程师,北京世纪互联软件开发有限公司,北京·朝阳,1-1.5万,1-3年,本科
Python开发工程师,北京世纪互联软件开发有限公司,北京·朝阳,1-1.5万,1-3年,本科
Java/C/C++/JS/python/测试/运维开发/数据（接受24届无经验、考研断档）,外企德科数字技术有限公司,苏州·虎丘,1.7-3万·14薪,经验不限,本科
Java/C/C++/JS/python/测试/运维开发/数据（接受24届无经验、考研断档）,外企德科数字技术有限公司,苏州·虎丘,1.7-3万·14薪,经验不限,本科
Python开发工程师（智能体开发方向）,国高信息技术产业研究院(山东)集团有限公司,济南·历城·山大路,8000-12000元,3-5年,本科
Python开发工程师（智能体开发方向）,国高信息技术产业研究院(山东)集团有限公司,济南·历城·山大路,8000-12000元,3-5年,本科
Golang/python软件工程师,恒基能脉新能源科技有限公司,北京·朝阳·望京,1.5-3万,3-5年,本科
Golang/python软件工程师,恒基能脉新能源科技有限公司,北京·朝阳·望京,1.5-3万,3-5年,本科
Java/Python/C/C++/数开/测试/算法/前端岗,外企德科数字技术有限公司,杭州·滨江·长河,1.5-3万·14薪,经验不限,本科
Java/Python/C/C++/数开/测试/算法/前端岗,外企德科数字技术有限公司,杭州·滨江·长河,1.5-3万·14薪,经验不限,本科
Java/Python/C/C++/数开/测试/算法/前端岗,外企德科数字技术有限公司,杭州·滨江·长河,1.5-3万·14薪,经验不限,本科
Java/Python/C/C++/数开/测试/算法/前端岗,外企德科数字技术有限公司,杭州·滨江·长河,1.5-3万·14薪,经验不限,本科
python软件工程师,西安灰猫智能技术有限责任公司,西安·雁塔·电子城,5000-10000元,经验不限,本科
python软件工程师,西安灰猫智能技术有限责任公司,西安·雁塔·电子城,5000-10000元,经验不限,本科
Python测试,中软国际,西安·雁塔·杜城,面议,1-3年,本科
Python测试,中软国际,西安·雁塔·杜城,面议,1-3年,本科
java/Python/C/C++/JS/AI算法/软件测试,外企德科数字技术有限公司,杭州·滨江·长河,2-4万,经验不限,本科
java/Python/C/C++/JS/AI算法/软件测试,外企德科数字技术有限公司,杭州·滨江·长河,2-4万,经验不限,本科
python爬虫工程师,北京神州新桥科技有限公司,北京·昌平·北七家,1.4-1.5万,3-5年,本科
python爬虫工程师,北京神州新桥科技有限公司,北京·昌平·北七家,1.4-1.5万,3-5年,本科
python自动化测试工程师,软通动力信息技术(集团)股份有限公司,深圳·龙岗·坂田,9000-13000元,1-3年,本科
python自动化测试工程师,软通动力信息技术(集团)股份有限公司,深圳·龙岗·坂田,9000-13000元,1-3年,本科
Java/C/C++/Python/前端/测试（接受无经验）,外企德科数字技术有限公司,北京·海淀·上地,1.6-3万·14薪,经验不限,本科
Java/C/C++/Python/前端/测试（接受无经验）,外企德科数字技术有限公司,北京·海淀·上地,1.6-3万·14薪,经验不限,本科
python算法工程师,中路交科科技股份有限公司,南京·浦口·江浦,1-1.5万,3-5年,本科
python算法工程师,中路交科科技股份有限公司,南京·浦口·江浦,1-1.5万,3-5年,本科
python开发工程师,杭州唯铂莱生物科技有限公司,杭州·西湖·三墩,1-2万,3-5年,本科
python开发工程师,杭州唯铂莱生物科技有限公司,杭州·西湖·三墩,1-2万,3-5年,本科
Java/C/C++/Python/前端/测试（线上面试）,外企德科数字技术有限公司,北京·海淀,1.5-3万·14薪,经验不限,本科
Java/C/C++/Python/前端/测试（线上面试）,外企德科数字技术有限公司,北京·海淀,1.5-3万·14薪,经验不限,本科
python后端开发工程师,软通动力信息技术(集团)股份有限公司,东莞·大朗镇,1.2-2.2万,1-3年,本科
python后端开发工程师,软通动力信息技术(集团)股份有限公司,东莞·大朗镇,1.2-2.2万,1-3年,本科
python开发工程师,深圳市紫川软件有限公司,深圳·福田·福保,1.3-1.7万,3-5年,本科
python开发工程师,深圳市紫川软件有限公司,深圳·福田·福保,1.3-1.7万,3-5年,本科
软件开发（多语言 Java Python C/C++js等测试,外企德科数字技术有限公司,成都·郫都·合作街道,1.2-2.4万,经验不限,本科
软件开发（多语言 Java Python C/C++js等测试,外企德科数字技术有限公司,成都·郫都·合作街道,1.2-2.4万,经验不限,本科
高级python开发工程师,国信电子票据平台信息服务有限公司,北京·丰台·看丹,1.2-2万,3-5年,本科
高级python开发工程师,国信电子票据平台信息服务有限公司,北京·丰台·看丹,1.2-2万,3-5年,本科
Python开发工程师,深圳市紫川软件有限公司,深圳·罗湖·桂园,1-1.7万,3-5年,本科
Python开发工程师,深圳市紫川软件有限公司,深圳·罗湖·桂园,1-1.7万,3-5年,本科
月薪15-35k/java/c++/python后端开发/,外企德科数字技术有限公司,上海·青浦·金泽,1.7-2.7万,经验不限,本科
月薪15-35k/java/c++/python后端开发/,外企德科数字技术有限公司,上海·青浦·金泽,1.7-2.7万,经验不限,本科
python后端开发工程师,中业安源(北京)科技有限公司,北京·朝阳·呼家楼,1.5-2万,3-5年,本科
python后端开发工程师,中业安源(北京)科技有限公司,北京·朝阳·呼家楼,1.5-2万,3-5年,本科
后端开发（Java/Python/C）,科锐尔人力资源服务(苏州)有限公司,广州·白云·松洲,1.5-1.8万,1-3年,本科
后端开发（Java/Python/C）,科锐尔人力资源服务(苏州)有限公司,广州·白云·松洲,1.5-1.8万,1-3年,本科
Java/C++/C/Python/GO/JS,外企德科数字技术有限公司,武汉·江夏·豹澥,1.2-2.4万·15薪,经验不限,本科
Java/C++/C/Python/GO/JS,外企德科数字技术有限公司,武汉·江夏·豹澥,1.2-2.4万·15薪,经验不限,本科
大模型AI数据标注分析师【python】,博彦科技承德有限公司,西安·雁塔·漳浒寨,6000-7000元,1-3年,大专
大模型AI数据标注分析师【python】,博彦科技承德有限公司,西安·雁塔·漳浒寨,6000-7000元,1-3年,大专
python深度学习算法工程师,中业安源(北京)科技有限公司,北京·朝阳·呼家楼,2.1-2.5万,1-3年,硕士
python深度学习算法工程师,中业安源(北京)科技有限公司,北京·朝阳·呼家楼,2.1-2.5万,1-3年,硕士
python深度学习算法工程师,中业安源(北京)科技有限公司,北京·朝阳·呼家楼,2.1-2.5万,1-3年,硕士
python深度学习算法工程师,中业安源(北京)科技有限公司,北京·朝阳·呼家楼,2.1-2.5万,1-3年,硕士
JAVA/C++/C/Python/GO,外企德科数字技术有限公司,深圳·龙岗·坂田,1.5-2.6万·15薪,经验不限,本科
JAVA/C++/C/Python/GO,外企德科数字技术有限公司,深圳·龙岗·坂田,1.5-2.6万·15薪,经验不限,本科
软件开发工程师（Java、C、C++、Python、JS）（多地域）,科锐尔人力资源服务(苏州)有限公司,郑州·新郑·新建路,1.5-3万·14薪,经验不限,本科
软件开发工程师（Java、C、C++、Python、JS）（多地域）,科锐尔人力资源服务(苏州)有限公司,郑州·新郑·新建路,1.5-3万·14薪,经验不限,本科
Python开发（长期项目+双休）,深圳极联信息技术股份有限公司,深圳·罗湖·桂园,1.4-1.7万,3-5年,本科
Python开发（长期项目+双休）,深圳极联信息技术股份有限公司,深圳·罗湖·桂园,1.4-1.7万,3-5年,本科
软件开发（Java、C、Python都可以）,外企德科数字技术有限公司,深圳·龙岗·坂田,1.3-2.6万,1-3年,本科
软件开发（Java、C、Python都可以）,外企德科数字技术有限公司,深圳·龙岗·坂田,1.3-2.6万,1-3年,本科
python后端开发工程师-石家庄双休,河北华网计算机技术有限公司,石家庄·裕华·太行,8000-16000元,经验不限,大专
python后端开发工程师-石家庄双休,河北华网计算机技术有限公司,石家庄·裕华·太行,8000-16000元,经验不限,大专
python测试工程师,中软国际,西安·雁塔·杜城,面议,经验不限,本科
python测试工程师,中软国际,西安·雁塔·杜城,面议,经验不限,本科
JAVA/JS/C/C++/Python/go/测试,外企德科数字技术有限公司,深圳·龙岗·坂田,1.5-3万·14薪,经验不限,本科
JAVA/JS/C/C++/Python/go/测试,外企德科数字技术有限公司,深圳·龙岗·坂田,1.5-3万·14薪,经验不限,本科
python开发工程师,软通动力信息技术(集团)股份有限公司,北京·海淀·北太平庄,1.5-2.1万,3-5年,本科
python开发工程师,软通动力信息技术(集团)股份有限公司,北京·海淀·北太平庄,1.5-2.1万,3-5年,本科
Python研发工程师（卫星项目）,悠派才选(上海)人力资源有限公司,北京·海淀,1.5-2万,1-3年,本科
Python研发工程师（卫星项目）,悠派才选(上海)人力资源有限公司,北京·海淀,1.5-2万,1-3年,本科
JAVA/JS/C/C++/Python/go/测试,外企德科数字技术有限公司,西安·雁塔·漳浒寨,1.5-3万·14薪,经验不限,本科
JAVA/JS/C/C++/Python/go/测试,外企德科数字技术有限公司,西安·雁塔·漳浒寨,1.5-3万·14薪,经验不限,本科
python开发—东莞办公,软通动力信息技术(集团)股份有限公司,东莞·寮步镇,1.5-1.6万,1-3年,本科
python开发—东莞办公,软通动力信息技术(集团)股份有限公司,东莞·寮步镇,1.5-1.6万,1-3年,本科
python后端开发工程师,北京炽映万象科技有限公司,北京·朝阳,1.6-1.9万,3-5年,本科
python后端开发工程师,北京炽映万象科技有限公司,北京·朝阳,1.6-1.9万,3-5年,本科
JAVA/JS/C/C++/Python/go/测试,外企德科数字技术有限公司,北京·海淀,1.5-3万·14薪,经验不限,本科
JAVA/JS/C/C++/Python/go/测试,外企德科数字技术有限公司,北京·海淀,1.5-3万·14薪,经验不限,本科
Python开发工程师,北京乐可威信息技术有限公司,北京·大兴·荣华街道,1.3-1.5万,1-3年,本科
Python开发工程师,北京乐可威信息技术有限公司,北京·大兴·荣华街道,1.3-1.5万,1-3年,本科
python开发—东莞办公,软通动力信息技术(集团)股份有限公司,深圳·龙岗·坂田,1.5-1.6万,1-3年,本科
python开发—东莞办公,软通动力信息技术(集团)股份有限公司,深圳·龙岗·坂田,1.5-1.6万,1-3年,本科
c/c++/java/python开发/测试【base西安】,外企德科数字技术有限公司,西安·雁塔·漳浒寨,1-1.8万·14薪,经验不限,本科
c/c++/java/python开发/测试【base西安】,外企德科数字技术有限公司,西安·雁塔·漳浒寨,1-1.8万·14薪,经验不限,本科
python软件工程师,深圳市睿服科技有限公司,上海·浦东·陆家嘴,1.4-1.5万,3-5年,本科
python软件工程师,深圳市睿服科技有限公司,上海·浦东·陆家嘴,1.4-1.5万,3-5年,本科
python数据测试—东莞办公,软通动力信息技术(集团)股份有限公司,深圳·龙岗·坂田,1.5-1.6万,1-3年,本科
python数据测试—东莞办公,软通动力信息技术(集团)股份有限公司,深圳·龙岗·坂田,1.5-1.6万,1-3年,本科
JAVA/C/C++/Python/go/web开发工程师,外企德科数字技术有限公司,成都·郫都·合作街道,1.8-3.5万·15薪,经验不限,本科
JAVA/C/C++/Python/go/web开发工程师,外企德科数字技术有限公司,成都·郫都·合作街道,1.8-3.5万·15薪,经验不限,本科
Python研发工程师,长安通信科技有限责任公司,北京·昌平·北七家,1.5-2.5万·14薪,3-5年,本科
Python研发工程师,长安通信科技有限责任公司,北京·昌平·北七家,1.5-2.5万·14薪,3-5年,本科
Python研发工程师,长安通信科技有限责任公司,北京·昌平·北七家,1.5-2.5万·14薪,3-5年,本科
Python研发工程师,长安通信科技有限责任公司,北京·昌平·北七家,1.5-2.5万·14薪,3-5年,本科
python开发—东莞办公,软通动力信息技术(集团)股份有限公司,广州·天河·新塘,1.5-1.6万,1-3年,本科
python开发—东莞办公,软通动力信息技术(集团)股份有限公司,广州·天河·新塘,1.5-1.6万,1-3年,本科
Python开发（大厂外包）,外企德科数字技术有限公司,杭州·滨江·长河,1.5-1.9万,3-5年,本科
Python开发（大厂外包）,外企德科数字技术有限公司,杭州·滨江·长河,1.5-1.9万,3-5年,本科
实习生（Java/python/前端/测试）,北京华成航泰科技发展有限公司,北京·顺义,180-220元/天,无经验,本科
实习生（Java/python/前端/测试）,北京华成航泰科技发展有限公司,北京·顺义,180-220元/天,无经验,本科
python数据测试—东莞办公,软通动力信息技术(集团)股份有限公司,广州·天河·新塘,1.5-1.6万,1-3年,本科
python数据测试—东莞办公,软通动力信息技术(集团)股份有限公司,广州·天河·新塘,1.5-1.6万,1-3年,本科
Java/C/C++/Python/JS 软件开发（多部门推荐）,外企德科数字技术有限公司,上海·浦东·金桥,1.8-3.5万·14薪,经验不限,本科
Java/C/C++/Python/JS 软件开发（多部门推荐）,外企德科数字技术有限公司,上海·浦东·金桥,1.8-3.5万·14薪,经验不限,本科
软件开发工程师（TS、Python、C++、Java、typeScript、cpp）,湖北电行科技有限公司,上海·浦东·金桥,1.3-1.5万,1-3年,本科
软件开发工程师（TS、Python、C++、Java、typeScript、cpp）,湖北电行科技有限公司,上海·浦东·金桥,1.3-1.5万,1-3年,本科
python后端开发工程师,合肥德北新能源科技有限公司,合肥·蜀山·南岗,6000-8000元·13薪,经验不限,学历不限
python后端开发工程师,合肥德北新能源科技有限公司,合肥·蜀山·南岗,6000-8000元·13薪,经验不限,学历不限
Java/C/C++/Python/JS 软件开发（多部门推荐）,外企德科数字技术有限公司,深圳·龙岗·坂田,1.8-3.5万·14薪,经验不限,本科
Java/C/C++/Python/JS 软件开发（多部门推荐）,外企德科数字技术有限公司,深圳·龙岗·坂田,1.8-3.5万·14薪,经验不限,本科
算法工程师(python),杭开控股集团有限公司,杭州·余杭·五常,1-1.5万,3-5年,硕士
算法工程师(python),杭开控股集团有限公司,杭州·余杭·五常,1-1.5万,3-5年,硕士
Python,软通动力信息技术(集团)股份有限公司,深圳·龙岗·坂田,1.1-1.9万,1-3年,本科
Python,软通动力信息技术(集团)股份有限公司,深圳·龙岗·坂田,1.1-1.9万,1-3年,本科
初级开发【Java/python/C++】【25届/24届无经验可投】,外企德科数字技术有限公司,北京·海淀,1-1.8万·14薪,1年以下,本科
初级开发【Java/python/C++】【25届/24届无经验可投】,外企德科数字技术有限公司,北京·海淀,1-1.8万·14薪,1年以下,本科
python自动化测试工程师,东软集团,上海·浦东·曹路,1.4-1.8万,3-5年,本科
python自动化测试工程师,东软集团,上海·浦东·曹路,1.4-1.8万,3-5年,本科
python自动化测试,软通动力信息技术(集团)股份有限公司,南京·江宁·淳化,1-2万,1-3年,本科
python自动化测试,软通动力信息技术(集团)股份有限公司,南京·江宁·淳化,1-2万,1-3年,本科
软件开发（多语言 Java Python C/C++js等测试,外企德科数字技术有限公司,杭州·滨江·长河,1.2-2.4万,经验不限,本科
软件开发（多语言 Java Python C/C++js等测试,外企德科数字技术有限公司,杭州·滨江·长河,1.2-2.4万,经验不限,本科
java开发工程师（全栈，python都有空缺）,中软国际,广州·增城·朱村,面议,3-5年,本科
java开发工程师（全栈，python都有空缺）,中软国际,广州·增城·朱村,面议,3-5年,本科
C#/Python自动化测试工程师,软通动力信息技术(集团)股份有限公司,天津·东丽·华明,1.1-1.5万·13薪,3-5年,本科
C#/Python自动化测试工程师,软通动力信息技术(集团)股份有限公司,天津·东丽·华明,1.1-1.5万·13薪,3-5年,本科
Java/Python/C/C++/测试/算法/前端岗,外企德科数字技术有限公司,西安·雁塔·漳浒寨,1.2-2.4万·14薪,经验不限,本科
Java/Python/C/C++/测试/算法/前端岗,外企德科数字技术有限公司,西安·雁塔·漳浒寨,1.2-2.4万·14薪,经验不限,本科
郑州实习python后端工程师,上海玉带信息技术有限公司,郑州·二七区·淮河路,1000-2000元,经验不限,学历不限
郑州实习python后端工程师,上海玉带信息技术有限公司,郑州·二七区·淮河路,1000-2000元,经验不限,学历不限
Python工程师（兼职）,云南双河科技有限公司,昆明·盘龙·龙泉,400-800元/次,5-10年,学历不限
Python工程师（兼职）,云南双河科技有限公司,昆明·盘龙·龙泉,400-800元/次,5-10年,学历不限
Java/C++/C/python/测试工程师（接受25届，导师带教）,外企德科数字技术有限公司,上海·浦东·金桥,1.5-3万·14薪,经验不限,本科
Java/C++/C/python/测试工程师（接受25届，导师带教）,外企德科数字技术有限公司,上海·浦东·金桥,1.5-3万·14薪,经验不限,本科
Java/C++/C/python/测试工程师（接受25届，导师带教）,外企德科数字技术有限公司,上海·浦东·金桥,1.5-3万·14薪,经验不限,本科
Java/C++/C/python/测试工程师（接受25届，导师带教）,外企德科数字技术有限公司,上海·浦东·金桥,1.5-3万·14薪,经验不限,本科
python爬虫工程师,山东辰华科技信息有限公司,济南·历下·姚家,1-1.5万,3-5年,本科
python爬虫工程师,山东辰华科技信息有限公司,济南·历下·姚家,1-1.5万,3-5年,本科
python开发,软通动力信息技术(集团)股份有限公司,芜湖·鸠江区·芜湖经济技术开发区,9000-11000元,5-10年,大专
python开发,软通动力信息技术(集团)股份有限公司,芜湖·鸠江区·芜湖经济技术开发区,9000-11000元,5-10年,大专
Java/C++/python/c/算法岗位,外企德科数字技术有限公司,成都·郫都·合作街道,1.5-3万,经验不限,本科
Java/C++/python/c/算法岗位,外企德科数字技术有限公司,成都·郫都·合作街道,1.5-3万,经验不限,本科
python爬虫工程师,杭州乐书数字科技有限公司,杭州·滨江·长河,1.5-1.6万,5-10年,本科
python爬虫工程师,杭州乐书数字科技有限公司,杭州·滨江·长河,1.5-1.6万,5-10年,本科
Python开发工程师,保定千慧网络科技有限公司,保定·竞秀·大马坊,1-1.5万,3-5年,大专
Python开发工程师,保定千慧网络科技有限公司,保定·竞秀·大马坊,1-1.5万,3-5年,大专
Java/C/C++/Python/前端/测试（接受应届）,外企德科数字技术有限公司,苏州·工业园区,1.6-2.6万·14薪,经验不限,本科
Java/C/C++/Python/前端/测试（接受应届）,外企德科数字技术有限公司,苏州·工业园区,1.6-2.6万·14薪,经验不限,本科
python后端开发工程师,杭州明讯软件技术有限公司,清远·清新区·太平镇,8000-10000元,1-3年,本科
python后端开发工程师,杭州明讯软件技术有限公司,清远·清新区·太平镇,8000-10000元,1-3年,本科
Python 高级开发工程师,江苏铬莱铂数字科技有限公司,盐城·亭湖区,1.8-2.5万,5-10年,本科
Python 高级开发工程师,江苏铬莱铂数字科技有限公司,盐城·亭湖区,1.8-2.5万,5-10年,本科
Java/python/JS/C+＋开发/测试(核心项目),外企德科数字技术有限公司,深圳·龙岗·坂田,1.5-3万·14薪,无经验,本科
Java/python/JS/C+＋开发/测试(核心项目),外企德科数字技术有限公司,深圳·龙岗·坂田,1.5-3万·14薪,无经验,本科
赴日Python开发工程师,株式会社GSD,日本,1.5-3万,经验不限,本科
赴日Python开发工程师,株式会社GSD,日本,1.5-3万,经验不限,本科
Python开发工程师,浙江英集动力科技有限公司,常州·新北·三井,1-1.5万·14薪,1-3年,本科
Python开发工程师,浙江英集动力科技有限公司,常州·新北·三井,1-1.5万·14薪,1-3年,本科
java/c++/python后端开发/软件测试,外企德科数字技术有限公司,深圳·龙岗·坂田,1.5-3万·16薪,经验不限,本科
java/c++/python后端开发/软件测试,外企德科数字技术有限公司,深圳·龙岗·坂田,1.5-3万·16薪,经验不限,本科
Python开发工程师,珠海明德工程设计有限公司,珠海·香洲区·吉大街道,1.2-2.4万,经验不限,本科
Python开发工程师,珠海明德工程设计有限公司,珠海·香洲区·吉大街道,1.2-2.4万,经验不限,本科
python工程师,福州达砾森贸易有限公司,福州·仓山·金山,8000-11000元·13薪,1-3年,本科
python工程师,福州达砾森贸易有限公司,福州·仓山·金山,8000-11000元·13薪,1-3年,本科
软件开发/测试（JAVA/C/Python/web）等,外企德科数字技术有限公司,上海·青浦·金泽,1.4-2.7万·16薪,经验不限,本科
软件开发/测试（JAVA/C/Python/web）等,外企德科数字技术有限公司,上海·青浦·金泽,1.4-2.7万·16薪,经验不限,本科
Python开发工程师,软通动力信息技术(集团)股份有限公司,保定·莲池·五尧,1-1.1万,5-10年,大专
Python开发工程师,软通动力信息技术(集团)股份有限公司,保定·莲池·五尧,1-1.1万,5-10年,大专
赴日Python开发工程师（全程日语面试）,株式会社GSD,日本,2-4万,经验不限,本科
赴日Python开发工程师（全程日语面试）,株式会社GSD,日本,2-4万,经验不限,本科
Java/C/C++/Python/前端/测试（接受应届）,外企德科数字技术有限公司,武汉·江夏·豹澥,1.5-3万·14薪,经验不限,本科
Java/C/C++/Python/前端/测试（接受应届）,外企德科数字技术有限公司,武汉·江夏·豹澥,1.5-3万·14薪,经验不限,本科
python后端开发工程师(Odoo方向）,大连锐成佳业科技有限公司,大连·甘井子·凌水,9000-14000元,1-3年,大专
python后端开发工程师(Odoo方向）,大连锐成佳业科技有限公司,大连·甘井子·凌水,9000-14000元,1-3年,大专
初级python,深圳内山文化产业发展有限公司,深圳·南山·南头,1.5-2.5万·13薪,1-3年,学历不限
初级python,深圳内山文化产业发展有限公司,深圳·南山·南头,1.5-2.5万·13薪,1-3年,学历不限
初级python,深圳内山文化产业发展有限公司,深圳·南山·南头,1.5-2.5万·13薪,1-3年,学历不限
初级python,深圳内山文化产业发展有限公司,深圳·南山·南头,1.5-2.5万·13薪,1-3年,学历不限
软件开发工程师（Java/C/C++/python),外企德科数字技术有限公司,西安·雁塔·漳浒寨,1.5-3万·14薪,经验不限,本科
软件开发工程师（Java/C/C++/python),外企德科数字技术有限公司,西安·雁塔·漳浒寨,1.5-3万·14薪,经验不限,本科
Python 后端开发工程师（实时流处理/系统集成方向）-上海,贵阳高登世德金融科技有限公司,上海·徐汇·斜土路,1.5-1.6万,3-5年,学历不限
Python 后端开发工程师（实时流处理/系统集成方向）-上海,贵阳高登世德金融科技有限公司,上海·徐汇·斜土路,1.5-1.6万,3-5年,学历不限
python后端开发工程师,北京信联互动科技有限公司,北京·西城·展览路,1.8-1.9万,5-10年,大专
python后端开发工程师,北京信联互动科技有限公司,北京·西城·展览路,1.8-1.9万,5-10年,大专
软件测试工程师（Java、C、C++、python）,外企德科数字技术有限公司,东莞·大朗镇,1.3-1.6万,经验不限,学历不限
软件测试工程师（Java、C、C++、python）,外企德科数字技术有限公司,东莞·大朗镇,1.3-1.6万,经验不限,学历不限
python自动化测试,软通动力信息技术(集团)股份有限公司,东莞·大朗镇,8000-16000元,1-3年,本科
python自动化测试,软通动力信息技术(集团)股份有限公司,东莞·大朗镇,8000-16000元,1-3年,本科
Python开发工程师,中软国际,深圳·坂田,面议,3-5年,本科
Python开发工程师,中软国际,深圳·坂田,面议,3-5年,本科
测试/前端/后端开发工程师Java/C/C++/JS/Python,外企德科数字技术有限公司,上海·浦东·金桥,1.4-2.8万·14薪,经验不限,本科
测试/前端/后端开发工程师Java/C/C++/JS/Python,外企德科数字技术有限公司,上海·浦东·金桥,1.4-2.8万·14薪,经验不限,本科
数据开发工程师（一年python经验）,博彦科技承德有限公司,深圳·南山·粤海,1.8-2.1万,1-3年,本科
数据开发工程师（一年python经验）,博彦科技承德有限公司,深圳·南山·粤海,1.8-2.1万,1-3年,本科
python自动化测试,软通动力信息技术(集团)股份有限公司,杭州·滨江·长河,9000-10000元,1-3年,本科
python自动化测试,软通动力信息技术(集团)股份有限公司,杭州·滨江·长河,9000-10000元,1-3年,本科
JAVA/C/C++/Python/go/web开发工程师,外企德科数字技术有限公司,武汉·江夏·豹澥,1.8-3.5万·15薪,经验不限,本科
JAVA/C/C++/Python/go/web开发工程师,外企德科数字技术有限公司,武汉·江夏·豹澥,1.8-3.5万·15薪,经验不限,本科
Python软件& C++工程师,重庆毅睿科技有限公司,重庆·渝北·宝圣湖,1-2万·13薪,3-5年,本科
Python软件& C++工程师,重庆毅睿科技有限公司,重庆·渝北·宝圣湖,1-2万·13薪,3-5年,本科
软件测试工程师 python测试,软通动力信息技术(集团)股份有限公司,成都·郫都·友爱,7000-11000元,1-3年,本科
软件测试工程师 python测试,软通动力信息技术(集团)股份有限公司,成都·郫都·友爱,7000-11000元,1-3年,本科
算法工程师-Python C++,外企德科数字技术有限公司,苏州·工业园区,1.5-2.5万·14薪,3-5年,本科
算法工程师-Python C++,外企德科数字技术有限公司,苏州·工业园区,1.5-2.5万·14薪,3-5年,本科
python开发（统本）,北京青钱信息技术有限公司,成都·武侯·桂溪,1.4-1.5万,5-10年,本科
python开发（统本）,北京青钱信息技术有限公司,成都·武侯·桂溪,1.4-1.5万,5-10年,本科
高级python后端开发工程师,博彦科技承德有限公司,深圳·南山·粤海,2-2.1万,1-3年,本科
高级python后端开发工程师,博彦科技承德有限公司,深圳·南山·粤海,2-2.1万,1-3年,本科
Python开发工程师（14-16薪/线上面试）,外企德科数字技术有限公司,深圳·龙岗·坂田,1.5-3万·14薪,经验不限,本科
Python开发工程师（14-16薪/线上面试）,外企德科数字技术有限公司,深圳·龙岗·坂田,1.5-3万·14薪,经验不限,本科
Python,北京华戍防务技术有限公司,长沙·开福·东风路,1.2-2万,经验不限,本科
Python,北京华戍防务技术有限公司,长沙·开福·东风路,1.2-2万,经验不限,本科
python开发运维工程师,众心国信(福建)科技有限公司,福州·闽侯·荆溪,7000-10000元·13薪,1-3年,本科
python开发运维工程师,众心国信(福建)科技有限公司,福州·闽侯·荆溪,7000-10000元·13薪,1-3年,本科
java/c++/python后端开发/,外企德科数字技术有限公司,上海·青浦·金泽,1.8-3.5万·16薪,经验不限,本科
java/c++/python后端开发/,外企德科数字技术有限公司,上海·青浦·金泽,1.8-3.5万·16薪,经验不限,本科
Python Web开发工程师,山东渥盛信息科技有限公司,济南·历城·山大路,6000-12000元,1-3年,大专
Python Web开发工程师,山东渥盛信息科技有限公司,济南·历城·山大路,6000-12000元,1-3年,大专
Python Web开发工程师,山东渥盛信息科技有限公司,济南·历城·山大路,6000-12000元,1-3年,大专
Python Web开发工程师,山东渥盛信息科技有限公司,济南·历城·山大路,6000-12000元,1-3年,大专
Python AI 后端工程师 (Gemini 方向),深圳市国匠数控科技有限公司,深圳·龙华·大浪,8000-16000元,1-3年,本科
Python AI 后端工程师 (Gemini 方向),深圳市国匠数控科技有限公司,深圳·龙华·大浪,8000-16000元,1-3年,本科
java/Python/C/C++/JS/AI算法/软件测试,外企德科数字技术有限公司,上海·浦东·金桥,1.5-3万,1-3年,本科
java/Python/C/C++/JS/AI算法/软件测试,外企德科数字技术有限公司,上海·浦东·金桥,1.5-3万,1-3年,本科
Python,广州九路科技有限公司,广州·天河·冼村,1.2-1.7万,1-3年,本科
Python,广州九路科技有限公司,广州·天河·冼村,1.2-1.7万,1-3年,本科
Python开发工程师(驻场),赢时胜,深圳·南山·招商,1.5-2万,5-10年,本科
Python开发工程师(驻场),赢时胜,深圳·南山·招商,1.5-2万,5-10年,本科
C/C++/Java/JS/Python/Go软件开发【全国有岗位 可接受应届】,外企德科数字技术有限公司,杭州·滨江·西兴,1.5-3万·14薪,经验不限,本科
C/C++/Java/JS/Python/Go软件开发【全国有岗位 可接受应届】,外企德科数字技术有限公司,杭州·滨江·西兴,1.5-3万·14薪,经验不限,本科
python开发（全额公积金/现场面试/周末双休）,上海汉朔信息科技有限公司,上海·黄浦·小东门,1.6-1.8万,3-5年,本科
python开发（全额公积金/现场面试/周末双休）,上海汉朔信息科技有限公司,上海·黄浦·小东门,1.6-1.8万,3-5年,本科
python,同方鼎欣科技股份有限公司,苏州·工业园区,1.4-2.2万,3-5年,本科
python,同方鼎欣科技股份有限公司,苏州·工业园区,1.4-2.2万,3-5年,本科
java/c++/C/Python/前端开发工程师,外企德科数字技术有限公司,深圳·龙岗·坂田,1.5-3万·14薪,经验不限,本科
java/c++/C/Python/前端开发工程师,外企德科数字技术有限公司,深圳·龙岗·坂田,1.5-3万·14薪,经验不限,本科
python全栈工程师,恒基能脉新能源科技有限公司,北京·朝阳·望京,1.5-3万,3-5年,本科
python全栈工程师,恒基能脉新能源科技有限公司,北京·朝阳·望京,1.5-3万,3-5年,本科
Python开发工程师,同方鼎欣科技股份有限公司,北京·海淀·中关村,1.5-2.5万,3-5年,本科
Python开发工程师,同方鼎欣科技股份有限公司,北京·海淀·中关村,1.5-2.5万,3-5年,本科
Java/C/C++/JS/python/测试/运维开发/数据（接受24届无经验、考研断档）,外企德科数字技术有限公司,杭州·滨江·长河,1.7-3万·14薪,经验不限,本科
Java/C/C++/JS/python/测试/运维开发/数据（接受24届无经验、考研断档）,外企德科数字技术有限公司,杭州·滨江·长河,1.7-3万·14薪,经验不限,本科
Python后端开发工程师+六险一金,天津华创腾达网络科技有限公司,天津·河东·上杭路,8000-16000元,1-3年,大专
Python后端开发工程师+六险一金,天津华创腾达网络科技有限公司,天津·河东·上杭路,8000-16000元,1-3年,大专
Python研发工程师,悠派才选(上海)人力资源有限公司,北京·海淀,1.2-1.7万,1-3年,本科
Python研发工程师,悠派才选(上海)人力资源有限公司,北京·海淀,1.2-1.7万,1-3年,本科
C++/C/Java/python/GO/JS/算法（所有语言都有招聘）,外企德科数字技术有限公司,武汉·江夏·豹澥,1.3-2.6万·15薪,经验不限,本科
C++/C/Java/python/GO/JS/算法（所有语言都有招聘）,外企德科数字技术有限公司,武汉·江夏·豹澥,1.3-2.6万·15薪,经验不限,本科
软件测试开发工程师（外企-python、linux）,万宝盛华企业管理咨询（上海）有限公司,深圳·南山·南山,1.5-2万·13薪,经验不限,本科
软件测试开发工程师（外企-python、linux）,万宝盛华企业管理咨询（上海）有限公司,深圳·南山·南山,1.5-2万·13薪,经验不限,本科
Python,上海朗裕信息科技有限公司,西安·雁塔·丈八沟,8000-12000元,3-5年,大专
Python,上海朗裕信息科技有限公司,西安·雁塔·丈八沟,8000-12000元,3-5年,大专
软件开发工程师(Java/Python/C/C++/Js),外企德科数字技术有限公司,上海·青浦·金泽,1.5-3万,经验不限,本科
软件开发工程师(Java/Python/C/C++/Js),外企德科数字技术有限公司,上海·青浦·金泽,1.5-3万,经验不限,本科
Python开发,北京行展软件科技有限公司,北京·西城·西长安街,1.4-1.8万,3-5年,本科
Python开发,北京行展软件科技有限公司,北京·西城·西长安街,1.4-1.8万,3-5年,本科
python自动化测试开发,软通动力信息技术(集团)股份有限公司,北京·海淀·马连洼,1-1.3万·13薪,1-3年,学历不限
python自动化测试开发,软通动力信息技术(集团)股份有限公司,北京·海淀·马连洼,1-1.3万·13薪,1-3年,学历不限
月薪15-35k/java/c++/python后端开发/,外企德科数字技术有限公司,上海·青浦·金泽,1.5-3万·14薪,经验不限,本科
月薪15-35k/java/c++/python后端开发/,外企德科数字技术有限公司,上海·青浦·金泽,1.5-3万·14薪,经验不限,本科
月薪15-35k/java/c++/python后端开发/,外企德科数字技术有限公司,上海·青浦·金泽,1.5-3万·14薪,经验不限,本科
月薪15-35k/java/c++/python后端开发/,外企德科数字技术有限公司,上海·青浦·金泽,1.5-3万·14薪,经验不限,本科
python全栈工程师,哈尔滨联德信息技术有限公司,沈阳·和平·南湖,8000-16000元,3-5年,本科
python全栈工程师,哈尔滨联德信息技术有限公司,沈阳·和平·南湖,8000-16000元,3-5年,本科
python后端开发工程师（资深）,台州拜亚进出口有限公司,上海·闵行·新虹,2-3万,5-10年,本科
python后端开发工程师（资深）,台州拜亚进出口有限公司,上海·闵行·新虹,2-3万,5-10年,本科
软件开发（多语言 Java Python C/C++js等测试,外企德科数字技术有限公司,武汉·江夏·豹澥,1.2-2.4万,经验不限,本科
软件开发（多语言 Java Python C/C++js等测试,外企德科数字技术有限公司,武汉·江夏·豹澥,1.2-2.4万,经验不限,本科
python数据分析工程师,江西飞尚科技有限公司,南昌·南昌县·小蓝经开区,6000-12000元,1-3年,本科
python数据分析工程师,江西飞尚科技有限公司,南昌·南昌县·小蓝经开区,6000-12000元,1-3年,本科
python后端开发工程师（中级）,台州拜亚进出口有限公司,上海·闵行·新虹,8000-16000元,3-5年,本科
python后端开发工程师（中级）,台州拜亚进出口有限公司,上海·闵行·新虹,8000-16000元,3-5年,本科
java/c++/python后端开发/软件测试,外企德科数字技术有限公司,长沙·岳麓·咸嘉湖,1.5-3万·16薪,经验不限,本科
java/c++/python后端开发/软件测试,外企德科数字技术有限公司,长沙·岳麓·咸嘉湖,1.5-3万·16薪,经验不限,本科
Java/python开发工程师,国脉科技,福州·马尾·马尾,1-1.5万·13薪,经验不限,本科
Java/python开发工程师,国脉科技,福州·马尾·马尾,1-1.5万·13薪,经验不限,本科
python工程师/算法工程师,青岛威瑞富泰能源有限公司,青岛·市南·香港中路,1.5-2.5万·13薪,3-5年,硕士
python工程师/算法工程师,青岛威瑞富泰能源有限公司,青岛·市南·香港中路,1.5-2.5万·13薪,3-5年,硕士
Java/c/c++/python/js软件开发工程师,外企德科数字技术有限公司,武汉·江夏·豹澥,1.4-2.8万·14薪,经验不限,本科
Java/c/c++/python/js软件开发工程师,外企德科数字技术有限公司,武汉·江夏·豹澥,1.4-2.8万·14薪,经验不限,本科
python开发工程师,云值(深圳)科技有限公司,深圳·罗湖·笋岗,8000-10000元,1-3年,大专
python开发工程师,云值(深圳)科技有限公司,深圳·罗湖·笋岗,8000-10000元,1-3年,大专
算法python工程师,京北方,太原·小店·平阳路,1-1.8万,3-5年,本科
算法python工程师,京北方,太原·小店·平阳路,1-1.8万,3-5年,本科
JAVA/C/C++/Python/go/web开发工程师 全国岗14薪，全额社保公积金 应届生/考研/考公失败可投,外企德科数字技术有限公司,北京·海淀·上地,1.5-3万·14薪,经验不限,本科
JAVA/C/C++/Python/go/web开发工程师 全国岗14薪，全额社保公积金 应届生/考研/考公失败可投,外企德科数字技术有限公司,北京·海淀·上地,1.5-3万·14薪,经验不限,本科
智能算法工程师（python）,吉林省中遥科技有限公司,长春·绿园·春城,5000-10000元,1年以下,硕士
智能算法工程师（python）,吉林省中遥科技有限公司,长春·绿园·春城,5000-10000元,1年以下,硕士
python开发工程师,义乌市昀晗贸易有限公司江西分公司,南昌·青山湖,1-1.2万,3-5年,大专
python开发工程师,义乌市昀晗贸易有限公司江西分公司,南昌·青山湖,1-1.2万,3-5年,大专
Java/C/C++/Python/Go开发工程师,外企德科数字技术有限公司,南京·雨花台·雨花,1.3-2.6万,1-3年,本科
Java/C/C++/Python/Go开发工程师,外企德科数字技术有限公司,南京·雨花台·雨花,1.3-2.6万,1-3年,本科
Python后端开发工程师,北京百奥智汇科技有限公司,北京·海淀·花园路,1.5-3万,3-5年,硕士
Python后端开发工程师,北京百奥智汇科技有限公司,北京·海淀·花园路,1.5-3万,3-5年,硕士
测控系统工程师（Python方向）,中科酷原科技(武汉)有限公司,武汉·洪山·关山,8000-15000元·15薪,经验不限,本科
测控系统工程师（Python方向）,中科酷原科技(武汉)有限公司,武汉·洪山·关山,8000-15000元·15薪,经验不限,本科
软件开发工程师（Java/C/C++/python),外企德科数字技术有限公司,东莞·常平镇,1.5-3万·14薪,经验不限,本科
软件开发工程师（Java/C/C++/python),外企德科数字技术有限公司,东莞·常平镇,1.5-3万·14薪,经验不限,本科
平台工具数据分析（头部大厂，有python和SQL项目经验）,郑州联创优聘信息科技有限公司,西安·雁塔·漳浒寨,1.4-2.5万,3-5年,本科
平台工具数据分析（头部大厂，有python和SQL项目经验）,郑州联创优聘信息科技有限公司,西安·雁塔·漳浒寨,1.4-2.5万,3-5年,本科
python数据分析工程师,张家口市华佗医药经营有限公司,张家口·桥西区·明德南街街道,4000-6000元,3-5年,本科
python数据分析工程师,张家口市华佗医药经营有限公司,张家口·桥西区·明德南街街道,4000-6000元,3-5年,本科
python数据分析工程师,张家口市华佗医药经营有限公司,张家口·桥西区·明德南街街道,4000-6000元,3-5年,本科
python数据分析工程师,张家口市华佗医药经营有限公司,张家口·桥西区·明德南街街道,4000-6000元,3-5年,本科
Java/C++/C/Python/GO/JS,外企德科数字技术有限公司,上海·浦东·金桥,1.2-2.4万·15薪,经验不限,本科
Java/C++/C/Python/GO/JS,外企德科数字技术有限公司,上海·浦东·金桥,1.2-2.4万·15薪,经验不限,本科
急聘少儿编程Python老师（就近分配）,天津爱编程教育科技有限公司,天津·河西·越秀路,7000-13000元,1-3年,大专
急聘少儿编程Python老师（就近分配）,天津爱编程教育科技有限公司,天津·河西·越秀路,7000-13000元,1-3年,大专
python讲师,北京华晟经世信息技术股份有限公司,邯郸·丛台区·联纺西街道,7000-9000元,经验不限,本科
python讲师,北京华晟经世信息技术股份有限公司,邯郸·丛台区·联纺西街道,7000-9000元,经验不限,本科
JAVA/C++/C/Python 14薪双休 应届生可投,外企德科数字技术有限公司,武汉·硚口·长丰,1.5-3万,经验不限,本科
JAVA/C++/C/Python 14薪双休 应届生可投,外企德科数字技术有限公司,武汉·硚口·长丰,1.5-3万,经验不限,本科
Python开发工程师,凯瑞德医药,石家庄·裕华·太行,7000-14000元,1-3年,本科
Python开发工程师,凯瑞德医药,石家庄·裕华·太行,7000-14000元,1-3年,本科
Python高级工程师,西安凯士电子科技有限公司,西安·长安·韦曲,8000-15000元,3-5年,本科
Python高级工程师,西安凯士电子科技有限公司,西安·长安·韦曲,8000-15000元,3-5年,本科
python后端开发工程师,外企德科数字技术有限公司,上海·浦东·金桥,1.6-2.6万·14薪,经验不限,本科
python后端开发工程师,外企德科数字技术有限公司,上海·浦东·金桥,1.6-2.6万·14薪,经验不限,本科
python 2W底薪+双休,深圳内山文化产业发展有限公司,深圳·南山·南头,1.8-3万·13薪,3-5年,学历不限
python 2W底薪+双休,深圳内山文化产业发展有限公司,深圳·南山·南头,1.8-3万·13薪,3-5年,学历不限
python后端开发工程师,北京中科明一健康科技有限公司,北京·朝阳,1.3-1.8万,3-5年,本科
python后端开发工程师,北京中科明一健康科技有限公司,北京·朝阳,1.3-1.8万,3-5年,本科
python后端开发工程师,外企德科数字技术有限公司,北京·海淀,1.5-1.7万,经验不限,学历不限
python后端开发工程师,外企德科数字技术有限公司,北京·海淀,1.5-1.7万,经验不限,学历不限
python后端开发工程师,软通动力信息技术(集团)股份有限公司,西安·长安·王寺,7000-13000元,1-3年,本科
python后端开发工程师,软通动力信息技术(集团)股份有限公司,西安·长安·王寺,7000-13000元,1-3年,本科
python（ai方向~外包岗）,深圳市睿服科技有限公司,北京·朝阳·麦子店,1.6-2.1万,3-5年,大专
python（ai方向~外包岗）,深圳市睿服科技有限公司,北京·朝阳·麦子店,1.6-2.1万,3-5年,大专
软件开发测试工程师（c++、c、java、python）,外企德科数字技术有限公司,武汉·江夏·豹澥,1.1-1.4万,经验不限,学历不限
软件开发测试工程师（c++、c、java、python）,外企德科数字技术有限公司,武汉·江夏·豹澥,1.1-1.4万,经验不限,学历不限
python自动化测试,软通动力信息技术(集团)股份有限公司,西安·长安·王寺,8000-12000元,1-3年,本科
python自动化测试,软通动力信息技术(集团)股份有限公司,西安·长安·王寺,8000-12000元,1-3年,本科
Python开发工程师（大模型应用方向）,东方瑞创达,北京·海淀·羊坊店,1.6-1.8万·13薪,1-3年,本科
Python开发工程师（大模型应用方向）,东方瑞创达,北京·海淀·羊坊店,1.6-1.8万·13薪,1-3年,本科
算法工程师-AI Python,外企德科数字技术有限公司,杭州·滨江·长河,1.5-2.5万·14薪,3-5年,本科
算法工程师-AI Python,外企德科数字技术有限公司,杭州·滨江·长河,1.5-2.5万·14薪,3-5年,本科
Python开发工程师,软通动力信息技术(集团)股份有限公司,东莞·寮步镇,1-2万,3-5年,本科
Python开发工程师,软通动力信息技术(集团)股份有限公司,东莞·寮步镇,1-2万,3-5年,本科
Python开发,蓬勃科技(大连)有限公司,成都·双流·兴隆,1.6-2万,3-5年,大专
Python开发,蓬勃科技(大连)有限公司,成都·双流·兴隆,1.6-2万,3-5年,大专
python后端开发工程师,外企德科数字技术有限公司,成都·郫都·合作街道,1.5-3万,经验不限,本科
python后端开发工程师,外企德科数字技术有限公司,成都·郫都·合作街道,1.5-3万,经验不限,本科
python自动化测试（可远程面）,软通动力信息技术(集团)股份有限公司,东莞·大朗镇,1.2-1.8万,经验不限,本科
python自动化测试（可远程面）,软通动力信息技术(集团)股份有限公司,东莞·大朗镇,1.2-1.8万,经验不限,本科
python自动化测试（可远程面）,软通动力信息技术(集团)股份有限公司,东莞·大朗镇,1.2-1.8万,经验不限,本科
python自动化测试（可远程面）,软通动力信息技术(集团)股份有限公司,东莞·大朗镇,1.2-1.8万,经验不限,本科
python 开发工程师,中电金信软件有限公司,北京·丰台·太平桥,1.2-1.8万,3-5年,本科
python 开发工程师,中电金信软件有限公司,北京·丰台·太平桥,1.2-1.8万,3-5年,本科
Java/C/C++/JS/python/测试/运维开发/数据（接受24届无经验、考研断档等）,外企德科数字技术有限公司,上海·浦东·金桥,1.7-3万·14薪,经验不限,本科
Java/C/C++/JS/python/测试/运维开发/数据（接受24届无经验、考研断档等）,外企德科数字技术有限公司,上海·浦东·金桥,1.7-3万·14薪,经验不限,本科
python后端开发工程师,徽通科技集团有限公司,广州·天河·冼村,1.2-1.5万,1-3年,学历不限
python后端开发工程师,徽通科技集团有限公司,广州·天河·冼村,1.2-1.5万,1-3年,学历不限
软件测试（python/c语言）,中软国际,西安·雁塔·杜城,面议,1-3年,本科
软件测试（python/c语言）,中软国际,西安·雁塔·杜城,面议,1-3年,本科
前端/Java/Python/C/C++/go开发工程师,外企德科数字技术有限公司,合肥·蜀山·笔架山,2-4万·14薪,经验不限,本科
前端/Java/Python/C/C++/go开发工程师,外企德科数字技术有限公司,合肥·蜀山·笔架山,2-4万·14薪,经验不限,本科
python自动化测试,软通动力信息技术(集团)股份有限公司,成都·郫都·合作街道,8000-12000元,1-3年,本科
python自动化测试,软通动力信息技术(集团)股份有限公司,成都·郫都·合作街道,8000-12000元,1-3年,本科
Python后端开发工程师,南京泰可信科技发展有限公司,南京·建邺·兴隆,8000-12000元,3-5年,本科
Python后端开发工程师,南京泰可信科技发展有限公司,南京·建邺·兴隆,8000-12000元,3-5年,本科
C/C++/python/Java/JS/测试/算法所有语言都有招聘,外企德科数字技术有限公司,南京·雨花台·铁心桥,1.2-2.4万,经验不限,本科
C/C++/python/Java/JS/测试/算法所有语言都有招聘,外企德科数字技术有限公司,南京·雨花台·铁心桥,1.2-2.4万,经验不限,本科
python开发工程师,软通动力信息技术(集团)股份有限公司,深圳·龙岗·平湖,1.1-1.8万,1-3年,本科
python开发工程师,软通动力信息技术(集团)股份有限公司,深圳·龙岗·平湖,1.1-1.8万,1-3年,本科
python后端开发工程师+六险一金+带薪年假,天津华创腾达网络科技有限公司,天津·河东·上杭路,8000-16000元,1-3年,大专
python后端开发工程师+六险一金+带薪年假,天津华创腾达网络科技有限公司,天津·河东·上杭路,8000-16000元,1-3年,大专
Java/C/C++/Python/前端/测试（接受应届）,外企德科数字技术有限公司,深圳·龙岗·坂田,1.5-3万·14薪,经验不限,本科
Java/C/C++/Python/前端/测试（接受应届）,外企德科数字技术有限公司,深圳·龙岗·坂田,1.5-3万·14薪,经验不限,本科
python后端开发工程师,广东南方通信建设有限公司八分公司,广州·天河·冼村,1.1-1.7万,3-5年,大专
python后端开发工程师,广东南方通信建设有限公司八分公司,广州·天河·冼村,1.1-1.7万,3-5年,大专
python数据开发工程师,首聘(北京)科技有限公司,深圳·南山·粤海,1.3-1.6万,1-3年,本科
python数据开发工程师,首聘(北京)科技有限公司,深圳·南山·粤海,1.3-1.6万,1-3年,本科
java/c++/python后端开发/软件测试,外企德科数字技术有限公司,武汉·江夏·豹澥,1.5-3万·16薪,经验不限,本科
java/c++/python后端开发/软件测试,外企德科数字技术有限公司,武汉·江夏·豹澥,1.5-3万·16薪,经验不限,本科
python后端开发工程师（六险一金）,天津华创腾达网络科技有限公司,天津·河东·上杭路,8000-15000元,1-3年,本科
python后端开发工程师（六险一金）,天津华创腾达网络科技有限公司,天津·河东·上杭路,8000-15000元,1-3年,本科
python开发工程师,合邦电力科技有限公司,晋中·榆次区·晋中经济开发区,6000-8000元,3-5年,本科
python开发工程师,合邦电力科技有限公司,晋中·榆次区·晋中经济开发区,6000-8000元,3-5年,本科
java/c++/C/Python/前端开发工程师,外企德科数字技术有限公司,南京·雨花台·雨花,1.5-3万·14薪,经验不限,本科
java/c++/C/Python/前端开发工程师,外企德科数字技术有限公司,南京·雨花台·雨花,1.5-3万·14薪,经验不限,本科
python爬虫工程师,烟台富美特信息科技股份有限公司,济南·历下·舜华路,7000-11000元,1-3年,大专
python爬虫工程师,烟台富美特信息科技股份有限公司,济南·历下·舜华路,7000-11000元,1-3年,大专
佛山Python开发工程师（急招六险一金）,亿达信息,佛山·顺德·北滘,1-1.5万,3-5年,大专
佛山Python开发工程师（急招六险一金）,亿达信息,佛山·顺德·北滘,1-1.5万,3-5年,大专
C/C++/Java/Python/JS软件开发/算法/数据,外企德科数字技术有限公司,杭州·滨江·长河,1.7-3万·15薪,经验不限,本科
C/C++/Java/Python/JS软件开发/算法/数据,外企德科数字技术有限公司,杭州·滨江·长河,1.7-3万·15薪,经验不限,本科
C/C++/Java/Python/JS软件开发/算法/数据,外企德科数字技术有限公司,杭州·滨江·长河,1.7-3万·15薪,经验不限,本科
C/C++/Java/Python/JS软件开发/算法/数据,外企德科数字技术有限公司,杭州·滨江·长河,1.7-3万·15薪,经验不限,本科
软件工程师（.NET/Go/Python方向）,广东南方通信建设有限公司八分公司,呼和浩特·赛罕,8000-9000元,1-3年,大专
软件工程师（.NET/Go/Python方向）,广东南方通信建设有限公司八分公司,呼和浩特·赛罕,8000-9000元,1-3年,大专
Python 量化策略工程师,智容睿盛,长沙·长沙·泉塘,1-1.5万,1-3年,本科
Python 量化策略工程师,智容睿盛,长沙·长沙·泉塘,1-1.5万,1-3年,本科
C/C++/Java/JS/Python软件开发（全国有岗 接受应届）,外企德科数字技术有限公司,长沙·岳麓·麓谷,1.5-3万·14薪,经验不限,本科
C/C++/Java/JS/Python软件开发（全国有岗 接受应届）,外企德科数字技术有限公司,长沙·岳麓·麓谷,1.5-3万·14薪,经验不限,本科
python后端开发（Django）,四川创一智慧科技有限公司,成都·青羊·文家,8000-15000元·13薪,1-3年,本科
python后端开发（Django）,四川创一智慧科技有限公司,成都·青羊·文家,8000-15000元·13薪,1-3年,本科
软件工程师（python，C/C#）,南京中拓科技有限公司,南京·江宁·麒麟,1.1-1.7万·13薪,3-5年,本科
软件工程师（python，C/C#）,南京中拓科技有限公司,南京·江宁·麒麟,1.1-1.7万·13薪,3-5年,本科
C/C++/Java/Python/JS软件开发/算法/数据,外企德科数字技术有限公司,重庆·渝中·七星岗,1.5-3万·15薪,经验不限,本科
C/C++/Java/Python/JS软件开发/算法/数据,外企德科数字技术有限公司,重庆·渝中·七星岗,1.5-3万·15薪,经验不限,本科
Python量化工程师,长沙览思智能科技有限公司,长沙·岳麓·学士,1-1.3万,3-5年,本科
Python量化工程师,长沙览思智能科技有限公司,长沙·岳麓·学士,1-1.3万,3-5年,本科
python自动化测试工程师+双休+电话面试,软通动力信息技术(集团)股份有限公司,东莞·大朗镇,9000-13000元,1-3年,本科
python自动化测试工程师+双休+电话面试,软通动力信息技术(集团)股份有限公司,东莞·大朗镇,9000-13000元,1-3年,本科
java、C/C++、python等个后端开发,外企德科数字技术有限公司,南京·雨花台·雨花,1.6-3万·16薪,经验不限,本科
java、C/C++、python等个后端开发,外企德科数字技术有限公司,南京·雨花台·雨花,1.6-3万·16薪,经验不限,本科
python软件工程师,苏州英格玛服务外包股份有限公司,上海·浦东·张江,1.2-1.5万,3-5年,大专
python软件工程师,苏州英格玛服务外包股份有限公司,上海·浦东·张江,1.2-1.5万,3-5年,大专
python自动化测试工程师,软通动力信息技术(集团)股份有限公司,西安·长安·王寺,7000-12000元,1-3年,本科
python自动化测试工程师,软通动力信息技术(集团)股份有限公司,西安·长安·王寺,7000-12000元,1-3年,本科
C++/C/Java/python/GO/JS/算法,外企德科数字技术有限公司,杭州·滨江·长河,1.4-2.8万·15薪,经验不限,本科
C++/C/Java/python/GO/JS/算法,外企德科数字技术有限公司,杭州·滨江·长河,1.4-2.8万·15薪,经验不限,本科
业务测试（python/银行/双休）,深圳市汇合发展有限公司,深圳·南山·粤海,1.1-1.6万·13薪,3-5年,本科
业务测试（python/银行/双休）,深圳市汇合发展有限公司,深圳·南山·粤海,1.1-1.6万·13薪,3-5年,本科
python后端开发工程师（上市公司+周末双休）,软通动力信息技术(集团)股份有限公司,武汉·洪山·花山,8000-14000元,1-3年,本科
python后端开发工程师（上市公司+周末双休）,软通动力信息技术(集团)股份有限公司,武汉·洪山·花山,8000-14000元,1-3年,本科
Java/Python/C/C++/Web/测试工程师,外企德科数字技术有限公司,成都·郫都·合作街道,1.4-2.8万·16薪,经验不限,本科
Java/Python/C/C++/Web/测试工程师,外企德科数字技术有限公司,成都·郫都·合作街道,1.4-2.8万·16薪,经验不限,本科
软件开发工程师（C++或python）,文远知行,北京·大兴·荣华街道,2-4万·15薪,3-5年,本科
软件开发工程师（C++或python）,文远知行,北京·大兴·荣华街道,2-4万·15薪,3-5年,本科
python测试工程师,中软国际,西安·雁塔·漳浒寨,面议,1-3年,本科
python测试工程师,中软国际,西安·雁塔·漳浒寨,面议,1-3年,本科
C/C++/Java/Python/JS软件开发/算法/数据,外企德科数字技术有限公司,北京·海淀,1.5-3万·15薪,经验不限,本科
C/C++/Java/Python/JS软件开发/算法/数据,外企德科数字技术有限公司,北京·海淀,1.5-3万·15薪,经验不限,本科
软件开发工程师（C++或python）,文远知行,广州·海珠·官洲,2-4万·15薪,3-5年,本科
软件开发工程师（C++或python）,文远知行,广州·海珠·官洲,2-4万·15薪,3-5年,本科
python自动化测试工程师,软通动力信息技术(集团)股份有限公司,西安·雁塔·漳浒寨,8000-10000元,1-3年,本科
python自动化测试工程师,软通动力信息技术(集团)股份有限公司,西安·雁塔·漳浒寨,8000-10000元,1-3年,本科
python自动化测试工程师,软通动力信息技术(集团)股份有限公司,西安·雁塔·漳浒寨,8000-10000元,1-3年,本科
python自动化测试工程师,软通动力信息技术(集团)股份有限公司,西安·雁塔·漳浒寨,8000-10000元,1-3年,本科
软件开发工程师(C/C++/ Java/Python),外企德科数字技术有限公司,广州·白云·松洲,2-2.8万·16薪,经验不限,本科
软件开发工程师(C/C++/ Java/Python),外企德科数字技术有限公司,广州·白云·松洲,2-2.8万·16薪,经验不限,本科
软件开发工程师（C++或python）,文远知行,深圳·宝安·新安,2-4万·15薪,3-5年,本科
软件开发工程师（C++或python）,文远知行,深圳·宝安·新安,2-4万·15薪,3-5年,本科
Python开发工程师,上海润迅商凯电话商务有限公司,上海·长宁·华阳路,1.4-1.7万·13薪,1-3年,本科
Python开发工程师,上海润迅商凯电话商务有限公司,上海·长宁·华阳路,1.4-1.7万·13薪,1-3年,本科
Java/c/c++/python/js软件开发工程师,外企德科数字技术有限公司,上海·青浦·金泽,1.4-2.8万·14薪,经验不限,本科
Java/c/c++/python/js软件开发工程师,外企德科数字技术有限公司,上海·青浦·金泽,1.4-2.8万·14薪,经验不限,本科
Python开发工程师,京北方,北京·丰台·六里桥,1.5-2万,3-5年,本科
Python开发工程师,京北方,北京·丰台·六里桥,1.5-2万,3-5年,本科
python开发,北京联合盈鑫信息技术有限公司,北京·海淀·青龙桥,1.6-1.8万,3-5年,本科
python开发,北京联合盈鑫信息技术有限公司,北京·海淀·青龙桥,1.6-1.8万,3-5年,本科
软件开发工程师(Java/Python/C/C++/Js),外企德科数字技术有限公司,西安·长安·郭杜,1.5-3万,经验不限,本科
软件开发工程师(Java/Python/C/C++/Js),外企德科数字技术有限公司,西安·长安·郭杜,1.5-3万,经验不限,本科
python后端开发工程师,西安明月华炎信息科技有限公司,西安·雁塔·丈八沟,1.3-1.8万,5-10年,本科
python后端开发工程师,西安明月华炎信息科技有限公司,西安·雁塔·丈八沟,1.3-1.8万,5-10年,本科
Python工程师,紫藤知识产权运营(深圳)有限公司,深圳·南山·粤海,1.2-2.4万,3-5年,本科
Python工程师,紫藤知识产权运营(深圳)有限公司,深圳·南山·粤海,1.2-2.4万,3-5年,本科
java/c++/python后端开发/软件测试,外企德科数字技术有限公司,南京·雨花台·雨花,1.5-3万·16薪,经验不限,本科
java/c++/python后端开发/软件测试,外企德科数字技术有限公司,南京·雨花台·雨花,1.5-3万·16薪,经验不限,本科
python开发工程师,西安明月华炎信息科技有限公司,西安·雁塔·丈八沟,1-1.8万,3-5年,大专
python开发工程师,西安明月华炎信息科技有限公司,西安·雁塔·丈八沟,1-1.8万,3-5年,大专
python后端开发工程师,云网易通信息技术(河南)有限公司,上海·杨浦·大桥,1.6-1.7万,3-5年,本科
python后端开发工程师,云网易通信息技术(河南)有限公司,上海·杨浦·大桥,1.6-1.7万,3-5年,本科
软件开发（多语言 Java Python C/C++js等测试,外企德科数字技术有限公司,长沙·岳麓·麓谷,1.2-2.4万,经验不限,本科
软件开发（多语言 Java Python C/C++js等测试,外企德科数字技术有限公司,长沙·岳麓·麓谷,1.2-2.4万,经验不限,本科
python（云持续运营）,科锐尔人力资源服务(苏州)有限公司,杭州·滨江·长河,1.2-1.7万·14薪,3-5年,本科
python（云持续运营）,科锐尔人力资源服务(苏州)有限公司,杭州·滨江·长河,1.2-1.7万·14薪,3-5年,本科
Python开发工程师,河北非凡物联网科技有限公司,石家庄·裕华·长江,7000-14000元,3-5年,学历不限
Python开发工程师,河北非凡物联网科技有限公司,石家庄·裕华·长江,7000-14000元,3-5年,学历不限
软件开发（C/C++，Java，Python）14薪,外企德科数字技术有限公司,上海·青浦·金泽,1.5-3万·16薪,经验不限,本科
软件开发（C/C++，Java，Python）14薪,外企德科数字技术有限公司,上海·青浦·金泽,1.5-3万·16薪,经验不限,本科
python程序员,长沙览思智能科技有限公司,宁波·镇海·骆驼,8000-15000元·13薪,3-5年,本科
python程序员,长沙览思智能科技有限公司,宁波·镇海·骆驼,8000-15000元·13薪,3-5年,本科
Python 编程、数据可视化、数据分析，有GIS经验优先,上海隧道工程质量检测有限公司,上海·闵行·颛桥,1.2-1.8万,1-3年,学历不限
Python 编程、数据可视化、数据分析，有GIS经验优先,上海隧道工程质量检测有限公司,上海·闵行·颛桥,1.2-1.8万,1-3年,学历不限
软件开发工程师（Java/C/C++/python),外企德科数字技术有限公司,上海·青浦·金泽,1.5-3万·14薪,经验不限,本科
软件开发工程师（Java/C/C++/python),外企德科数字技术有限公司,上海·青浦·金泽,1.5-3万·14薪,经验不限,本科
python开发实习工程师,河北非凡物联网科技有限公司,石家庄·裕华·长江,150-200元/天,无经验,本科
python开发实习工程师,河北非凡物联网科技有限公司,石家庄·裕华·长江,150-200元/天,无经验,本科
python开发实习工程师,河北非凡物联网科技有限公司,石家庄·裕华·长江,150-200元/天,无经验,本科
python开发实习工程师,河北非凡物联网科技有限公司,石家庄·裕华·长江,150-200元/天,无经验,本科
python后端开发工程师,某大型国企公司,北京·西城·西长安街,2.5-5万,5-10年,硕士
python后端开发工程师,某大型国企公司,北京·西城·西长安街,2.5-5万,5-10年,硕士
Java/C/C++/Python/JS 软件开发（多部门推荐）,外企德科数字技术有限公司,杭州·滨江·长河,1.8-3.5万·14薪,经验不限,本科
Java/C/C++/Python/JS 软件开发（多部门推荐）,外企德科数字技术有限公司,杭州·滨江·长河,1.8-3.5万·14薪,经验不限,本科
python后端开发工程师（人力资源方向）,浪潮集团,北京·海淀·北太平庄,1.5-1.7万,3-5年,大专
python后端开发工程师（人力资源方向）,浪潮集团,北京·海淀·北太平庄,1.5-1.7万,3-5年,大专
python算法工程师,郑州海铭威科技有限公司,郑州·金水·祭城路,1-1.6万,1-3年,本科
python算法工程师,郑州海铭威科技有限公司,郑州·金水·祭城路,1-1.6万,1-3年,本科
python（全国）考公考研失败可，无经验可,外企德科数字技术有限公司,上海·浦东·金桥,1.4-2.8万·14薪,经验不限,本科
python（全国）考公考研失败可，无经验可,外企德科数字技术有限公司,上海·浦东·金桥,1.4-2.8万·14薪,经验不限,本科
python工程师,京北方,北京·丰台·看丹,1.6-2.2万,5-10年,本科
python工程师,京北方,北京·丰台·看丹,1.6-2.2万,5-10年,本科
Python研发工程师,软通动力信息技术(集团)股份有限公司,西安·雁塔·鱼化寨,1-1.5万,1-3年,本科
Python研发工程师,软通动力信息技术(集团)股份有限公司,西安·雁塔·鱼化寨,1-1.5万,1-3年,本科
Java/C/C++/Python/前端/测试（接受应届）,外企德科数字技术有限公司,成都·郫都·合作街道,1.3-2.6万·14薪,经验不限,本科
Java/C/C++/Python/前端/测试（接受应届）,外企德科数字技术有限公司,成都·郫都·合作街道,1.3-2.6万·14薪,经验不限,本科
Python初级大数据开发工程师,北京远大创新科技有限公司,北京·海淀·海淀街道,1-1.2万,1-3年,本科
Python初级大数据开发工程师,北京远大创新科技有限公司,北京·海淀·海淀街道,1-1.2万,1-3年,本科
python开发,软通动力信息技术(集团)股份有限公司,东莞·大朗镇,1-2万,1-3年,本科
python开发,软通动力信息技术(集团)股份有限公司,东莞·大朗镇,1-2万,1-3年,本科
c/c++/java/python开发/测试【base东莞】,外企德科数字技术有限公司,东莞·大朗镇,1.2-1.8万·14薪,经验不限,本科
c/c++/java/python开发/测试【base东莞】,外企德科数字技术有限公司,东莞·大朗镇,1.2-1.8万·14薪,经验不限,本科
python爬虫工程师,北京华源格林科技有限公司,郑州·二七区·淮河路,6000-9000元,1-3年,本科
python爬虫工程师,北京华源格林科技有限公司,郑州·二七区·淮河路,6000-9000元,1-3年,本科
python开发工程师,软通动力信息技术(集团)股份有限公司,武汉·洪山·花山,1-1.5万,1-3年,本科
python开发工程师,软通动力信息技术(集团)股份有限公司,武汉·洪山·花山,1-1.5万,1-3年,本科
软件开发/测试（JAVA/C/Python/web）等,外企德科数字技术有限公司,深圳·龙岗·坂田,1.4-2.7万·16薪,经验不限,本科
软件开发/测试（JAVA/C/Python/web）等,外企德科数字技术有限公司,深圳·龙岗·坂田,1.4-2.7万·16薪,经验不限,本科
Python工程师,荣联汇智,天津·南开·兴南,8000-12000元,1-3年,本科
Python工程师,荣联汇智,天津·南开·兴南,8000-12000元,1-3年,本科
python开发 （周末双休，薪资open，面试反馈快）,软通动力信息技术(集团)股份有限公司,深圳·龙岗·坂田,1.5-2万,1-3年,本科
python开发 （周末双休，薪资open，面试反馈快）,软通动力信息技术(集团)股份有限公司,深圳·龙岗·坂田,1.5-2万,1-3年,本科
Java/Python/C/C++/数开/测试/算法/前端岗,外企德科数字技术有限公司,深圳·龙岗·坂田,1.5-3万·14薪,经验不限,本科
Java/Python/C/C++/数开/测试/算法/前端岗,外企德科数字技术有限公司,深圳·龙岗·坂田,1.5-3万·14薪,经验不限,本科
Python开发工程师,江西知税税务师事务所有限公司,南昌·青山湖·京东镇,8000-12000元,1-3年,大专
Python开发工程师,江西知税税务师事务所有限公司,南昌·青山湖·京东镇,8000-12000元,1-3年,大专
测试工具开发（Python）,软通动力信息技术(集团)股份有限公司,武汉·洪山·九峰,1.5-2.5万,5-10年,大专
测试工具开发（Python）,软通动力信息技术(集团)股份有限公司,武汉·洪山·九峰,1.5-2.5万,5-10年,大专
C/C++/Java/JS/Python软件开发（全国有岗 接受应届）,外企德科数字技术有限公司,武汉·江夏·豹澥,1.5-3万·14薪,经验不限,本科
C/C++/Java/JS/Python软件开发（全国有岗 接受应届）,外企德科数字技术有限公司,武汉·江夏·豹澥,1.5-3万·14薪,经验不限,本科
C/C++/Java/JS/Python软件开发（全国有岗 接受应届）,外企德科数字技术有限公司,武汉·江夏·豹澥,1.5-3万·14薪,经验不限,本科
C/C++/Java/JS/Python软件开发（全国有岗 接受应届）,外企德科数字技术有限公司,武汉·江夏·豹澥,1.5-3万·14薪,经验不限,本科
python后端开发工程师,天津德尔塔科技有限公司,天津·西青·西营门,6000-12000元,1-3年,本科
python后端开发工程师,天津德尔塔科技有限公司,天津·西青·西营门,6000-12000元,1-3年,本科
python开发,软通动力信息技术(集团)股份有限公司,南京·江宁·淳化,1-1.5万,1-3年,本科
python开发,软通动力信息技术(集团)股份有限公司,南京·江宁·淳化,1-1.5万,1-3年,本科
Java/Python/C/C++/Web/测试工程师,外企德科数字技术有限公司,武汉·江夏·豹澥,1.4-2.8万·16薪,经验不限,本科
Java/Python/C/C++/Web/测试工程师,外企德科数字技术有限公司,武汉·江夏·豹澥,1.4-2.8万·16薪,经验不限,本科
python后端开发工程师,北京玉成科创科技集团有限公司,北京·大兴·天宫院,1.4-1.8万,3-5年,本科
python后端开发工程师,北京玉成科创科技集团有限公司,北京·大兴·天宫院,1.4-1.8万,3-5年,本科
python开发工程师,北京中达恒业科技发展有限公司,合肥·蜀山·南岗,1.3-2万,3-5年,本科
python开发工程师,北京中达恒业科技发展有限公司,合肥·蜀山·南岗,1.3-2万,3-5年,本科
java/Python/C/C++/JS/AI算法/软件测试,外企德科数字技术有限公司,南京·雨花台·铁心桥,2-4万·14薪,经验不限,本科
java/Python/C/C++/JS/AI算法/软件测试,外企德科数字技术有限公司,南京·雨花台·铁心桥,2-4万·14薪,经验不限,本科
python开发工程师,福建拓尔通软件有限公司,福州·闽侯·荆溪,6000-12000元·13薪,1-3年,本科
python开发工程师,福建拓尔通软件有限公司,福州·闽侯·荆溪,6000-12000元·13薪,1-3年,本科
Python开发工程师,中电金信软件有限公司,无锡·新吴·新安,8000-12000元,1-3年,本科
Python开发工程师,中电金信软件有限公司,无锡·新吴·新安,8000-12000元,1-3年,本科
Java/C++/C/Python/web/Go/测试/安卓,外企德科数字技术有限公司,东莞·大朗镇,1-2万,经验不限,本科
Java/C++/C/Python/web/Go/测试/安卓,外企德科数字技术有限公司,东莞·大朗镇,1-2万,经验不限,本科
python开发工程师,山西阳光三极科技股份有限公司,太原·小店·西温庄,6000-9000元,3-5年,本科
python开发工程师,山西阳光三极科技股份有限公司,太原·小店·西温庄,6000-9000元,3-5年,本科
Python开发工程师,中科软科技股份有限公司,北京·海淀·上地,9000-18000元,1-3年,本科
Python开发工程师,中科软科技股份有限公司,北京·海淀·上地,9000-18000元,1-3年,本科
java/python/C++/测试/C/GO/大数据开发 软件通用岗位/接受应届考研考公失败,外企德科数字技术有限公司,南京·雨花台·雨花,1.5-3万·14薪,经验不限,本科
java/python/C++/测试/C/GO/大数据开发 软件通用岗位/接受应届考研考公失败,外企德科数字技术有限公司,南京·雨花台·雨花,1.5-3万·14薪,经验不限,本科
python自动化测试工程师英语口语,中电金信软件有限公司,大连·沙河口·南沙河口,7000-10000元,3-5年,本科
python自动化测试工程师英语口语,中电金信软件有限公司,大连·沙河口·南沙河口,7000-10000元,3-5年,本科
python后端开发工程师,润和软件,重庆·两江新区,1.5-2万,3-5年,本科
python后端开发工程师,润和软件,重庆·两江新区,1.5-2万,3-5年,本科
软件工程师c/c++/python/java+双休,外企德科数字技术有限公司,合肥·蜀山·笔架山,2.2-2.3万·16薪,经验不限,本科
软件工程师c/c++/python/java+双休,外企德科数字技术有限公司,合肥·蜀山·笔架山,2.2-2.3万·16薪,经验不限,本科
python测试工程师,软通动力信息技术(集团)股份有限公司,成都·郫都·友爱,7000-9000元,1-3年,本科
python测试工程师,软通动力信息技术(集团)股份有限公司,成都·郫都·友爱,7000-9000元,1-3年,本科
python开发-奕派科技,东风汽车,武汉·蔡甸·沌口,1.2-1.6万,3-5年,本科
python开发-奕派科技,东风汽车,武汉·蔡甸·沌口,1.2-1.6万,3-5年,本科
软件开发（多语言 Java Python C/C++js等测试,外企德科数字技术有限公司,济南·历下·龙洞,1.2-2.4万,经验不限,本科
软件开发（多语言 Java Python C/C++js等测试,外企德科数字技术有限公司,济南·历下·龙洞,1.2-2.4万,经验不限,本科
python工程师,软通动力信息技术(集团)股份有限公司,深圳·龙岗·坂田,1-1.8万,1-3年,本科
python工程师,软通动力信息技术(集团)股份有限公司,深圳·龙岗·坂田,1-1.8万,1-3年,本科
Python软件工程师,湖南省湘辉人力资源服务有限公司,长沙·开福·洪山,1.1-1.5万,3-5年,硕士
Python软件工程师,湖南省湘辉人力资源服务有限公司,长沙·开福·洪山,1.1-1.5万,3-5年,硕士
Python软件工程师,湖南省湘辉人力资源服务有限公司,长沙·开福·洪山,1.1-1.5万,3-5年,硕士
Python软件工程师,湖南省湘辉人力资源服务有限公司,长沙·开福·洪山,1.1-1.5万,3-5年,硕士
Java/python/JS/C++/C#\开发测试，均有岗位在招聘,外企德科数字技术有限公司,深圳·龙岗·坂田,1.5-3万,无经验,本科
Java/python/JS/C++/C#\开发测试，均有岗位在招聘,外企德科数字技术有限公司,深圳·龙岗·坂田,1.5-3万,无经验,本科
python自动化测试,软通动力信息技术(集团)股份有限公司,深圳·坪山·龙田,1.3-1.8万,3-5年,本科
python自动化测试,软通动力信息技术(集团)股份有限公司,深圳·坪山·龙田,1.3-1.8万,3-5年,本科
python大模型算法,深圳市睿服科技有限公司,北京·朝阳·麦子店,1.5-2万,3-5年,本科
python大模型算法,深圳市睿服科技有限公司,北京·朝阳·麦子店,1.5-2万,3-5年,本科
Java/C/C++/Python/JS 软件开发（多部门推荐）,外企德科数字技术有限公司,北京·海淀·花园路,1.8-3.5万·14薪,经验不限,本科
Java/C/C++/Python/JS 软件开发（多部门推荐）,外企德科数字技术有限公司,北京·海淀·花园路,1.8-3.5万·14薪,经验不限,本科
西安python开发（本科）,软通动力信息技术(集团)股份有限公司,西安·雁塔·漳浒寨,1-1.2万,3-5年,本科
西安python开发（本科）,软通动力信息技术(集团)股份有限公司,西安·雁塔·漳浒寨,1-1.2万,3-5年,本科
python工程师,北京乐可威信息技术有限公司,北京·大兴·荣华街道,1.3-1.5万,1-3年,本科
python工程师,北京乐可威信息技术有限公司,北京·大兴·荣华街道,1.3-1.5万,1-3年,本科
java/c++/python后端开发/软件测试,外企德科数字技术有限公司,杭州·滨江·长河,1.6-3万·14薪,经验不限,本科
java/c++/python后端开发/软件测试,外企德科数字技术有限公司,杭州·滨江·长河,1.6-3万·14薪,经验不限,本科
python开发工程师（福州）,福建罗德数字科技有限公司,福州·鼓楼·鼓东,9000-12000元,1-3年,本科
python开发工程师（福州）,福建罗德数字科技有限公司,福州·鼓楼·鼓东,9000-12000元,1-3年,本科
python开发工程师,湖南拓维云创科技有限责任公司,西安·雁塔·漳浒寨,9000-13000元,3-5年,本科
python开发工程师,湖南拓维云创科技有限责任公司,西安·雁塔·漳浒寨,9000-13000元,3-5年,本科
软件开发测试工程师（c++、c、java、python）,外企德科数字技术有限公司,上海·青浦·金泽,1.1-1.4万,经验不限,学历不限
软件开发测试工程师（c++、c、java、python）,外企德科数字技术有限公司,上海·青浦·金泽,1.1-1.4万,经验不限,学历不限
嵌入式开发/python自动化测试,软通动力信息技术(集团)股份有限公司,东莞·大朗镇,1-2万,1-3年,本科
嵌入式开发/python自动化测试,软通动力信息技术(集团)股份有限公司,东莞·大朗镇,1-2万,1-3年,本科
python开发工程师（杭州）,知来具身智能科技(苏州)有限公司,杭州·西湖·三墩,1.5-2万,1-3年,本科
python开发工程师（杭州）,知来具身智能科技(苏州)有限公司,杭州·西湖·三墩,1.5-2万,1-3年,本科
Java/C/C++/Python/前端/测试（接受应届）,外企德科数字技术有限公司,西安·雁塔·漳浒寨,1.4-2.8万·14薪,经验不限,本科
Java/C/C++/Python/前端/测试（接受应届）,外企德科数字技术有限公司,西安·雁塔·漳浒寨,1.4-2.8万·14薪,经验不限,本科
Python开发工程师（3D仿真软件方向）,信泰（福建）科技有限公司,泉州·晋江市·安海镇,9000-12000元·13薪,3-5年,本科
Python开发工程师（3D仿真软件方向）,信泰（福建）科技有限公司,泉州·晋江市·安海镇,9000-12000元·13薪,3-5年,本科
3W-5W/Python开发/15薪起/五险一金足额,重庆百融睿达科技有限公司,北京·朝阳·望京,3-5万·15薪,1-3年,本科
3W-5W/Python开发/15薪起/五险一金足额,重庆百融睿达科技有限公司,北京·朝阳·望京,3-5万·15薪,1-3年,本科
软件岗（Java/Python/C/C++/软测/嵌入式等）,外企德科数字技术有限公司,成都·郫都·合作街道,1.4-2.8万·14薪,经验不限,本科
软件岗（Java/Python/C/C++/软测/嵌入式等）,外企德科数字技术有限公司,成都·郫都·合作街道,1.4-2.8万·14薪,经验不限,本科
Python开发工程师,义乌市馨站科技有限公司,杭州·上城·彭埠,1.3-1.8万·13薪,3-5年,本科
Python开发工程师,义乌市馨站科技有限公司,杭州·上城·彭埠,1.3-1.8万·13薪,3-5年,本科
python后端开发工程师,上海朗裕信息科技有限公司,西安·雁塔·丈八沟,1-1.3万,5-10年,大专
python后端开发工程师,上海朗裕信息科技有限公司,西安·雁塔·丈八沟,1-1.3万,5-10年,大专
java/c++/C/Python/前端开发工程师,外企德科数字技术有限公司,北京·海淀,1.5-3万·14薪,经验不限,本科
java/c++/C/Python/前端开发工程师,外企德科数字技术有限公司,北京·海淀,1.5-3万·14薪,经验不限,本科
python后端开发工程师,彩讯科技股份有限公司,重庆·渝北,6000-8000元,1-3年,大专
python后端开发工程师,彩讯科技股份有限公司,重庆·渝北,6000-8000元,1-3年,大专
python后端开发工程师,彩讯科技股份有限公司,重庆·渝北,6000-8000元,1-3年,大专
python后端开发工程师,彩讯科技股份有限公司,重庆·渝北,6000-8000元,1-3年,大专
python(远程面试-五险一金）,湖南拓维云创科技有限责任公司,珠海·香洲区·拱北街道,1.1-1.6万,3-5年,本科
python(远程面试-五险一金）,湖南拓维云创科技有限责任公司,珠海·香洲区·拱北街道,1.1-1.6万,3-5年,本科
java/Python/C/C++/JS/AI算法/软件测试,外企德科数字技术有限公司,成都·郫都·合作街道,1.5-3万,1-3年,本科
java/Python/C/C++/JS/AI算法/软件测试,外企德科数字技术有限公司,成都·郫都·合作街道,1.5-3万,1-3年,本科
python后端开发工程师,中电金信软件有限公司,北京·海淀·羊坊店,1.5-2万,5-10年,大专
python后端开发工程师,中电金信软件有限公司,北京·海淀·羊坊店,1.5-2万,5-10年,大专
python爬虫工程师（双休，入职买五险一金）,南京悦能智能科技有限公司,北京·昌平·北七家,1.5-1.8万,5-10年,本科
python爬虫工程师（双休，入职买五险一金）,南京悦能智能科技有限公司,北京·昌平·北七家,1.5-1.8万,5-10年,本科
JAVA/C++/C/Python 14薪双休 应届生可投,外企德科数字技术有限公司,苏州·昆山·玉山,1.5-3万,经验不限,本科
JAVA/C++/C/Python 14薪双休 应届生可投,外企德科数字技术有限公司,苏州·昆山·玉山,1.5-3万,经验不限,本科
python运维开发工程师,亿达信息,佛山·顺德·北滘,1-1.3万,5-10年,大专
python运维开发工程师,亿达信息,佛山·顺德·北滘,1-1.3万,5-10年,大专
Python开发工程师,中国电子系统工程第三建设有限公司,成都·青羊·文家,9000-12000元,1-3年,本科
Python开发工程师,中国电子系统工程第三建设有限公司,成都·青羊·文家,9000-12000元,1-3年,本科
Java/C++/C/Python/GO/JS,外企德科数字技术有限公司,东莞·大朗镇,1.2-2.4万·15薪,经验不限,本科
Java/C++/C/Python/GO/JS,外企德科数字技术有限公司,东莞·大朗镇,1.2-2.4万·15薪,经验不限,本科
Python开发工程师,软通动力信息技术(集团)股份有限公司,西安·雁塔·漳浒寨,9000-10000元,1-3年,本科
Python开发工程师,软通动力信息技术(集团)股份有限公司,西安·雁塔·漳浒寨,9000-10000元,1-3年,本科
Python开发工程师,东软集团,北京·海淀·马连洼,1.3-2.6万,3-5年,本科
Python开发工程师,东软集团,北京·海淀·马连洼,1.3-2.6万,3-5年,本科
JAVA/C++/C/Python 14薪双休 应届生可投,外企德科数字技术有限公司,成都·锦江·书院街,1.5-3万,经验不限,本科
JAVA/C++/C/Python 14薪双休 应届生可投,外企德科数字技术有限公司,成都·锦江·书院街,1.5-3万,经验不限,本科
python爬虫工程师,软通动力信息技术(集团)股份有限公司,东莞·大朗镇,8000-16000元,1-3年,本科
python爬虫工程师,软通动力信息技术(集团)股份有限公司,东莞·大朗镇,8000-16000元,1-3年,本科
Python后端工程师（+Java）,福州捷盈计算机技术有限公司,福州·台江·宁化,1.2-2万·13薪,5-10年,本科
Python后端工程师（+Java）,福州捷盈计算机技术有限公司,福州·台江·宁化,1.2-2万·13薪,5-10年,本科
测试/前端/后端开发工程师Java/C/C++/Python,外企德科数字技术有限公司,杭州·滨江·长河,1.5-2.8万·14薪,经验不限,本科
测试/前端/后端开发工程师Java/C/C++/Python,外企德科数字技术有限公司,杭州·滨江·长河,1.5-2.8万·14薪,经验不限,本科
外包测试开发工程师（接受25届、熟悉Python）,武汉讯锡云科技有限公司,广州·天河·新塘,8000-13000元,3-5年,本科
外包测试开发工程师（接受25届、熟悉Python）,武汉讯锡云科技有限公司,广州·天河·新塘,8000-13000元,3-5年,本科
Python 开发工程师（AI方向）,福州千星科技有限公司,福州·仓山·下渡,1.1-1.5万,5-10年,学历不限
Python 开发工程师（AI方向）,福州千星科技有限公司,福州·仓山·下渡,1.1-1.5万,5-10年,学历不限
java/c++/python后端开发/软件测试,外企德科数字技术有限公司,深圳·龙岗·坂田,1.5-3万·16薪,经验不限,本科
java/c++/python后端开发/软件测试,外企德科数字技术有限公司,深圳·龙岗·坂田,1.5-3万·16薪,经验不限,本科
中级python,河北数微信息技术有限公司,秦皇岛·抚宁区·榆关镇,6000-10000元,1-3年,本科
中级python,河北数微信息技术有限公司,秦皇岛·抚宁区·榆关镇,6000-10000元,1-3年,本科
高级python,深圳内山文化产业发展有限公司,深圳·南山·南头,2-3.5万·13薪,3-5年,学历不限
高级python,深圳内山文化产业发展有限公司,深圳·南山·南头,2-3.5万·13薪,3-5年,学历不限
软件开发工程师（Java/C/C++/python),外企德科数字技术有限公司,武汉·江夏·豹澥,1.5-3万·14薪,经验不限,本科
软件开发工程师（Java/C/C++/python),外企德科数字技术有限公司,武汉·江夏·豹澥,1.5-3万·14薪,经验不限,本科
软件开发工程师（Java/C/C++/python),外企德科数字技术有限公司,武汉·江夏·豹澥,1.5-3万·14薪,经验不限,本科
软件开发工程师（Java/C/C++/python),外企德科数字技术有限公司,武汉·江夏·豹澥,1.5-3万·14薪,经验不限,本科
python自动化测试工程师,软通动力信息技术(集团)股份有限公司,北京·海淀,9000-15000元,1-3年,本科
python自动化测试工程师,软通动力信息技术(集团)股份有限公司,北京·海淀,9000-15000元,1-3年,本科
python后端开发工程师,中软国际,西安·长安·韦曲,面议,3-5年,本科
python后端开发工程师,中软国际,西安·长安·韦曲,面议,3-5年,本科
Python开发（接受2025届毕业无经验学生）,外企德科数字技术有限公司,上海·青浦·金泽,1.8-3.5万·15薪,经验不限,本科
Python开发（接受2025届毕业无经验学生）,外企德科数字技术有限公司,上海·青浦·金泽,1.8-3.5万·15薪,经验不限,本科
python开发工程师（线上面试）,软通动力信息技术(集团)股份有限公司,深圳·龙岗·平湖,1-1.5万,3-5年,本科
python开发工程师（线上面试）,软通动力信息技术(集团)股份有限公司,深圳·龙岗·平湖,1-1.5万,3-5年,本科
高级Python工程师,中科星图维天信科技股份有限公司,北京·海淀,2-4万,5-10年,本科
高级Python工程师,中科星图维天信科技股份有限公司,北京·海淀,2-4万,5-10年,本科
Java/JS/Python/算法/C/C++工程师,外企德科数字技术有限公司,深圳·龙岗·坂田,1.2-2.4万·14薪,经验不限,本科
Java/JS/Python/算法/C/C++工程师,外企德科数字技术有限公司,深圳·龙岗·坂田,1.2-2.4万·14薪,经验不限,本科
python开发,软通动力信息技术(集团)股份有限公司,深圳·龙岗·平湖,1.4-2万,3-5年,本科
python开发,软通动力信息技术(集团)股份有限公司,深圳·龙岗·平湖,1.4-2万,3-5年,本科
Python开发工程师（大模型工程架构）,中科软科技股份有限公司,北京·海淀·上地,1-1.5万·13薪,经验不限,硕士
Python开发工程师（大模型工程架构）,中科软科技股份有限公司,北京·海淀·上地,1-1.5万·13薪,经验不限,硕士
Java/JS/Python/算法/C/C++工程师,外企德科数字技术有限公司,上海·浦东·金桥,1.2-2.4万·14薪,经验不限,本科
Java/JS/Python/算法/C/C++工程师,外企德科数字技术有限公司,上海·浦东·金桥,1.2-2.4万·14薪,经验不限,本科
python运维工程师,软通动力信息技术(集团)股份有限公司,上海·浦东·唐镇,1.2-1.4万,3-5年,本科
python运维工程师,软通动力信息技术(集团)股份有限公司,上海·浦东·唐镇,1.2-1.4万,3-5年,本科
Python交付工程师,中电金信软件有限公司,北京·朝阳·朝外,2-2.6万·13薪,3-5年,本科
Python交付工程师,中电金信软件有限公司,北京·朝阳·朝外,2-2.6万·13薪,3-5年,本科
Java/JS/Python/算法/C/C++工程师,外企德科数字技术有限公司,杭州·滨江·西兴,1.2-2.4万·14薪,经验不限,本科
Java/JS/Python/算法/C/C++工程师,外企德科数字技术有限公司,杭州·滨江·西兴,1.2-2.4万·14薪,经验不限,本科
GIS软件开发工程师（桌面端/Python方向）,武汉智图云起科技有限公司,武汉·洪山·关山,8000-13000元,1-3年,本科
GIS软件开发工程师（桌面端/Python方向）,武汉智图云起科技有限公司,武汉·洪山·关山,8000-13000元,1-3年,本科
自动化测试（北京 AI Python 敏捷流程）,广州宏意星,北京·朝阳·八里庄,1.5-2万,3-5年,本科
自动化测试（北京 AI Python 敏捷流程）,广州宏意星,北京·朝阳·八里庄,1.5-2万,3-5年,本科
Java/Python/C/C++/数开/测试/算法/前端岗,外企德科数字技术有限公司,成都·郫都·合作街道,1.5-3万·14薪,经验不限,本科
Java/Python/C/C++/数开/测试/算法/前端岗,外企德科数字技术有限公司,成都·郫都·合作街道,1.5-3万·14薪,经验不限,本科
Python/Java开发支持工程师助理,深圳市瑞维控股有限公司,杭州·萧山·盈丰,8000-12000元,1-3年,本科
Python/Java开发支持工程师助理,深圳市瑞维控股有限公司,杭州·萧山·盈丰,8000-12000元,1-3年,本科
资深开发工程师（python） (MJ000674),卓望信息技术(北京)有限公司,北京·丰台·看丹,1.2-2万,1-3年,本科
资深开发工程师（python） (MJ000674),卓望信息技术(北京)有限公司,北京·丰台·看丹,1.2-2万,1-3年,本科
Java/C/C++/python/GO/web/测试,外企德科数字技术有限公司,武汉·江夏·豹澥,1.2-2.4万·14薪,经验不限,本科
Java/C/C++/python/GO/web/测试,外企德科数字技术有限公司,武汉·江夏·豹澥,1.2-2.4万·14薪,经验不限,本科
python开发工程师【面试快+加班双倍薪资+全额公积金】,中软国际,西安·雁塔·漳浒寨,面议,3-5年,本科
python开发工程师【面试快+加班双倍薪资+全额公积金】,中软国际,西安·雁塔·漳浒寨,面议,3-5年,本科
Python开发工程师,亚信科技(中国)有限公司,北京·海淀·马连洼,1.2-2万·13薪,3-5年,本科
Python开发工程师,亚信科技(中国)有限公司,北京·海淀·马连洼,1.2-2万·13薪,3-5年,本科
Python开发工程师,亚信科技(中国)有限公司,北京·海淀·马连洼,1.2-2万·13薪,3-5年,本科
Python开发工程师,亚信科技(中国)有限公司,北京·海淀·马连洼,1.2-2万·13薪,3-5年,本科
C/JAVA/C++/Python/JS软件开发工程师,外企德科数字技术有限公司,济南·历下·龙洞,1.5-3万·14薪,无经验,本科
C/JAVA/C++/Python/JS软件开发工程师,外企德科数字技术有限公司,济南·历下·龙洞,1.5-3万·14薪,无经验,本科
python 工程师,深圳市威步智能物联有限公司,深圳·龙岗·坂田,8000-10000元,1-3年,本科
python 工程师,深圳市威步智能物联有限公司,深圳·龙岗·坂田,8000-10000元,1-3年,本科
python开发（远程面试）,软通动力信息技术(集团)股份有限公司,深圳·龙岗·坂田,1-2万,经验不限,本科
python开发（远程面试）,软通动力信息技术(集团)股份有限公司,深圳·龙岗·坂田,1-2万,经验不限,本科
Python开发工程师（14-16薪/线上面试）,外企德科数字技术有限公司,上海·浦东·金桥,1.5-3万·14薪,经验不限,本科
Python开发工程师（14-16薪/线上面试）,外企德科数字技术有限公司,上海·浦东·金桥,1.5-3万·14薪,经验不限,本科
Python开发工程师,福建合诚信息科技有限公司,上海·静安·江宁路,1.1-1.5万,3-5年,本科
Python开发工程师,福建合诚信息科技有限公司,上海·静安·江宁路,1.1-1.5万,3-5年,本科
python后端开发工程师,西安鼎固信息技术有限公司,广州·越秀·人民街道,7000-13000元,经验不限,本科
python后端开发工程师,西安鼎固信息技术有限公司,广州·越秀·人民街道,7000-13000元,经验不限,本科
java/c++/C/Python/前端开发工程师,外企德科数字技术有限公司,成都·郫都·合作街道,1.5-3万·14薪,经验不限,本科
java/c++/C/Python/前端开发工程师,外企德科数字技术有限公司,成都·郫都·合作街道,1.5-3万·14薪,经验不限,本科
AI研发工程师（精通Shell、Python脚本编写）,北京青钱信息技术有限公司,北京·顺义·双丰,1.7-1.8万,5-10年,本科
AI研发工程师（精通Shell、Python脚本编写）,北京青钱信息技术有限公司,北京·顺义·双丰,1.7-1.8万,5-10年,本科
Python 开发,广州九路科技有限公司,广州·天河·冼村,1-1.5万,1-3年,本科
Python 开发,广州九路科技有限公司,广州·天河·冼村,1-1.5万,1-3年,本科
Java/C/C++/Python/GO/JS,外企德科数字技术有限公司,杭州·滨江·长河,1.3-2.6万·14薪,经验不限,本科
Java/C/C++/Python/GO/JS,外企德科数字技术有限公司,杭州·滨江·长河,1.3-2.6万·14薪,经验不限,本科
软件开发/测试/算法 java、c/c++、python、js（可接24/25应届无经验）,智联猎头,成都·都江堰·聚源,1.5-3万·14薪,经验不限,本科
软件开发/测试/算法 java、c/c++、python、js（可接24/25应届无经验）,智联猎头,成都·都江堰·聚源,1.5-3万·14薪,经验不限,本科
python自动化测试工程师,博彦科技承德有限公司,北京·朝阳·酒仙桥,1-1.5万,3-5年,本科
python自动化测试工程师,博彦科技承德有限公司,北京·朝阳·酒仙桥,1-1.5万,3-5年,本科
java/Python/C/C++/JS/AI算法/软件测试,外企德科数字技术有限公司,深圳·龙岗·坂田,2-4万,经验不限,本科
java/Python/C/C++/JS/AI算法/软件测试,外企德科数字技术有限公司,深圳·龙岗·坂田,2-4万,经验不限,本科
软件开发/测试/算法 java、c/c++、python、js（可接24/25应届无经验）,智联猎头,北京·昌平·北七家,1.5-3万·14薪,经验不限,本科
软件开发/测试/算法 java、c/c++、python、js（可接24/25应届无经验）,智联猎头,北京·昌平·北七家,1.5-3万·14薪,经验不限,本科
Python,杭州余杭延程科技商行(个体工商户),杭州·余杭·仓前,1-1.7万·13薪,经验不限,大专
Python,杭州余杭延程科技商行(个体工商户),杭州·余杭·仓前,1-1.7万·13薪,经验不限,大专
java/python/C++/测试/C/GO/大数据开发 软件通用岗位/接受应届考研考公失败,外企德科数字技术有限公司,成都·郫都·合作街道,1.5-3万·14薪,经验不限,本科
java/python/C++/测试/C/GO/大数据开发 软件通用岗位/接受应届考研考公失败,外企德科数字技术有限公司,成都·郫都·合作街道,1.5-3万·14薪,经验不限,本科
软件开发/测试/算法 java、c/c++、python、js（可接24/25应届无经验）,智联猎头,深圳·龙岗·坂田,1.5-3万·14薪,经验不限,本科
软件开发/测试/算法 java、c/c++、python、js（可接24/25应届无经验）,智联猎头,深圳·龙岗·坂田,1.5-3万·14薪,经验不限,本科
python后端开发工程师,陕西中讯时代信息技术有限公司,北京·海淀,1.2-2.2万,5-10年,本科
python后端开发工程师,陕西中讯时代信息技术有限公司,北京·海淀,1.2-2.2万,5-10年,本科
C/C++/Java/Python/JS软件开发/算法/数据,外企德科数字技术有限公司,苏州·虎丘,1.7-3万·15薪,经验不限,本科
C/C++/Java/Python/JS软件开发/算法/数据,外企德科数字技术有限公司,苏州·虎丘,1.7-3万·15薪,经验不限,本科
软件开发/测试/算法 java、c/c++、python、js（可接24/25应届无经验）,智联猎头,武汉·江夏·豹澥,1.5-3万·14薪,经验不限,本科
软件开发/测试/算法 java、c/c++、python、js（可接24/25应届无经验）,智联猎头,武汉·江夏·豹澥,1.5-3万·14薪,经验不限,本科
软件开发/测试/算法 java、c/c++、python、js（可接24/25应届无经验）,智联猎头,武汉·江夏·豹澥,1.5-3万·14薪,经验不限,本科
软件开发/测试/算法 java、c/c++、python、js（可接24/25应届无经验）,智联猎头,武汉·江夏·豹澥,1.5-3万·14薪,经验不限,本科
python软件工程师,北京飞安航空科技有限公司天津分公司,天津·东丽·万新,7000-10000元,3-5年,本科
python软件工程师,北京飞安航空科技有限公司天津分公司,天津·东丽·万新,7000-10000元,3-5年,本科
C/C++、Java、Python、JS、测试等工程师,外企德科数字技术有限公司,上海·青浦·金泽,1.5-2.7万·16薪,经验不限,本科
C/C++、Java、Python、JS、测试等工程师,外企德科数字技术有限公司,上海·青浦·金泽,1.5-2.7万·16薪,经验不限,本科
软件开发/测试/算法 java、c/c++、python、js（可接24/25应届无经验）,智联猎头,东莞·寮步镇,1.5-3万·14薪,经验不限,本科
软件开发/测试/算法 java、c/c++、python、js（可接24/25应届无经验）,智联猎头,东莞·寮步镇,1.5-3万·14薪,经验不限,本科
python自动化测试工程师,上海沸橙信息科技有限公司,上海·嘉定·马陆,1.5-2万,3-5年,本科
python自动化测试工程师,上海沸橙信息科技有限公司,上海·嘉定·马陆,1.5-2万,3-5年,本科
JAVA/C/C++/Python/go/web开发工程师 全国岗，14薪，全额社保公积金 应届生/考研/考公失败可投,外企德科数字技术有限公司,上海·青浦·金泽,1.5-3万·14薪,经验不限,本科
JAVA/C/C++/Python/go/web开发工程师 全国岗，14薪，全额社保公积金 应届生/考研/考公失败可投,外企德科数字技术有限公司,上海·青浦·金泽,1.5-3万·14薪,经验不限,本科
软件开发/测试/算法 java、c/c++、python、js（可接24/25应届无经验）,智联猎头,西安·雁塔·漳浒寨,1.5-3万·14薪,经验不限,本科
软件开发/测试/算法 java、c/c++、python、js（可接24/25应届无经验）,智联猎头,西安·雁塔·漳浒寨,1.5-3万·14薪,经验不限,本科
Python全栈开发工程师(J10749),齐鲁制药,济南·历城·港沟,面议,3-5年,本科
Python全栈开发工程师(J10749),齐鲁制药,济南·历城·港沟,面议,3-5年,本科
JAVA/C/C++/Python/go/web开发工程师 全国岗14薪，全额社保公积金 应届生/考研/考公失败可投,外企德科数字技术有限公司,贵阳·花溪·孟关,1.5-3万·14薪,经验不限,本科
JAVA/C/C++/Python/go/web开发工程师 全国岗14薪，全额社保公积金 应届生/考研/考公失败可投,外企德科数字技术有限公司,贵阳·花溪·孟关,1.5-3万·14薪,经验不限,本科
软件开发/测试/算法 java、c/c++、python、js（可接24/25应届无经验）,智联猎头,南京·雨花台·雨花,1.5-3万·14薪,经验不限,本科
软件开发/测试/算法 java、c/c++、python、js（可接24/25应届无经验）,智联猎头,南京·雨花台·雨花,1.5-3万·14薪,经验不限,本科
中高级python爬虫工程师,河南海一云商实业集团有限公司,郑州·二七区·淮河路,9000-15000元,5-10年,大专
中高级python爬虫工程师,河南海一云商实业集团有限公司,郑州·二七区·淮河路,9000-15000元,5-10年,大专
Java/Python/C/C++/Web/测试工程师,外企德科数字技术有限公司,杭州·滨江·长河,1.3-2.6万·16薪,经验不限,本科
Java/Python/C/C++/Web/测试工程师,外企德科数字技术有限公司,杭州·滨江·长河,1.3-2.6万·16薪,经验不限,本科
软件开发/测试/算法 java、c/c++、python、js（可接24/25应届无经验）,智联猎头,上海·浦东·金桥,1.5-3万·14薪,经验不限,本科
软件开发/测试/算法 java、c/c++、python、js（可接24/25应届无经验）,智联猎头,上海·浦东·金桥,1.5-3万·14薪,经验不限,本科
Python开发工程师,中国人民解放军军事科学院战争研究院,北京·海淀,2.1-2.2万,1-3年,本科
Python开发工程师,中国人民解放军军事科学院战争研究院,北京·海淀,2.1-2.2万,1-3年,本科
高薪诚聘Java/c++/python后端开发/开发工程师 (高额年终奖),外企德科数字技术有限公司,西安·雁塔·丈八沟,1.5-3万·14薪,经验不限,本科
高薪诚聘Java/c++/python后端开发/开发工程师 (高额年终奖),外企德科数字技术有限公司,西安·雁塔·丈八沟,1.5-3万·14薪,经验不限,本科
上位机开发工程师(Python / 工控方向),成都森联创科纳米科技有限公司,成都·温江·天府,1.3-1.5万,3-5年,本科
上位机开发工程师(Python / 工控方向),成都森联创科纳米科技有限公司,成都·温江·天府,1.3-1.5万,3-5年,本科
python工程师（中级）,厦门宏网信息技术有限公司,北京·通州·台湖,1.2-1.4万,3-5年,本科
python工程师（中级）,厦门宏网信息技术有限公司,北京·通州·台湖,1.2-1.4万,3-5年,本科
前/后端开发 Java、C++、python、js,外企德科数字技术有限公司,上海·青浦·金泽,1.5-3万·14薪,无经验,本科
前/后端开发 Java、C++、python、js,外企德科数字技术有限公司,上海·青浦·金泽,1.5-3万·14薪,无经验,本科
Python开发兼运维,哈尔滨笑脸网络科技有限公司,哈尔滨·南岗·荣市,5000-8000元,1-3年,大专
Python开发兼运维,哈尔滨笑脸网络科技有限公司,哈尔滨·南岗·荣市,5000-8000元,1-3年,大专
高级Python开发工程师-爬虫,软通动力信息技术(集团)股份有限公司,广州·天河·新塘,1.6-2万,1-3年,大专
高级Python开发工程师-爬虫,软通动力信息技术(集团)股份有限公司,广州·天河·新塘,1.6-2万,1-3年,大专
软件开发工程师（Java/C/C++/python),外企德科数字技术有限公司,深圳·龙岗·坂田,1.5-3万·14薪,经验不限,本科
软件开发工程师（Java/C/C++/python),外企德科数字技术有限公司,深圳·龙岗·坂田,1.5-3万·14薪,经验不限,本科
软件开发工程师（Java/C/C++/python),外企德科数字技术有限公司,深圳·龙岗·坂田,1.5-3万·14薪,经验不限,本科
软件开发工程师（Java/C/C++/python),外企德科数字技术有限公司,深圳·龙岗·坂田,1.5-3万·14薪,经验不限,本科
python,中软国际,西安·雁塔·漳浒寨,面议,1-3年,本科
python,中软国际,西安·雁塔·漳浒寨,面议,1-3年,本科
python自动化,秒创未来(上海)数字传媒科技有限公司,上海·嘉定·五角场,1.6-1.8万·13薪,经验不限,学历不限
python自动化,秒创未来(上海)数字传媒科技有限公司,上海·嘉定·五角场,1.6-1.8万·13薪,经验不限,学历不限
Java/C++/C/Python/前端/测试（25届可投）,外企德科数字技术有限公司,上海·青浦·金泽,1.5-3万·15薪,经验不限,本科
Java/C++/C/Python/前端/测试（25届可投）,外企德科数字技术有限公司,上海·青浦·金泽,1.5-3万·15薪,经验不限,本科
python工程师,徽通科技集团有限公司,广州·天河·冼村,1-1.1万·13薪,1-3年,本科
python工程师,徽通科技集团有限公司,广州·天河·冼村,1-1.1万·13薪,1-3年,本科
python开发（AI方向）,华菁振兴(四川)智能技术有限责任公司,成都·郫都·德源,7000-9000元,1-3年,本科
python开发（AI方向）,华菁振兴(四川)智能技术有限责任公司,成都·郫都·德源,7000-9000元,1-3年,本科
Java/python/JS/C++/测试(核心项目 年终奖,外企德科数字技术有限公司,西安·雁塔·漳浒寨,1.8-3.5万·16薪,经验不限,本科
Java/python/JS/C++/测试(核心项目 年终奖,外企德科数字技术有限公司,西安·雁塔·漳浒寨,1.8-3.5万·16薪,经验不限,本科
Python开发,中电金信软件有限公司,上海·嘉定·安亭,1-1.5万,3-5年,大专
Python开发,中电金信软件有限公司,上海·嘉定·安亭,1-1.5万,3-5年,大专
python后端开发工程师,河南省爱普尔信息科技有限公司,郑州·惠济·迎宾路,8000-14000元,3-5年,本科
python后端开发工程师,河南省爱普尔信息科技有限公司,郑州·惠济·迎宾路,8000-14000元,3-5年,本科
Java/C++/python/c/算法岗位,外企德科数字技术有限公司,西安·雁塔·漳浒寨,1.5-3万,经验不限,本科
Java/C++/python/c/算法岗位,外企德科数字技术有限公司,西安·雁塔·漳浒寨,1.5-3万,经验不限,本科
python后端开发工程师,湖北源辉科技有限公司,武汉·武昌,150-200元/天,无经验,大专
python后端开发工程师,湖北源辉科技有限公司,武汉·武昌,150-200元/天,无经验,大专
python数据处理,河南钧兴智能科技有限公司,郑州·郑东新区·祭城路,1-1.3万,经验不限,高中
python数据处理,河南钧兴智能科技有限公司,郑州·郑东新区·祭城路,1-1.3万,经验不限,高中
c++/python/java/c/算法/测试,外企德科数字技术有限公司,武汉·江夏·豹澥,1.5-3万·14薪,经验不限,本科
c++/python/java/c/算法/测试,外企德科数字技术有限公司,武汉·江夏·豹澥,1.5-3万·14薪,经验不限,本科
Python开发工程师,软通动力信息技术(集团)股份有限公司,深圳·福田·梅林,1-1.4万,1-3年,本科
Python开发工程师,软通动力信息技术(集团)股份有限公司,深圳·福田·梅林,1-1.4万,1-3年,本科
python开发工程师,东方国信,北京,1.5-2万,经验不限,本科
python开发工程师,东方国信,北京,1.5-2万,经验不限,本科
c++/python/java/c/算法/测试,外企德科数字技术有限公司,成都·郫都·合作街道,1.5-3万·14薪,经验不限,本科
c++/python/java/c/算法/测试,外企德科数字技术有限公司,成都·郫都·合作街道,1.5-3万·14薪,经验不限,本科
数据工程师(Airflow/Python/ETL 英语口语流利),成都迈思信息技术有限公司,天津·滨海新区·杭州道,2.7-3.5万,10年以上,本科
数据工程师(Airflow/Python/ETL 英语口语流利),成都迈思信息技术有限公司,天津·滨海新区·杭州道,2.7-3.5万,10年以上,本科
后端开发工程师（GO/C++/Python全额公积金-北京）,菁沐人力资源服务(沧州)有限公司,北京·海淀·马连洼,1.4-1.7万,3-5年,本科
后端开发工程师（GO/C++/Python全额公积金-北京）,菁沐人力资源服务(沧州)有限公司,北京·海淀·马连洼,1.4-1.7万,3-5年,本科
软件研发工程师（有Java、C、C++、Python、go、JS等）,外企德科数字技术有限公司,苏州·工业园区,1.2-2.4万·14薪,经验不限,本科
软件研发工程师（有Java、C、C++、Python、go、JS等）,外企德科数字技术有限公司,苏州·工业园区,1.2-2.4万·14薪,经验不限,本科
数据工程师(Airflow/Python/ETL),成都迈思信息技术有限公司,天津·滨海新区·杭州道,2.8-3.5万,10年以上,本科
数据工程师(Airflow/Python/ETL),成都迈思信息技术有限公司,天津·滨海新区·杭州道,2.8-3.5万,10年以上,本科
python工程师,中软国际,广州·增城,面议,3-5年,本科
python工程师,中软国际,广州·增城,面议,3-5年,本科
python工程师,中软国际,广州·增城,面议,3-5年,本科
python工程师,中软国际,广州·增城,面议,3-5年,本科
软件研发工程师（有Java、C、C++、Python、go、JS等）,外企德科数字技术有限公司,上海·浦东·金桥,1.2-2.4万·14薪,经验不限,本科
软件研发工程师（有Java、C、C++、Python、go、JS等）,外企德科数字技术有限公司,上海·浦东·金桥,1.2-2.4万·14薪,经验不限,本科
高级Python开发工程师,中安国保集团有限公司,重庆·渝北·金山,1.2-1.5万,5-10年,本科
高级Python开发工程师,中安国保集团有限公司,重庆·渝北·金山,1.2-1.5万,5-10年,本科
东莞Python自动化测试（BPIT-本科-3年以上）,软通动力信息技术(集团)股份有限公司,东莞·寮步镇,1.1-1.3万,3-5年,本科
东莞Python自动化测试（BPIT-本科-3年以上）,软通动力信息技术(集团)股份有限公司,东莞·寮步镇,1.1-1.3万,3-5年,本科
python开发,外企德科数字技术有限公司,上海·虹口·北外滩,1.4-1.6万,3-5年,大专
python开发,外企德科数字技术有限公司,上海·虹口·北外滩,1.4-1.6万,3-5年,大专
python开发工程师,法信公证云(厦门)科技有限公司,厦门·思明·莲前,1.3-2万,经验不限,大专
python开发工程师,法信公证云(厦门)科技有限公司,厦门·思明·莲前,1.3-2万,经验不限,大专
武汉Python自动化测试（BPIT-本科-3年以上）,软通动力信息技术(集团)股份有限公司,武汉·洪山·花山,1.1-1.3万,3-5年,本科
武汉Python自动化测试（BPIT-本科-3年以上）,软通动力信息技术(集团)股份有限公司,武汉·洪山·花山,1.1-1.3万,3-5年,本科
前/后端开发工程师（Java / C/C++ / Python / JS 等方向）接受小白,外企德科数字技术有限公司,杭州·滨江·长河,1-1.1万·14薪,经验不限,本科
前/后端开发工程师（Java / C/C++ / Python / JS 等方向）接受小白,外企德科数字技术有限公司,杭州·滨江·长河,1-1.1万·14薪,经验不限,本科
Python算法工程师（光学量检测）,上海光之人科技有限公司,上海·闵行·新虹,9000-16000元,1-3年,本科
Python算法工程师（光学量检测）,上海光之人科技有限公司,上海·闵行·新虹,9000-16000元,1-3年,本科
东莞Python开发（BPIT-本科-懂算法优先）,软通动力信息技术(集团)股份有限公司,东莞·寮步镇,1-1.6万,3-5年,本科
东莞Python开发（BPIT-本科-懂算法优先）,软通动力信息技术(集团)股份有限公司,东莞·寮步镇,1-1.6万,3-5年,本科
前端后端开发测试招聘（java/C/js/python）,外企德科数字技术有限公司,深圳·龙岗·坂田,1.5-3万·14薪,经验不限,本科
前端后端开发测试招聘（java/C/js/python）,外企德科数字技术有限公司,深圳·龙岗·坂田,1.5-3万·14薪,经验不限,本科
python后端开发工程师,濮阳市鹿特科技有限公司,郑州·管城·金岱,6000-8000元·13薪,经验不限,学历不限
python后端开发工程师,濮阳市鹿特科技有限公司,郑州·管城·金岱,6000-8000元·13薪,经验不限,学历不限
深圳Python自动化测试（BPIT-本科-3年以上）,软通动力信息技术(集团)股份有限公司,深圳·龙岗·坂田,1.1-1.4万,3-5年,本科
深圳Python自动化测试（BPIT-本科-3年以上）,软通动力信息技术(集团)股份有限公司,深圳·龙岗·坂田,1.1-1.4万,3-5年,本科
Python开发工程师,外企德科数字技术有限公司,西安·长安·郭杜,1-2万,3-5年,本科
Python开发工程师,外企德科数字技术有限公司,西安·长安·郭杜,1-2万,3-5年,本科
python后端开发工程师,河北数微信息技术有限公司,秦皇岛·抚宁区·榆关镇,1-1.2万,1-3年,本科
python后端开发工程师,河北数微信息技术有限公司,秦皇岛·抚宁区·榆关镇,1-1.2万,1-3年,本科
python后端开发工程师,株式会社GSD,日本,2.5-5万,经验不限,大专
python后端开发工程师,株式会社GSD,日本,2.5-5万,经验不限,大专
Python,外企德科数字技术有限公司,西安·雁塔·漳浒寨,1-2万,3-5年,本科
Python,外企德科数字技术有限公司,西安·雁塔·漳浒寨,1-2万,3-5年,本科
Python开发工程师（AI大模型方向+工资准时+社保+午餐+法定正常休）,派普集团,郑州·管城·金岱,1-1.5万,3-5年,本科
Python开发工程师（AI大模型方向+工资准时+社保+午餐+法定正常休）,派普集团,郑州·管城·金岱,1-1.5万,3-5年,本科
高级爬虫工程师（Python）,中科闻歌,长沙·开福·月湖,1.2-1.8万,3-5年,本科
高级爬虫工程师（Python）,中科闻歌,长沙·开福·月湖,1.2-1.8万,3-5年,本科
Java/C/C++/Python/js前端,外企德科数字技术有限公司,苏州·工业园区,1.5-3万·14薪,经验不限,学历不限
Java/C/C++/Python/js前端,外企德科数字技术有限公司,苏州·工业园区,1.5-3万·14薪,经验不限,学历不限
python工程师/算法工程师,达意科技,唐山·路北区·果园镇,1-1.5万,3-5年,本科
python工程师/算法工程师,达意科技,唐山·路北区·果园镇,1-1.5万,3-5年,本科
python工程师/算法工程师,达意科技,唐山·路北区·果园镇,1-1.5万,3-5年,本科
python工程师/算法工程师,达意科技,唐山·路北区·果园镇,1-1.5万,3-5年,本科
python爬虫工程师,西安多普多信息科技有限公司,西安·碑林·张家村,8000-16000元,1-3年,本科
python爬虫工程师,西安多普多信息科技有限公司,西安·碑林·张家村,8000-16000元,1-3年,本科
Java/python/C/C++/JS前后端软件开发工程师,外企德科数字技术有限公司,上海·青浦·金泽,1.3-2.6万·14薪,经验不限,本科
Java/python/C/C++/JS前后端软件开发工程师,外企德科数字技术有限公司,上海·青浦·金泽,1.3-2.6万·14薪,经验不限,本科
python算法工程师,合邦电力科技有限公司,太原·小店·平阳路,9000-14000元,1-3年,硕士
python算法工程师,合邦电力科技有限公司,太原·小店·平阳路,9000-14000元,1-3年,硕士
python后端开发工程师（实习）,北京摩湃得科技有限公司,北京·丰台·花乡,220-230元/天,无经验,本科
python后端开发工程师（实习）,北京摩湃得科技有限公司,北京·丰台·花乡,220-230元/天,无经验,本科
java/Python/C/C++/JS/AI算法/软件测试,外企德科数字技术有限公司,长沙·岳麓·麓谷,2-4万,经验不限,本科
java/Python/C/C++/JS/AI算法/软件测试,外企德科数字技术有限公司,长沙·岳麓·麓谷,2-4万,经验不限,本科
北京机器人测试开发python,深圳市法本信息技术股份有限公司,北京·海淀·清河,1-1.5万,3-5年,本科
北京机器人测试开发python,深圳市法本信息技术股份有限公司,北京·海淀·清河,1-1.5万,3-5年,本科
python开发工程师,罗博数码科技,青岛·崂山·中韩,1.2-1.8万,3-5年,本科
python开发工程师,罗博数码科技,青岛·崂山·中韩,1.2-1.8万,3-5年,本科
java/c++/C/Python/前端开发工程师,外企德科数字技术有限公司,武汉·江夏·豹澥,1.5-3万·14薪,经验不限,本科
java/c++/C/Python/前端开发工程师,外企德科数字技术有限公司,武汉·江夏·豹澥,1.5-3万·14薪,经验不限,本科
python开发,软通动力信息技术(集团)股份有限公司,西安·长安·王寺,1.2-1.3万,3-5年,本科
python开发,软通动力信息技术(集团)股份有限公司,西安·长安·王寺,1.2-1.3万,3-5年,本科
软件工程师（Python）,鹏鼎控股(深圳)股份有限公司,深圳·宝安·燕罗,9000-12000元,1-3年,本科
软件工程师（Python）,鹏鼎控股(深圳)股份有限公司,深圳·宝安·燕罗,9000-12000元,1-3年,本科
Java/C/C++/Python/前端/测试（接受应届）,外企德科数字技术有限公司,南京·雨花台·雨花,1.5-3万·14薪,经验不限,本科
Java/C/C++/Python/前端/测试（接受应届）,外企德科数字技术有限公司,南京·雨花台·雨花,1.5-3万·14薪,经验不限,本科
python后端开发工程师,科锐尔人力资源服务(苏州)有限公司,成都·双流·兴隆,2-2.2万,3-5年,大专
python后端开发工程师,科锐尔人力资源服务(苏州)有限公司,成都·双流·兴隆,2-2.2万,3-5年,大专
python（大模型）,上海汉朔信息科技有限公司,上海·浦东·陆家嘴,1.6-2万,5-10年,本科
python（大模型）,上海汉朔信息科技有限公司,上海·浦东·陆家嘴,1.6-2万,5-10年,本科
(双休+六险一金，14-16薪）Java/Python/C/C++/JS,外企德科数字技术有限公司,上海·青浦·金泽,1.8-3.5万·14薪,经验不限,本科
(双休+六险一金，14-16薪）Java/Python/C/C++/JS,外企德科数字技术有限公司,上海·青浦·金泽,1.8-3.5万·14薪,经验不限,本科
Python开发工程师-统招本科-2年以上,悠派才选(上海)人力资源有限公司,北京·海淀·曙光,1.6-1.7万,1-3年,本科
Python开发工程师-统招本科-2年以上,悠派才选(上海)人力资源有限公司,北京·海淀·曙光,1.6-1.7万,1-3年,本科
python前端开发工程师,科锐尔人力资源服务(苏州)有限公司,成都·双流·兴隆,2-2.2万,3-5年,本科
python前端开发工程师,科锐尔人力资源服务(苏州)有限公司,成都·双流·兴隆,2-2.2万,3-5年,本科
Java/Python/C/C++/Web/测试工程师,外企德科数字技术有限公司,苏州·工业园区,1.4-2.8万·16薪,经验不限,本科
Java/Python/C/C++/Web/测试工程师,外企德科数字技术有限公司,苏州·工业园区,1.4-2.8万·16薪,经验不限,本科
JAVA/ Python/C/C++/GO/数据开发,外企德科数字技术有限公司,杭州·滨江·长河,1.5-3万,经验不限,本科
JAVA/ Python/C/C++/GO/数据开发,外企德科数字技术有限公司,杭州·滨江·长河,1.5-3万,经验不限,本科
Java/c/c++/python/js软件开发工程师,外企德科数字技术有限公司,深圳·龙岗·坂田,1.4-2.8万·14薪,经验不限,本科
Java/c/c++/python/js软件开发工程师,外企德科数字技术有限公司,深圳·龙岗·坂田,1.4-2.8万·14薪,经验不限,本科
软件开发（多语言 Java Python C/C++js等测试,外企德科数字技术有限公司,北京·海淀,1.2-2.4万,经验不限,本科
软件开发（多语言 Java Python C/C++js等测试,外企德科数字技术有限公司,北京·海淀,1.2-2.4万,经验不限,本科
软件开发（多语言 Java Python C/C++js等测试,外企德科数字技术有限公司,北京·海淀,1.2-2.4万,经验不限,本科
软件开发（多语言 Java Python C/C++js等测试,外企德科数字技术有限公司,北京·海淀,1.2-2.4万,经验不限,本科
java/c++/python后端开发/软件测试,外企德科数字技术有限公司,成都·郫都·合作街道,1.5-3万·16薪,经验不限,本科
java/c++/python后端开发/软件测试,外企德科数字技术有限公司,成都·郫都·合作街道,1.5-3万·16薪,经验不限,本科
前/后端开发 Java、C++、python、js,外企德科数字技术有限公司,深圳·龙岗·坂田,1.5-3万·14薪,无经验,本科
前/后端开发 Java、C++、python、js,外企德科数字技术有限公司,深圳·龙岗·坂田,1.5-3万·14薪,无经验,本科
软件开发（多语言 Java Python C/C++js等测试,外企德科数字技术有限公司,上海·青浦·金泽,1.2-2.4万,经验不限,本科
软件开发（多语言 Java Python C/C++js等测试,外企德科数字技术有限公司,上海·青浦·金泽,1.2-2.4万,经验不限,本科
java/python/c/c++/算法/测试,外企德科数字技术有限公司,武汉·江夏·豹澥,1.5-3万·14薪,经验不限,本科
java/python/c/c++/算法/测试,外企德科数字技术有限公司,武汉·江夏·豹澥,1.5-3万·14薪,经验不限,本科
c++/python/java/c/算法/测试,外企德科数字技术有限公司,北京·海淀,1.5-3万·14薪,经验不限,本科
c++/python/java/c/算法/测试,外企德科数字技术有限公司,北京·海淀,1.5-3万·14薪,经验不限,本科
软件开发/测试（JAVA/C/Python/web）等,外企德科数字技术有限公司,武汉·江夏·豹澥,1.4-2.7万·16薪,经验不限,本科
软件开发/测试（JAVA/C/Python/web）等,外企德科数字技术有限公司,武汉·江夏·豹澥,1.4-2.7万·16薪,经验不限,本科
测试/前端/后端开发工程师Java/C/C++/JS/Python,外企德科数字技术有限公司,西安·雁塔·漳浒寨,1.4-2.8万·14薪,经验不限,本科
测试/前端/后端开发工程师Java/C/C++/JS/Python,外企德科数字技术有限公司,西安·雁塔·漳浒寨,1.4-2.8万·14薪,经验不限,本科
python后端开发工程师,外企德科数字技术有限公司,北京·海淀·上地,2.3-3万·14薪,经验不限,本科
python后端开发工程师,外企德科数字技术有限公司,北京·海淀·上地,2.3-3万·14薪,经验不限,本科
C/C++/Java/Python/JS软件开发/算法/数据,外企德科数字技术有限公司,东莞·大朗镇,1.7-3万·15薪,经验不限,本科
C/C++/Java/Python/JS软件开发/算法/数据,外企德科数字技术有限公司,东莞·大朗镇,1.7-3万·15薪,经验不限,本科
C/C++/Java/JS/Python软件开发（全国有岗 接受应届）,外企德科数字技术有限公司,福州·仓山·金山,1.5-3万·14薪,经验不限,本科
C/C++/Java/JS/Python软件开发（全国有岗 接受应届）,外企德科数字技术有限公司,福州·仓山·金山,1.5-3万·14薪,经验不限,本科
Java/c/c++/python/js软件开发工程师,外企德科数字技术有限公司,北京·海淀,1.4-2.8万·14薪,经验不限,本科
Java/c/c++/python/js软件开发工程师,外企德科数字技术有限公司,北京·海淀,1.4-2.8万·14薪,经验不限,本科
java/c++/python后端开发/软件测试,外企德科数字技术有限公司,北京·朝阳,1.5-3万·16薪,经验不限,本科
java/c++/python后端开发/软件测试,外企德科数字技术有限公司,北京·朝阳,1.5-3万·16薪,经验不限,本科
股票+年终奖Java/C++/C/Python/Web,外企德科数字技术有限公司,上海·青浦·金泽,1.8-3.5万·14薪,经验不限,本科
股票+年终奖Java/C++/C/Python/Web,外企德科数字技术有限公司,上海·青浦·金泽,1.8-3.5万·14薪,经验不限,本科
月薪15-35k/java/c++/python后端开发/算法/测试,外企德科数字技术有限公司,深圳·龙岗·坂田,1.5-3万·14薪,经验不限,本科
月薪15-35k/java/c++/python后端开发/算法/测试,外企德科数字技术有限公司,深圳·龙岗·坂田,1.5-3万·14薪,经验不限,本科
Java/c/c++/python/js软件开发工程师,外企德科数字技术有限公司,西安·雁塔·漳浒寨,1.4-2.8万·14薪,经验不限,本科
Java/c/c++/python/js软件开发工程师,外企德科数字技术有限公司,西安·雁塔·漳浒寨,1.4-2.8万·14薪,经验不限,本科
Java/Python/C/C++/测试/算法/前端岗,外企德科数字技术有限公司,杭州·滨江·长河,1.2-2.4万·14薪,经验不限,本科
Java/Python/C/C++/测试/算法/前端岗,外企德科数字技术有限公司,杭州·滨江·长河,1.2-2.4万·14薪,经验不限,本科
Java/C/C++/Python/前端/测试（接受应届）,外企德科数字技术有限公司,上海·浦东·金桥,1.6-2.4万·14薪,经验不限,本科
Java/C/C++/Python/前端/测试（接受应届）,外企德科数字技术有限公司,上海·浦东·金桥,1.6-2.4万·14薪,经验不限,本科
软件开发工程师（Java/C/C++/python),外企德科数字技术有限公司,北京·海淀·上地,1.5-3万·14薪,经验不限,本科
软件开发工程师（Java/C/C++/python),外企德科数字技术有限公司,北京·海淀·上地,1.5-3万·14薪,经验不限,本科
软件开发工程师(Java/C/C++/Python/Js),外企德科数字技术有限公司,东莞·大朗镇,1.5-3万,经验不限,本科
软件开发工程师(Java/C/C++/Python/Js),外企德科数字技术有限公司,东莞·大朗镇,1.5-3万,经验不限,本科
java/python/c/c++/算法/测试,外企德科数字技术有限公司,南京·雨花台·雨花,1.5-3万·14薪,经验不限,本科
java/python/c/c++/算法/测试,外企德科数字技术有限公司,南京·雨花台·雨花,1.5-3万·14薪,经验不限,本科
java/python/c/c++/算法/测试,外企德科数字技术有限公司,南京·雨花台·雨花,1.5-3万·14薪,经验不限,本科
java/python/c/c++/算法/测试,外企德科数字技术有限公司,南京·雨花台·雨花,1.5-3万·14薪,经验不限,本科
JAVA/JS/C/C++/Python/go/测试,外企德科数字技术有限公司,东莞·大朗镇,1.5-3万·14薪,经验不限,本科
JAVA/JS/C/C++/Python/go/测试,外企德科数字技术有限公司,东莞·大朗镇,1.5-3万·14薪,经验不限,本科
JAVA/JS/C/C++/Python/go/测试,外企德科数字技术有限公司,苏州·工业园区,1.5-3万·14薪,经验不限,本科
JAVA/JS/C/C++/Python/go/测试,外企德科数字技术有限公司,苏州·工业园区,1.5-3万·14薪,经验不限,本科
Java/C++/python/c/算法岗位,外企德科数字技术有限公司,广州·白云·松洲,1.5-3万,经验不限,本科
Java/C++/python/c/算法岗位,外企德科数字技术有限公司,广州·白云·松洲,1.5-3万,经验不限,本科
Java/Python/C/C++/测试/算法/前端岗,外企德科数字技术有限公司,南京·雨花台·雨花,1.2-2.4万·14薪,经验不限,本科
Java/Python/C/C++/测试/算法/前端岗,外企德科数字技术有限公司,南京·雨花台·雨花,1.2-2.4万·14薪,经验不限,本科
c/c++/java/python开发/测试【base成都】,外企德科数字技术有限公司,成都·郫都·合作街道,1.1-2万·14薪,经验不限,本科
c/c++/java/python开发/测试【base成都】,外企德科数字技术有限公司,成都·郫都·合作街道,1.1-2万·14薪,经验不限,本科
c/c++/java/python开发/测试【base杭州】,外企德科数字技术有限公司,杭州·滨江·长河,1.2-2万·14薪,经验不限,本科
c/c++/java/python开发/测试【base杭州】,外企德科数字技术有限公司,杭州·滨江·长河,1.2-2万·14薪,经验不限,本科
软件岗（Java/Python/C/C++/软测/嵌入式等）,外企德科数字技术有限公司,上海·浦东·金桥,1.4-2.8万·14薪,经验不限,本科
软件岗（Java/Python/C/C++/软测/嵌入式等）,外企德科数字技术有限公司,上海·浦东·金桥,1.4-2.8万·14薪,经验不限,本科
软件岗（Java/Python/C/C++/软测/嵌入式等）,外企德科数字技术有限公司,广州·白云·松洲,1.2-2.4万·14薪,经验不限,本科
软件岗（Java/Python/C/C++/软测/嵌入式等）,外企德科数字技术有限公司,广州·白云·松洲,1.2-2.4万·14薪,经验不限,本科
软件开发工程师（C/C++、 Java、Scala、Python、go，JS/前后端/测试等）,外企德科数字技术有限公司,西安·雁塔·漳浒寨,1.2-2万·14薪,经验不限,本科
软件开发工程师（C/C++、 Java、Scala、Python、go，JS/前后端/测试等）,外企德科数字技术有限公司,西安·雁塔·漳浒寨,1.2-2万·14薪,经验不限,本科
软件岗（Java/Python/C/C++/软测/嵌入式等）,外企德科数字技术有限公司,东莞·大朗镇,1.4-2.8万·14薪,经验不限,本科
软件岗（Java/Python/C/C++/软测/嵌入式等）,外企德科数字技术有限公司,东莞·大朗镇,1.4-2.8万·14薪,经验不限,本科
C/C++/python/js/GO/测试（所有语言都有招聘）,外企德科数字技术有限公司,上海·青浦·金泽,1.3-2.6万·14薪,经验不限,本科
C/C++/python/js/GO/测试（所有语言都有招聘）,外企德科数字技术有限公司,上海·青浦·金泽,1.3-2.6万·14薪,经验不限,本科
Java/C++/C/Python/web/Go/测试/安卓,外企德科数字技术有限公司,苏州·工业园区,1-2万,经验不限,本科
Java/C++/C/Python/web/Go/测试/安卓,外企德科数字技术有限公司,苏州·工业园区,1-2万,经验不限,本科
Java/Python/C/C++/测试/算法/前端岗,外企德科数字技术有限公司,深圳·龙岗·坂田,1.2-2.4万·14薪,经验不限,本科
Java/Python/C/C++/测试/算法/前端岗,外企德科数字技术有限公司,深圳·龙岗·坂田,1.2-2.4万·14薪,经验不限,本科
JAVA/C++/C/Python 14薪双休 应届生可投,外企德科数字技术有限公司,东莞·南城街道,1.5-3万,经验不限,本科
JAVA/C++/C/Python 14薪双休 应届生可投,外企德科数字技术有限公司,东莞·南城街道,1.5-3万,经验不限,本科
JAVA/C++/C/Python 14薪双休 应届生可投,外企德科数字技术有限公司,杭州·上城·湖滨,1.5-3万,经验不限,本科
JAVA/C++/C/Python 14薪双休 应届生可投,外企德科数字技术有限公司,杭州·上城·湖滨,1.5-3万,经验不限,本科
JAVA/JS/C/C++/Python/go/测试,外企德科数字技术有限公司,上海·浦东·金桥,1.5-3万·14薪,经验不限,本科
JAVA/JS/C/C++/Python/go/测试,外企德科数字技术有限公司,上海·浦东·金桥,1.5-3万·14薪,经验不限,本科
软件工程（Java/js/C/C++/Python）六险一金,外企德科数字技术有限公司,上海·青浦·金泽,1.4-2.8万·14薪,经验不限,本科
软件工程（Java/js/C/C++/Python）六险一金,外企德科数字技术有限公司,上海·青浦·金泽,1.4-2.8万·14薪,经验不限,本科
Java/C++/python/c/算法岗位,外企德科数字技术有限公司,北京·海淀,1.5-3万,经验不限,本科
Java/C++/python/c/算法岗位,外企德科数字技术有限公司,北京·海淀,1.5-3万,经验不限,本科
Java/C/C++/Python/前端/测试（接受应届）,外企德科数字技术有限公司,深圳·龙岗·坂田,1.2-1.3万·14薪,经验不限,本科
Java/C/C++/Python/前端/测试（接受应届）,外企德科数字技术有限公司,深圳·龙岗·坂田,1.2-1.3万·14薪,经验不限,本科
Java/C/C++/Python/Go开发工程师,外企德科数字技术有限公司,成都·郫都·合作街道,1.3-2.6万,3-5年,本科
Java/C/C++/Python/Go开发工程师,外企德科数字技术有限公司,成都·郫都·合作街道,1.3-2.6万,3-5年,本科
Java/C/C++/Python/Go开发工程师,外企德科数字技术有限公司,成都·郫都·合作街道,1.3-2.6万,3-5年,本科
Java/C/C++/Python/Go开发工程师,外企德科数字技术有限公司,成都·郫都·合作街道,1.3-2.6万,3-5年,本科
JAVA /C++/js/Python/测试开发工程师（接受应届，导师带教）,外企德科数字技术有限公司,深圳·龙岗·坂田,1.5-3万·14薪,经验不限,本科
JAVA /C++/js/Python/测试开发工程师（接受应届，导师带教）,外企德科数字技术有限公司,深圳·龙岗·坂田,1.5-3万·14薪,经验不限,本科
Java/C++/python/c/算法岗位,外企德科数字技术有限公司,东莞·大朗镇,1.5-3万,经验不限,本科
Java/C++/python/c/算法岗位,外企德科数字技术有限公司,东莞·大朗镇,1.5-3万,经验不限,本科
软件开发/测试（JAVA/C/Python/web）等,外企德科数字技术有限公司,长沙·开福·月湖,1.4-2.7万·16薪,经验不限,本科
软件开发/测试（JAVA/C/Python/web）等,外企德科数字技术有限公司,长沙·开福·月湖,1.4-2.7万·16薪,经验不限,本科
测试/前端/后端开发工程师Java/C/C++/Python,外企德科数字技术有限公司,上海·浦东·金桥,1.5-2.8万·14薪,经验不限,本科
测试/前端/后端开发工程师Java/C/C++/Python,外企德科数字技术有限公司,上海·浦东·金桥,1.5-2.8万·14薪,经验不限,本科
Java/C/C++/Python/前端/测试（接受无经验）,外企德科数字技术有限公司,西安·雁塔·漳浒寨,1.2-2.4万·14薪,经验不限,本科
Java/C/C++/Python/前端/测试（接受无经验）,外企德科数字技术有限公司,西安·雁塔·漳浒寨,1.2-2.4万·14薪,经验不限,本科
JAVA/C/C++/Python/go/web开发工程师,外企德科数字技术有限公司,北京·海淀·上地,1.8-3.5万·15薪,经验不限,本科
JAVA/C/C++/Python/go/web开发工程师,外企德科数字技术有限公司,北京·海淀·上地,1.8-3.5万·15薪,经验不限,本科
软件研发工程师（有Java、C、C++、Python、go、JS等）,外企德科数字技术有限公司,成都·郫都·合作街道,1.2-2.4万·14薪,经验不限,本科
软件研发工程师（有Java、C、C++、Python、go、JS等）,外企德科数字技术有限公司,成都·郫都·合作街道,1.2-2.4万·14薪,经验不限,本科
java/c++/python后端开发,外企德科数字技术有限公司,深圳·龙华·观湖,1.9-3.5万·15薪,经验不限,本科
java/c++/python后端开发,外企德科数字技术有限公司,深圳·龙华·观湖,1.9-3.5万·15薪,经验不限,本科
Java/C/C++/Python/js/软测,外企德科数字技术有限公司,深圳·龙岗·坂田,1.5-3万·14薪,经验不限,学历不限
Java/C/C++/Python/js/软测,外企德科数字技术有限公司,深圳·龙岗·坂田,1.5-3万·14薪,经验不限,学历不限
java/c++/C/Python/前端开发工程师,外企德科数字技术有限公司,苏州·虎丘,1.5-3万·14薪,经验不限,本科
java/c++/C/Python/前端开发工程师,外企德科数字技术有限公司,苏州·虎丘,1.5-3万·14薪,经验不限,本科
Java/C/C++/JS/python/测试/运维开发/数据（接受24届无经验、考研断档）,外企德科数字技术有限公司,南京·雨花台·雨花,1.7-3万·14薪,经验不限,本科
Java/C/C++/JS/python/测试/运维开发/数据（接受24届无经验、考研断档）,外企德科数字技术有限公司,南京·雨花台·雨花,1.7-3万·14薪,经验不限,本科
前端后端开发测试招聘（java/C/js/python）,外企德科数字技术有限公司,上海·青浦·金泽,1.6-3万·14薪,经验不限,本科
前端后端开发测试招聘（java/C/js/python）,外企德科数字技术有限公司,上海·青浦·金泽,1.6-3万·14薪,经验不限,本科
java\python\c\c++\go\js(双休五险一金年终奖),外企德科数字技术有限公司,上海·青浦·金泽,1.5-3万·14薪,经验不限,本科
java\python\c\c++\go\js(双休五险一金年终奖),外企德科数字技术有限公司,上海·青浦·金泽,1.5-3万·14薪,经验不限,本科
Java/Python/C/C++/测试/算法/前端岗,外企德科数字技术有限公司,上海·浦东·金桥,1.2-2.4万·14薪,经验不限,本科
Java/Python/C/C++/测试/算法/前端岗,外企德科数字技术有限公司,上海·浦东·金桥,1.2-2.4万·14薪,经验不限,本科
软件开发（多语言 Java Python C/C++js等测试）接受无经验,外企德科数字技术有限公司,北京·海淀,1.4-2.8万·14薪,经验不限,本科
软件开发（多语言 Java Python C/C++js等测试）接受无经验,外企德科数字技术有限公司,北京·海淀,1.4-2.8万·14薪,经验不限,本科
JAVA/JS/C/C++/Python/go/测试,外企德科数字技术有限公司,南京·雨花台·雨花,1.5-3万·14薪,经验不限,本科
JAVA/JS/C/C++/Python/go/测试,外企德科数字技术有限公司,南京·雨花台·雨花,1.5-3万·14薪,经验不限,本科
软件开发/测试（JAVA/C/Python/web）等,外企德科数字技术有限公司,杭州·滨江·长河,1.4-2.7万·16薪,经验不限,本科
软件开发/测试（JAVA/C/Python/web）等,外企德科数字技术有限公司,杭州·滨江·长河,1.4-2.7万·16薪,经验不限,本科
JAVA/C++/JS/python/GO等通用开发工程师,外企德科数字技术有限公司,上海·浦东·金桥,1.5-3万·14薪,经验不限,本科
JAVA/C++/JS/python/GO等通用开发工程师,外企德科数字技术有限公司,上海·浦东·金桥,1.5-3万·14薪,经验不限,本科
c/c++/java/python开发/测试【base广州】,外企德科数字技术有限公司,广州·白云·松洲,1.2-1.8万·14薪,经验不限,本科
c/c++/java/python开发/测试【base广州】,外企德科数字技术有限公司,广州·白云·松洲,1.2-1.8万·14薪,经验不限,本科
python开发工程师,外企德科数字技术有限公司,深圳·龙岗·坂田,1.7-3万,经验不限,本科
python开发工程师,外企德科数字技术有限公司,深圳·龙岗·坂田,1.7-3万,经验不限,本科
python开发工程师,外企德科数字技术有限公司,深圳·龙岗·坂田,1.7-3万,经验不限,本科
python开发工程师,外企德科数字技术有限公司,深圳·龙岗·坂田,1.7-3万,经验不限,本科
软件工程师c/c++/python/java+双休,外企德科数字技术有限公司,苏州·虎丘,2.2-2.3万·16薪,经验不限,本科
软件工程师c/c++/python/java+双休,外企德科数字技术有限公司,苏州·虎丘,2.2-2.3万·16薪,经验不限,本科
C/C++/Java/Python/JS软件开发/算法/数据,外企德科数字技术有限公司,贵阳·花溪·湖潮,1.7-3万·15薪,经验不限,本科
C/C++/Java/Python/JS软件开发/算法/数据,外企德科数字技术有限公司,贵阳·花溪·湖潮,1.7-3万·15薪,经验不限,本科
Java/Python/C/C++/数开/测试/算法/前端岗,外企德科数字技术有限公司,武汉·江夏·豹澥,1.5-3万·14薪,经验不限,本科
Java/Python/C/C++/数开/测试/算法/前端岗,外企德科数字技术有限公司,武汉·江夏·豹澥,1.5-3万·14薪,经验不限,本科
C/C++/Java/Python/JS软件开发/算法/数据,外企德科数字技术有限公司,佛山·禅城·祖庙,1.7-3万·15薪,经验不限,本科
C/C++/Java/Python/JS软件开发/算法/数据,外企德科数字技术有限公司,佛山·禅城·祖庙,1.7-3万·15薪,经验不限,本科
C/C++/Java/Python/JS软件开发/算法/数据,外企德科数字技术有限公司,成都·郫都·合作街道,1.7-3万·15薪,经验不限,本科
C/C++/Java/Python/JS软件开发/算法/数据,外企德科数字技术有限公司,成都·郫都·合作街道,1.7-3万·15薪,经验不限,本科
C/C++/Java/JS/Python软件开发（全国有岗 接受应届）,外企德科数字技术有限公司,深圳·龙岗·坂田,1.5-3万·14薪,经验不限,本科
C/C++/Java/JS/Python软件开发（全国有岗 接受应届）,外企德科数字技术有限公司,深圳·龙岗·坂田,1.5-3万·14薪,经验不限,本科
Java/c/c++/python/js软件开发工程师,外企德科数字技术有限公司,成都·郫都·合作街道,1.4-2.8万·14薪,经验不限,本科
Java/c/c++/python/js软件开发工程师,外企德科数字技术有限公司,成都·郫都·合作街道,1.4-2.8万·14薪,经验不限,本科
Java/C++/C/Python/GO/JS,外企德科数字技术有限公司,成都·郫都·合作街道,1.2-2.4万·15薪,经验不限,本科
Java/C++/C/Python/GO/JS,外企德科数字技术有限公司,成都·郫都·合作街道,1.2-2.4万·15薪,经验不限,本科
Java/c/c++/python/js软件开发工程师,外企德科数字技术有限公司,东莞·大朗镇,1.4-2.8万·14薪,经验不限,本科
Java/c/c++/python/js软件开发工程师,外企德科数字技术有限公司,东莞·大朗镇,1.4-2.8万·14薪,经验不限,本科
Java/C/C++/Python/JS 软件开发测试工程师,外企德科数字技术有限公司,济南·历下·龙洞,1.5-2.8万·14薪,经验不限,本科
Java/C/C++/Python/JS 软件开发测试工程师,外企德科数字技术有限公司,济南·历下·龙洞,1.5-2.8万·14薪,经验不限,本科
Java/JS/Python/算法/C/C++工程师,外企德科数字技术有限公司,武汉·江夏·豹澥,1.2-2.4万·14薪,经验不限,本科
Java/JS/Python/算法/C/C++工程师,外企德科数字技术有限公司,武汉·江夏·豹澥,1.2-2.4万·14薪,经验不限,本科
Java/JS/Python/算法/C/C++工程师,外企德科数字技术有限公司,成都·郫都·合作街道,1.2-2.4万·14薪,经验不限,本科
Java/JS/Python/算法/C/C++工程师,外企德科数字技术有限公司,成都·郫都·合作街道,1.2-2.4万·14薪,经验不限,本科
Java/JS/Python/算法/C/C++工程师,外企德科数字技术有限公司,西安·雁塔·漳浒寨,1.2-2.4万·14薪,经验不限,本科
Java/JS/Python/算法/C/C++工程师,外企德科数字技术有限公司,西安·雁塔·漳浒寨,1.2-2.4万·14薪,经验不限,本科
软件工程师c/c++/python/java+双休,外企德科数字技术有限公司,西安·雁塔·漳浒寨,2.2-2.3万·16薪,经验不限,本科
软件工程师c/c++/python/java+双休,外企德科数字技术有限公司,西安·雁塔·漳浒寨,2.2-2.3万·16薪,经验不限,本科
Java/C/C++/python/GO/web/测试,外企德科数字技术有限公司,东莞·大朗镇,1.2-2.4万,经验不限,本科
Java/C/C++/python/GO/web/测试,外企德科数字技术有限公司,东莞·大朗镇,1.2-2.4万,经验不限,本科
软件通用岗位/接受应届考研考公失败 java/python/C++/测试/C/GO/大数据开发,外企德科数字技术有限公司,深圳·龙岗·坂田,1.5-3万·14薪,经验不限,本科
软件通用岗位/接受应届考研考公失败 java/python/C++/测试/C/GO/大数据开发,外企德科数字技术有限公司,深圳·龙岗·坂田,1.5-3万·14薪,经验不限,本科
C/C++/Java/JS/Python/Go软件开发【全国有岗位 可接受应届】,外企德科数字技术有限公司,南京·雨花台·雨花,1.5-3万·14薪,经验不限,本科
C/C++/Java/JS/Python/Go软件开发【全国有岗位 可接受应届】,外企德科数字技术有限公司,南京·雨花台·雨花,1.5-3万·14薪,经验不限,本科
java/Python/C/C++/JS/AI算法/软件测试,外企德科数字技术有限公司,武汉·江夏·豹澥,1.6-3万,经验不限,本科
java/Python/C/C++/JS/AI算法/软件测试,外企德科数字技术有限公司,武汉·江夏·豹澥,1.6-3万,经验不限,本科
C/C++/Java/JS/Python软件开发（全国有岗 接受应届）,外企德科数字技术有限公司,苏州·虎丘,1.5-3万·14薪,经验不限,本科
C/C++/Java/JS/Python软件开发（全国有岗 接受应届）,外企德科数字技术有限公司,苏州·虎丘,1.5-3万·14薪,经验不限,本科
C/C++/Java/Python/JS软件开发/算法/数据,外企德科数字技术有限公司,上海·浦东·金桥,1.7-3万·15薪,经验不限,本科
C/C++/Java/Python/JS软件开发/算法/数据,外企德科数字技术有限公司,上海·浦东·金桥,1.7-3万·15薪,经验不限,本科
C/C++/Java/Python/JS软件开发/算法/数据,外企德科数字技术有限公司,上海·浦东·金桥,1.7-3万·15薪,经验不限,本科
C/C++/Java/Python/JS软件开发/算法/数据,外企德科数字技术有限公司,上海·浦东·金桥,1.7-3万·15薪,经验不限,本科
Java/C/C++/Python/前端/测试（接受应届）,外企德科数字技术有限公司,上海·浦东·金桥,1.5-3万·14薪,经验不限,本科
Java/C/C++/Python/前端/测试（接受应届）,外企德科数字技术有限公司,上海·浦东·金桥,1.5-3万·14薪,经验不限,本科
java、C/C++、python等个后端开发,外企德科数字技术有限公司,成都·郫都·合作街道,1.6-3万·14薪,经验不限,本科
java、C/C++、python等个后端开发,外企德科数字技术有限公司,成都·郫都·合作街道,1.6-3万·14薪,经验不限,本科
java、C/C++、python等个后端开发,外企德科数字技术有限公司,东莞·大朗镇,1.6-3万·14薪,经验不限,本科
java、C/C++、python等个后端开发,外企德科数字技术有限公司,东莞·大朗镇,1.6-3万·14薪,经验不限,本科
Java/C/C++/Python/C#/Js/Ios,外企德科数字技术有限公司,成都·郫都·合作街道,1.5-2.7万,1-3年,本科
Java/C/C++/Python/C#/Js/Ios,外企德科数字技术有限公司,成都·郫都·合作街道,1.5-2.7万,1-3年,本科
JAVA/C/C++/Python/go/web开发工程师 全国岗14薪，全额社保公积金 应届生/考研/考公失败可投,外企德科数字技术有限公司,成都·郫都·合作街道,1.5-3万·14薪,经验不限,本科
JAVA/C/C++/Python/go/web开发工程师 全国岗14薪，全额社保公积金 应届生/考研/考公失败可投,外企德科数字技术有限公司,成都·郫都·合作街道,1.5-3万·14薪,经验不限,本科
Java/python/C/C++/JS前后端软件开发工程师,外企德科数字技术有限公司,西安·雁塔·漳浒寨,1.3-2.6万·14薪,经验不限,本科
Java/python/C/C++/JS前后端软件开发工程师,外企德科数字技术有限公司,西安·雁塔·漳浒寨,1.3-2.6万·14薪,经验不限,本科
C/C++/Java/JS/Python软件开发【全国有岗】,外企德科数字技术有限公司,厦门·湖里·江头,1.5-3万·14薪,经验不限,本科
C/C++/Java/JS/Python软件开发【全国有岗】,外企德科数字技术有限公司,厦门·湖里·江头,1.5-3万·14薪,经验不限,本科
Java/C++/C/Python/测试开发工程师（接受应届，导师带教）,外企德科数字技术有限公司,西安·雁塔·漳浒寨,1.3-2.6万·14薪,经验不限,本科
Java/C++/C/Python/测试开发工程师（接受应届，导师带教）,外企德科数字技术有限公司,西安·雁塔·漳浒寨,1.3-2.6万·14薪,经验不限,本科
Java/Python/C/C++/测试/算法/前端岗,外企德科数字技术有限公司,成都·郫都·合作街道,1.2-2.4万·14薪,经验不限,本科
Java/Python/C/C++/测试/算法/前端岗,外企德科数字技术有限公司,成都·郫都·合作街道,1.2-2.4万·14薪,经验不限,本科
Python软件开发工程师　五险一金最高缴纳比例　年终奖,外企德科数字技术有限公司,武汉·江夏·豹澥,1.5-3万·16薪,经验不限,本科
Python软件开发工程师　五险一金最高缴纳比例　年终奖,外企德科数字技术有限公司,武汉·江夏·豹澥,1.5-3万·16薪,经验不限,本科
C/C++/Java/Python/Go通用软件开发/测试,外企德科数字技术有限公司,深圳·龙岗·坂田,1.5-3万,经验不限,本科
C/C++/Java/Python/Go通用软件开发/测试,外企德科数字技术有限公司,深圳·龙岗·坂田,1.5-3万,经验不限,本科
C/C#/C++/python/java/,外企德科数字技术有限公司,上海·浦东·金桥,1.5-3万·14薪,经验不限,本科
C/C#/C++/python/java/,外企德科数字技术有限公司,上海·浦东·金桥,1.5-3万·14薪,经验不限,本科
Java/C/C++/Python/JS 软件开发（多部门推荐）,外企德科数字技术有限公司,西安·雁塔·漳浒寨,1.6-3万·14薪,经验不限,本科
Java/C/C++/Python/JS 软件开发（多部门推荐）,外企德科数字技术有限公司,西安·雁塔·漳浒寨,1.6-3万·14薪,经验不限,本科
JAVA/JS/C/C++/Python/go/测试,外企德科数字技术有限公司,杭州·滨江·长河,1.5-3万·14薪,经验不限,本科
JAVA/JS/C/C++/Python/go/测试,外企德科数字技术有限公司,杭州·滨江·长河,1.5-3万·14薪,经验不限,本科
python开发工程师,外企德科数字技术有限公司,上海·虹口·北外滩,1.5-1.6万,3-5年,本科
python开发工程师,外企德科数字技术有限公司,上海·虹口·北外滩,1.5-1.6万,3-5年,本科
python,外企德科数字技术有限公司,深圳·龙岗·坂田,1.5-3万·14薪,经验不限,本科
python,外企德科数字技术有限公司,深圳·龙岗·坂田,1.5-3万·14薪,经验不限,本科
C/C++/C#/python/算法工程师/java,外企德科数字技术有限公司,杭州·滨江·长河,1.3-2.5万·14薪,经验不限,本科
C/C++/C#/python/算法工程师/java,外企德科数字技术有限公司,杭州·滨江·长河,1.3-2.5万·14薪,经验不限,本科
Java/C/C++/Python/前端/测试（接受应届）,外企德科数字技术有限公司,杭州·滨江·长河,1.6-2.4万·14薪,经验不限,本科
Java/C/C++/Python/前端/测试（接受应届）,外企德科数字技术有限公司,杭州·滨江·长河,1.6-2.4万·14薪,经验不限,本科
AI大模型平台运维（熟练python）,外企德科数字技术有限公司,上海·杨浦·大桥,1.2-2万,1-3年,本科
AI大模型平台运维（熟练python）,外企德科数字技术有限公司,上海·杨浦·大桥,1.2-2万,1-3年,本科
JAVA/JS/C/C++/Python/go/测试,外企德科数字技术有限公司,武汉·江夏·豹澥,1.5-3万·14薪,经验不限,本科
JAVA/JS/C/C++/Python/go/测试,外企德科数字技术有限公司,武汉·江夏·豹澥,1.5-3万·14薪,经验不限,本科
JAVA/JS/C/C++/Python/go/测试,外企德科数字技术有限公司,武汉·江夏·豹澥,1.5-3万·14薪,经验不限,本科
JAVA/JS/C/C++/Python/go/测试,外企德科数字技术有限公司,武汉·江夏·豹澥,1.5-3万·14薪,经验不限,本科
月薪15-35k/java/c++/python后端开发/双休/五险一金,外企德科数字技术有限公司,东莞·大朗镇,1.5-3万·14薪,经验不限,本科
月薪15-35k/java/c++/python后端开发/双休/五险一金,外企德科数字技术有限公司,东莞·大朗镇,1.5-3万·14薪,经验不限,本科
软件岗（Java/Python/C/C++/软测/嵌入式等）,外企德科数字技术有限公司,苏州·工业园区,1.4-2.8万·14薪,经验不限,本科
软件岗（Java/Python/C/C++/软测/嵌入式等）,外企德科数字技术有限公司,苏州·工业园区,1.4-2.8万·14薪,经验不限,本科
python后端开发工程师,外企德科数字技术有限公司,济南·历下·姚家,1.2-2.4万·14薪,经验不限,本科
python后端开发工程师,外企德科数字技术有限公司,济南·历下·姚家,1.2-2.4万·14薪,经验不限,本科
软件开发（多语言 Java Python C/C++js等测试,外企德科数字技术有限公司,南京·雨花台·雨花,1.2-2.4万,经验不限,本科
软件开发（多语言 Java Python C/C++js等测试,外企德科数字技术有限公司,南京·雨花台·雨花,1.2-2.4万,经验不限,本科
C/C++/Java/Python/Go通用软件开发/测试,外企德科数字技术有限公司,上海·浦东·金桥,1.5-3万,经验不限,本科
C/C++/Java/Python/Go通用软件开发/测试,外企德科数字技术有限公司,上海·浦东·金桥,1.5-3万,经验不限,本科
后端/前端/GIS/Python/c++,外企德科数字技术有限公司,武汉·江夏·豹澥,1.6-3万·14薪,3-5年,本科
后端/前端/GIS/Python/c++,外企德科数字技术有限公司,武汉·江夏·豹澥,1.6-3万·14薪,3-5年,本科
Java/C/C++/Python/前端/测试（接受应届）,外企德科数字技术有限公司,深圳·龙岗·坂田,1.3-2.6万·14薪,经验不限,本科
Java/C/C++/Python/前端/测试（接受应届）,外企德科数字技术有限公司,深圳·龙岗·坂田,1.3-2.6万·14薪,经验不限,本科
Java/C/C++/Python/前端/测试（接受应届）,外企德科数字技术有限公司,苏州·工业园区,1.5-3万·14薪,经验不限,本科
Java/C/C++/Python/前端/测试（接受应届）,外企德科数字技术有限公司,苏州·工业园区,1.5-3万·14薪,经验不限,本科
软件开发工程师(Java/C/C++/Python/Js),外企德科数字技术有限公司,苏州·工业园区,1.5-3万,经验不限,本科
软件开发工程师(Java/C/C++/Python/Js),外企德科数字技术有限公司,苏州·工业园区,1.5-3万,经验不限,本科
软件开发工程师(Java/C/C++/Python/Js),外企德科数字技术有限公司,成都·都江堰·聚源,1.5-3万,经验不限,本科
软件开发工程师(Java/C/C++/Python/Js),外企德科数字技术有限公司,成都·都江堰·聚源,1.5-3万,经验不限,本科
软件开发工程师（c++ Java python),外企德科数字技术有限公司,武汉·江夏·豹澥,1.2-2.4万·14薪,经验不限,本科
软件开发工程师（c++ Java python),外企德科数字技术有限公司,武汉·江夏·豹澥,1.2-2.4万·14薪,经验不限,本科
软件工程师（Java/python/JS/C++）,外企德科数字技术有限公司,杭州·滨江·长河,1.5-3万·14薪,经验不限,本科
软件工程师（Java/python/JS/C++）,外企德科数字技术有限公司,杭州·滨江·长河,1.5-3万·14薪,经验不限,本科
软件岗（Java/Python/C/C++/软测/嵌入式等）,外企德科数字技术有限公司,南京·雨花台·雨花,1.4-2.8万·14薪,经验不限,本科
软件岗（Java/Python/C/C++/软测/嵌入式等）,外企德科数字技术有限公司,南京·雨花台·雨花,1.4-2.8万·14薪,经验不限,本科
Java/python/C/C++/JS前后端软件开发工程师,外企德科数字技术有限公司,东莞·大朗镇,1.3-2.6万·14薪,经验不限,本科
Java/python/C/C++/JS前后端软件开发工程师,外企德科数字技术有限公司,东莞·大朗镇,1.3-2.6万·14薪,经验不限,本科
java/c++/C/Python/前端开发工程师,外企德科数字技术有限公司,西安·雁塔·漳浒寨,1.5-3万·14薪,经验不限,本科
java/c++/C/Python/前端开发工程师,外企德科数字技术有限公司,西安·雁塔·漳浒寨,1.5-3万·14薪,经验不限,本科
C/C++/Java/Python/JS软件开发/算法/数据,外企德科数字技术有限公司,广州·白云·松洲,1.7-3万·15薪,经验不限,本科
C/C++/Java/Python/JS软件开发/算法/数据,外企德科数字技术有限公司,广州·白云·松洲,1.7-3万·15薪,经验不限,本科
python后端开发工程师,外企德科数字技术有限公司,北京·海淀,1.3-2.6万·14薪,经验不限,本科
python后端开发工程师,外企德科数字技术有限公司,北京·海淀,1.3-2.6万·14薪,经验不限,本科
C/C++/Java/Python/JS软件开发/算法/数据,外企德科数字技术有限公司,深圳·龙岗·坂田,1.7-3万·15薪,经验不限,本科
C/C++/Java/Python/JS软件开发/算法/数据,外企德科数字技术有限公司,深圳·龙岗·坂田,1.7-3万·15薪,经验不限,本科
Java/C++/C/Python/前端/测试（接受应届）,外企德科数字技术有限公司,武汉·江夏·豹澥,1.4-2.1万·14薪,经验不限,本科
Java/C++/C/Python/前端/测试（接受应届）,外企德科数字技术有限公司,武汉·江夏·豹澥,1.4-2.1万·14薪,经验不限,本科
java/c++/C/Python/前端开发工程师,外企德科数字技术有限公司,杭州·滨江·长河,1.5-3万·14薪,经验不限,本科
java/c++/C/Python/前端开发工程师,外企德科数字技术有限公司,杭州·滨江·长河,1.5-3万·14薪,经验不限,本科
java/c++/C/Python/前端开发工程师,外企德科数字技术有限公司,杭州·滨江·长河,1.5-3万·14薪,经验不限,本科
java/c++/C/Python/前端开发工程师,外企德科数字技术有限公司,杭州·滨江·长河,1.5-3万·14薪,经验不限,本科
Java/C/C++/Python/前端/测试（接受应届）,外企德科数字技术有限公司,深圳·龙岗·坂田,1.6-3万,经验不限,本科
Java/C/C++/Python/前端/测试（接受应届）,外企德科数字技术有限公司,深圳·龙岗·坂田,1.6-3万,经验不限,本科
软件开发（多语言 Java Python C/C++js等测试,外企德科数字技术有限公司,深圳·龙岗·坂田,1.2-2.4万,经验不限,本科
软件开发（多语言 Java Python C/C++js等测试,外企德科数字技术有限公司,深圳·龙岗·坂田,1.2-2.4万,经验不限,本科
java/c++/python后端开发/软件测试,外企德科数字技术有限公司,西安·雁塔·丈八沟,1.5-3万·16薪,经验不限,本科
java/c++/python后端开发/软件测试,外企德科数字技术有限公司,西安·雁塔·丈八沟,1.5-3万·16薪,经验不限,本科
Java/python/JS/C++/测试(核心项目 年终奖,外企德科数字技术有限公司,苏州·工业园区,1.8-3.5万·16薪,经验不限,本科
Java/python/JS/C++/测试(核心项目 年终奖,外企德科数字技术有限公司,苏州·工业园区,1.8-3.5万·16薪,经验不限,本科
JAVA/C++/C/Python 14薪双休 应届生可投,外企德科数字技术有限公司,南京·秦淮·五老村,1.5-3万,经验不限,本科
JAVA/C++/C/Python 14薪双休 应届生可投,外企德科数字技术有限公司,南京·秦淮·五老村,1.5-3万,经验不限,本科
软件开发（多语言 Java Python C/C++js等测试）,外企德科数字技术有限公司,成都·郫都·合作街道,1.2-2.4万,经验不限,本科
软件开发（多语言 Java Python C/C++js等测试）,外企德科数字技术有限公司,成都·郫都·合作街道,1.2-2.4万,经验不限,本科
Java\C\C++\Python软件开发工程师,外企德科数字技术有限公司,杭州·滨江·长河,1.2-2.4万·14薪,经验不限,本科
Java\C\C++\Python软件开发工程师,外企德科数字技术有限公司,杭州·滨江·长河,1.2-2.4万·14薪,经验不限,本科
Java/C++/C/Python/GO/JS,外企德科数字技术有限公司,南京·江宁·秣陵,1.2-2.4万·15薪,经验不限,本科
Java/C++/C/Python/GO/JS,外企德科数字技术有限公司,南京·江宁·秣陵,1.2-2.4万·15薪,经验不限,本科
Java/C/C++/Python/JS 软件开发（多部门推荐）,外企德科数字技术有限公司,成都·郫都·合作街道,1.6-3万·14薪,经验不限,本科
Java/C/C++/Python/JS 软件开发（多部门推荐）,外企德科数字技术有限公司,成都·郫都·合作街道,1.6-3万·14薪,经验不限,本科
Java/python/JS/C++/C#\开发测试都可投递,外企德科数字技术有限公司,深圳·龙岗·坂田,1.5-3万,无经验,本科
Java/python/JS/C++/C#\开发测试都可投递,外企德科数字技术有限公司,深圳·龙岗·坂田,1.5-3万,无经验,本科
软件开发/测试（JAVA/C/Python/web）等,外企德科数字技术有限公司,北京·海淀,1.4-2.7万·16薪,经验不限,本科
软件开发/测试（JAVA/C/Python/web）等,外企德科数字技术有限公司,北京·海淀,1.4-2.7万·16薪,经验不限,本科
软件开发/测试（JAVA/C/Python/web）等,外企德科数字技术有限公司,西安·雁塔·漳浒寨,1.4-2.7万·16薪,经验不限,本科
软件开发/测试（JAVA/C/Python/web）等,外企德科数字技术有限公司,西安·雁塔·漳浒寨,1.4-2.7万·16薪,经验不限,本科
月薪15-35k/java/c++/python后端开发/算法、测试,外企德科数字技术有限公司,武汉·江夏·豹澥,1.5-3万·14薪,经验不限,学历不限
月薪15-35k/java/c++/python后端开发/算法、测试,外企德科数字技术有限公司,武汉·江夏·豹澥,1.5-3万·14薪,经验不限,学历不限
python开发/测试开发,外企德科数字技术有限公司,武汉·江夏·豹澥,1.3-2.6万·14薪,经验不限,本科
python开发/测试开发,外企德科数字技术有限公司,武汉·江夏·豹澥,1.3-2.6万·14薪,经验不限,本科
python后端开发工程师,外企德科数字技术有限公司,北京·海淀,1.5-3万,经验不限,本科
python后端开发工程师,外企德科数字技术有限公司,北京·海淀,1.5-3万,经验不限,本科
云服务python开发（双休，六险一金）,外企德科数字技术有限公司,杭州·滨江·浦沿,1.2-1.8万,经验不限,本科
云服务python开发（双休，六险一金）,外企德科数字技术有限公司,杭州·滨江·浦沿,1.2-1.8万,经验不限,本科
软件研发工程师（有Java、C、C++、Python、go、JS等）,外企德科数字技术有限公司,深圳·龙岗·坂田,1.2-2.4万·14薪,经验不限,本科
软件研发工程师（有Java、C、C++、Python、go、JS等）,外企德科数字技术有限公司,深圳·龙岗·坂田,1.2-2.4万·14薪,经验不限,本科
Java/Python/C/C++/数开/测试/算法/前端岗,外企德科数字技术有限公司,东莞·大朗镇,1.5-3万·14薪,经验不限,本科
Java/Python/C/C++/数开/测试/算法/前端岗,外企德科数字技术有限公司,东莞·大朗镇,1.5-3万·14薪,经验不限,本科
Java/C/C++/python/GO/web/测试,外企德科数字技术有限公司,杭州·滨江·长河,1.3-2.6万,经验不限,本科
Java/C/C++/python/GO/web/测试,外企德科数字技术有限公司,杭州·滨江·长河,1.3-2.6万,经验不限,本科
C++/前端/Java/Python/C/go开发工程师,外企德科数字技术有限公司,苏州·虎丘,1.5-3万·14薪,经验不限,本科
C++/前端/Java/Python/C/go开发工程师,外企德科数字技术有限公司,苏州·虎丘,1.5-3万·14薪,经验不限,本科
C++/前端/Java/Python/C/go开发工程师,外企德科数字技术有限公司,苏州·虎丘,1.5-3万·14薪,经验不限,本科
C++/前端/Java/Python/C/go开发工程师,外企德科数字技术有限公司,苏州·虎丘,1.5-3万·14薪,经验不限,本科
JAVA/C/C++/Python/go/web开发工程师 全国岗14薪，全额社保公积金 应届生/考研/考公失败可投,外企德科数字技术有限公司,广州·白云·松洲,1.5-3万·14薪,经验不限,本科
JAVA/C/C++/Python/go/web开发工程师 全国岗14薪，全额社保公积金 应届生/考研/考公失败可投,外企德科数字技术有限公司,广州·白云·松洲,1.5-3万·14薪,经验不限,本科
Java/C/C++/Python/前端/测试（接受应届）,外企德科数字技术有限公司,上海·浦东·金桥,1.5-3万·14薪,经验不限,本科
Java/C/C++/Python/前端/测试（接受应届）,外企德科数字技术有限公司,上海·浦东·金桥,1.5-3万·14薪,经验不限,本科
Java/前端/Python/C/C++/go开发工程师,外企德科数字技术有限公司,南京·雨花台·雨花,1.5-3万·14薪,经验不限,本科
Java/前端/Python/C/C++/go开发工程师,外企德科数字技术有限公司,南京·雨花台·雨花,1.5-3万·14薪,经验不限,本科
C/C++/Java/Python/Go通用软件开发/测试,外企德科数字技术有限公司,杭州·滨江·长河,1.5-3万,经验不限,本科
C/C++/Java/Python/Go通用软件开发/测试,外企德科数字技术有限公司,杭州·滨江·长河,1.5-3万,经验不限,本科
Java/c/c++/python/js软件开发工程师,外企德科数字技术有限公司,杭州·滨江·长河,1.4-2.8万·14薪,经验不限,本科
Java/c/c++/python/js软件开发工程师,外企德科数字技术有限公司,杭州·滨江·长河,1.4-2.8万·14薪,经验不限,本科
java/c/c++/python/测试 双休 高薪 五险一金,外企德科数字技术有限公司,南京·雨花台·雨花,1.5-3万·16薪,经验不限,本科
java/c/c++/python/测试 双休 高薪 五险一金,外企德科数字技术有限公司,南京·雨花台·雨花,1.5-3万·16薪,经验不限,本科
JAVA/C++/C/Python 14薪双休 应届生可投,外企德科数字技术有限公司,西安·雁塔·漳浒寨,1.5-3万,经验不限,本科
JAVA/C++/C/Python 14薪双休 应届生可投,外企德科数字技术有限公司,西安·雁塔·漳浒寨,1.5-3万,经验不限,本科
C/C++/Java/Python/Go通用软件开发/测试,外企德科数字技术有限公司,广州·白云·松洲,1.5-3万,经验不限,本科
C/C++/Java/Python/Go通用软件开发/测试,外企德科数字技术有限公司,广州·白云·松洲,1.5-3万,经验不限,本科
JAVA/C++/C/Python 14薪双休 应届生可投,外企德科数字技术有限公司,北京·朝阳·建外,1.5-3万,经验不限,本科
JAVA/C++/C/Python 14薪双休 应届生可投,外企德科数字技术有限公司,北京·朝阳·建外,1.5-3万,经验不限,本科
Java/C/C++/Python/JS 软件开发（多部门推荐）,外企德科数字技术有限公司,南京·雨花台·雨花,1.6-3万·14薪,经验不限,本科
Java/C/C++/Python/JS 软件开发（多部门推荐）,外企德科数字技术有限公司,南京·雨花台·雨花,1.6-3万·14薪,经验不限,本科
Java/C/C++/Python/JS 软件开发（多部门推荐）,外企德科数字技术有限公司,东莞·大朗镇,1.6-3万·14薪,经验不限,本科
Java/C/C++/Python/JS 软件开发（多部门推荐）,外企德科数字技术有限公司,东莞·大朗镇,1.6-3万·14薪,经验不限,本科
Java/c/c++/python/js软件开发工程师,外企德科数字技术有限公司,南京·雨花台·雨花,1.4-2.8万·14薪,经验不限,本科
Java/c/c++/python/js软件开发工程师,外企德科数字技术有限公司,南京·雨花台·雨花,1.4-2.8万·14薪,经验不限,本科
测试/前端/后端开发工程师Java/C/C++/Python,外企德科数字技术有限公司,成都·武侯·桂溪,1.5-2.8万·14薪,经验不限,本科
测试/前端/后端开发工程师Java/C/C++/Python,外企德科数字技术有限公司,成都·武侯·桂溪,1.5-2.8万·14薪,经验不限,本科
Java/C/C++/Python/Go+前端+算法+测试+全国,外企德科数字技术有限公司,上海·浦东·金桥,1.5-3万·16薪,经验不限,本科
Java/C/C++/Python/Go+前端+算法+测试+全国,外企德科数字技术有限公司,上海·浦东·金桥,1.5-3万·16薪,经验不限,本科
软件开发工程师(Java/C/C++/Python/Js),外企德科数字技术有限公司,北京·昌平·史各庄,1.5-3万,经验不限,本科
软件开发工程师(Java/C/C++/Python/Js),外企德科数字技术有限公司,北京·昌平·史各庄,1.5-3万,经验不限,本科
月薪15-35k/java/c++/python后端开发/,外企德科数字技术有限公司,深圳·龙岗·坂田,1.5-3万·14薪,经验不限,本科
月薪15-35k/java/c++/python后端开发/,外企德科数字技术有限公司,深圳·龙岗·坂田,1.5-3万·14薪,经验不限,本科
python（接受无经验，全国base，全额五险，年假福利，团建）,外企德科数字技术有限公司,武汉·江夏·豹澥,1.3-2.6万·14薪,1年以下,本科
python（接受无经验，全国base，全额五险，年假福利，团建）,外企德科数字技术有限公司,武汉·江夏·豹澥,1.3-2.6万·14薪,1年以下,本科
Java/Python/C/C++/数开/测试/算法/前端岗,外企德科数字技术有限公司,苏州·工业园区,1.5-3万·14薪,经验不限,本科
Java/Python/C/C++/数开/测试/算法/前端岗,外企德科数字技术有限公司,苏州·工业园区,1.5-3万·14薪,经验不限,本科
Java/Python/C/C++/Web/测试开发,外企德科数字技术有限公司,东莞·大朗镇,1.3-2.6万·16薪,经验不限,本科
Java/Python/C/C++/Web/测试开发,外企德科数字技术有限公司,东莞·大朗镇,1.3-2.6万·16薪,经验不限,本科
测试工程师/软件开发（C/C++、Java、Scala、Python、go，JS/前端/测试等）,外企德科数字技术有限公司,深圳·龙岗·坂田,1.2-2万·14薪,经验不限,本科
测试工程师/软件开发（C/C++、Java、Scala、Python、go，JS/前端/测试等）,外企德科数字技术有限公司,深圳·龙岗·坂田,1.2-2万·14薪,经验不限,本科
测试工程师/软件开发（C/C++、Java、Scala、Python、go，JS/前端/测试等）,外企德科数字技术有限公司,深圳·龙岗·坂田,1.2-2万·14薪,经验不限,本科
测试工程师/软件开发（C/C++、Java、Scala、Python、go，JS/前端/测试等）,外企德科数字技术有限公司,深圳·龙岗·坂田,1.2-2万·14薪,经验不限,本科
c/c++/java/python开发/测试【base上海】,外企德科数字技术有限公司,上海·浦东·金桥,1.2-2万·14薪,经验不限,本科
c/c++/java/python开发/测试【base上海】,外企德科数字技术有限公司,上海·浦东·金桥,1.2-2万·14薪,经验不限,本科
Java/python/JS/GO/算法/测试/c ++,外企德科数字技术有限公司,深圳·龙岗·坂田,1.3-2.6万·14薪,无经验,本科
Java/python/JS/GO/算法/测试/c ++,外企德科数字技术有限公司,深圳·龙岗·坂田,1.3-2.6万·14薪,无经验,本科
C/C++/Java/Python/JS软件开发/算法/数据,外企德科数字技术有限公司,南昌·红谷滩,1.7-3万·15薪,经验不限,本科
C/C++/Java/Python/JS软件开发/算法/数据,外企德科数字技术有限公司,南昌·红谷滩,1.7-3万·15薪,经验不限,本科
Java/Python/C/C++/Web/测试工程师,外企德科数字技术有限公司,深圳·龙岗·坂田,1.4-2.8万·16薪,经验不限,本科
Java/Python/C/C++/Web/测试工程师,外企德科数字技术有限公司,深圳·龙岗·坂田,1.4-2.8万·16薪,经验不限,本科
c++/python/java/c/算法/测试,外企德科数字技术有限公司,深圳·龙岗·坂田,1.5-3万·14薪,经验不限,本科
c++/python/java/c/算法/测试,外企德科数字技术有限公司,深圳·龙岗·坂田,1.5-3万·14薪,经验不限,本科
c++/python/java/c/算法/测试,外企德科数字技术有限公司,西安·雁塔·漳浒寨,1.5-3万·14薪,经验不限,本科
c++/python/java/c/算法/测试,外企德科数字技术有限公司,西安·雁塔·漳浒寨,1.5-3万·14薪,经验不限,本科
测试/前端/后端开发工程师Java/C/C++/JS/Python,外企德科数字技术有限公司,深圳·龙岗·坂田,1.4-2.8万·14薪,经验不限,本科
测试/前端/后端开发工程师Java/C/C++/JS/Python,外企德科数字技术有限公司,深圳·龙岗·坂田,1.4-2.8万·14薪,经验不限,本科
算法工程师/C/C#/C++/java/python/js,外企德科数字技术有限公司,西安·雁塔·漳浒寨,1.3-2.6万·14薪,经验不限,本科
算法工程师/C/C#/C++/java/python/js,外企德科数字技术有限公司,西安·雁塔·漳浒寨,1.3-2.6万·14薪,经验不限,本科
JAVA/C++/C/Python 14薪双休 应届生可投,外企德科数字技术有限公司,上海·浦东·花木,1.5-3万,经验不限,本科
JAVA/C++/C/Python 14薪双休 应届生可投,外企德科数字技术有限公司,上海·浦东·花木,1.5-3万,经验不限,本科
测试/前端/后端开发工程师Java/C/C++/JS/Python,外企德科数字技术有限公司,东莞·大朗镇,1.5-3万·14薪,经验不限,本科
测试/前端/后端开发工程师Java/C/C++/JS/Python,外企德科数字技术有限公司,东莞·大朗镇,1.5-3万·14薪,经验不限,本科
C/C++/Java/JS/Python软件开发【全国有岗】,外企德科数字技术有限公司,贵阳·花溪,1.5-3万·14薪,经验不限,本科
C/C++/Java/JS/Python软件开发【全国有岗】,外企德科数字技术有限公司,贵阳·花溪,1.5-3万·14薪,经验不限,本科
接受小白，python、c、c++、Java一种开发语言即可,外企德科数字技术有限公司,东莞·大朗镇,1.6-3万,经验不限,本科
接受小白，python、c、c++、Java一种开发语言即可,外企德科数字技术有限公司,东莞·大朗镇,1.6-3万,经验不限,本科
C/C++/Java/Python/JS软件开发/算法/数据,外企德科数字技术有限公司,南宁·青秀·津头,1.7-3万·15薪,经验不限,本科
C/C++/Java/Python/JS软件开发/算法/数据,外企德科数字技术有限公司,南宁·青秀·津头,1.7-3万·15薪,经验不限,本科
java/Python/C/C++/JS/AI算法/软件测试,外企德科数字技术有限公司,东莞·大朗镇,2-4万·14薪,经验不限,本科
java/Python/C/C++/JS/AI算法/软件测试,外企德科数字技术有限公司,东莞·大朗镇,2-4万·14薪,经验不限,本科
ai算法工程师（c、c++、java、python),外企德科数字技术有限公司,东莞·大朗镇,1.1-1.6万,经验不限,学历不限
ai算法工程师（c、c++、java、python),外企德科数字技术有限公司,东莞·大朗镇,1.1-1.6万,经验不限,学历不限
软件开发（多语言 Java Python C/C++js等测试,外企德科数字技术有限公司,东莞·大朗镇,1.2-2.4万,经验不限,本科
软件开发（多语言 Java Python C/C++js等测试,外企德科数字技术有限公司,东莞·大朗镇,1.2-2.4万,经验不限,本科
java/c/python/测试 双休 高薪 五险一金,外企德科数字技术有限公司,济南·历下·龙洞,1.5-3万·14薪,经验不限,本科
java/c/python/测试 双休 高薪 五险一金,外企德科数字技术有限公司,济南·历下·龙洞,1.5-3万·14薪,经验不限,本科
软件通用岗位/接受应届考研考公失败 java/python/C++/测试/C/GO/大数据开发,外企德科数字技术有限公司,东莞·大朗镇,1.5-3万·14薪,经验不限,本科
软件通用岗位/接受应届考研考公失败 java/python/C++/测试/C/GO/大数据开发,外企德科数字技术有限公司,东莞·大朗镇,1.5-3万·14薪,经验不限,本科
Java/C++/python/c/算法岗位,外企德科数字技术有限公司,桂林·临桂区·临桂镇,1.5-3万,经验不限,本科
Java/C++/python/c/算法岗位,外企德科数字技术有限公司,桂林·临桂区·临桂镇,1.5-3万,经验不限,本科
东莞Java开发（BPIT本科-2年以上）,软通动力信息技术(集团)股份有限公司,东莞·寮步镇,1.1-1.4万,3-5年,本科
东莞Java开发（BPIT本科-2年以上）,软通动力信息技术(集团)股份有限公司,东莞·寮步镇,1.1-1.4万,3-5年,本科
东莞Java开发（BPIT本科-2年以上）,软通动力信息技术(集团)股份有限公司,东莞·寮步镇,1.1-1.4万,3-5年,本科
东莞Java开发（BPIT本科-2年以上）,软通动力信息技术(集团)股份有限公司,东莞·寮步镇,1.1-1.4万,3-5年,本科
java后端工程师,南京利智禾软件科技有限公司,南京·溧水·柘塘,1-1.3万,3-5年,本科
java后端工程师,南京利智禾软件科技有限公司,南京·溧水·柘塘,1-1.3万,3-5年,本科
Java软件开发工程师,北京盛安同力科技开发有限公司,西安·长安·韦曲,8000-16000元,1-3年,本科
Java软件开发工程师,北京盛安同力科技开发有限公司,西安·长安·韦曲,8000-16000元,1-3年,本科
java软件开发工程师,沃科智融(北京)科技有限公司,成都·武侯·机投桥,1-2万,5-10年,本科
java软件开发工程师,沃科智融(北京)科技有限公司,成都·武侯·机投桥,1-2万,5-10年,本科
Java高级开发工程师,江苏苍龙琪信息技术有限公司,上海·浦东·南码头路,1.5-2.8万,5-10年,本科
Java高级开发工程师,江苏苍龙琪信息技术有限公司,上海·浦东·南码头路,1.5-2.8万,5-10年,本科
深圳Java开发（BPIT-本科2年以上）,软通动力信息技术(集团)股份有限公司,深圳·龙岗·坂田,1.1-1.4万,3-5年,本科
深圳Java开发（BPIT-本科2年以上）,软通动力信息技术(集团)股份有限公司,深圳·龙岗·坂田,1.1-1.4万,3-5年,本科
java开发-四川建行,成都高伟达信息技术有限公司,成都·青羊·西御河,8000-14000元,3-5年,本科
java开发-四川建行,成都高伟达信息技术有限公司,成都·青羊·西御河,8000-14000元,3-5年,本科
Java开发,亚信万联科技(南京)有限公司,深圳·福田·沙头,8000-9000元,1-3年,本科
Java开发,亚信万联科技(南京)有限公司,深圳·福田·沙头,8000-9000元,1-3年,本科
高级java研发工程师-RS,南京数之赢科技有限公司,北京·海淀,1.4-1.6万,5-10年,本科
高级java研发工程师-RS,南京数之赢科技有限公司,北京·海淀,1.4-1.6万,5-10年,本科
java架构师,天津联创优才人力资源管理有限公司,天津·滨海新区·大沽,8000-12000元,3-5年,本科
java架构师,天津联创优才人力资源管理有限公司,天津·滨海新区·大沽,8000-12000元,3-5年,本科
Java,中安华邦(北京)安全生产技术研究院股份有限公司,太原·小店·平阳路,6000-10000元,1-3年,本科
Java,中安华邦(北京)安全生产技术研究院股份有限公司,太原·小店·平阳路,6000-10000元,1-3年,本科
中级java工程师,北京海华鑫安生物信息技术有限责任公司,北京·海淀·羊坊店,1.3-1.6万,3-5年,本科
中级java工程师,北京海华鑫安生物信息技术有限责任公司,北京·海淀·羊坊店,1.3-1.6万,3-5年,本科
JAVA高级研发工程师（电力行业信息化）,华普电力有限公司,重庆·江北,1-1.5万,5-10年,本科
JAVA高级研发工程师（电力行业信息化）,华普电力有限公司,重庆·江北,1-1.5万,5-10年,本科
金融Java开发,鹏讯科技(大连)有限公司,南京·建邺·双闸,1-1.2万,3-5年,本科
金融Java开发,鹏讯科技(大连)有限公司,南京·建邺·双闸,1-1.2万,3-5年,本科
H82347岗 Java开发工程师,武汉佰钧成技术有限责任公司,武汉·江夏·豹澥,9000-11000元,经验不限,本科
H82347岗 Java开发工程师,武汉佰钧成技术有限责任公司,武汉·江夏·豹澥,9000-11000元,经验不限,本科
java后端工程师,南京利智禾软件科技有限公司,南京·溧水·柘塘,9000-12000元,3-5年,本科
java后端工程师,南京利智禾软件科技有限公司,南京·溧水·柘塘,9000-12000元,3-5年,本科
JAVA开发工程师,杭州典旭科技有限公司,杭州·萧山·盈丰,9000-12000元,3-5年,本科
JAVA开发工程师,杭州典旭科技有限公司,杭州·萧山·盈丰,9000-12000元,3-5年,本科
java全栈工程师,四川爱绿环保科技有限公司,杭州·上城·望江,1.5-1.8万,1-3年,大专
java全栈工程师,四川爱绿环保科技有限公司,杭州·上城·望江,1.5-1.8万,1-3年,大专
java开发工程师,软通动力信息技术(集团)股份有限公司,深圳·龙岗·坂田,1-1.7万,3-5年,本科
java开发工程师,软通动力信息技术(集团)股份有限公司,深圳·龙岗·坂田,1-1.7万,3-5年,本科
JAVA工程师,万古人力科技集团有限公司,天津·西青·张家窝,2-3万,3-5年,本科
JAVA工程师,万古人力科技集团有限公司,天津·西青·张家窝,2-3万,3-5年,本科
高级java工程师,首聘(北京)科技有限公司,北京·朝阳·酒仙桥,1.2-1.3万,1-3年,大专
高级java工程师,首聘(北京)科技有限公司,北京·朝阳·酒仙桥,1.2-1.3万,1-3年,大专
高级java工程师,首聘(北京)科技有限公司,北京·朝阳·酒仙桥,1.2-1.3万,1-3年,大专
高级java工程师,首聘(北京)科技有限公司,北京·朝阳·酒仙桥,1.2-1.3万,1-3年,大专
java全栈工程师,四川爱绿环保科技有限公司,杭州·西湖·古荡,1.5-1.8万,1-3年,大专
java全栈工程师,四川爱绿环保科技有限公司,杭州·西湖·古荡,1.5-1.8万,1-3年,大专
java后端开发工程师,成都市达岸信息技术有限公司,成都·武侯·肖家河,6000-8000元,3-5年,本科
java后端开发工程师,成都市达岸信息技术有限公司,成都·武侯·肖家河,6000-8000元,3-5年,本科
武汉Java开发（BPIT-本科2年以上）,软通动力信息技术(集团)股份有限公司,武汉·洪山·花山,1-1.2万,3-5年,本科
武汉Java开发（BPIT-本科2年以上）,软通动力信息技术(集团)股份有限公司,武汉·洪山·花山,1-1.2万,3-5年,本科
java开发工程师,山东骏腾医疗科技有限公司,济南·历下·舜华路,9000-13000元,3-5年,本科
java开发工程师,山东骏腾医疗科技有限公司,济南·历下·舜华路,9000-13000元,3-5年,本科
Java开发工程师,北京天舟宇航智能科技有限公司,北京·朝阳,6000-10000元,1-3年,本科
Java开发工程师,北京天舟宇航智能科技有限公司,北京·朝阳,6000-10000元,1-3年,本科
初级java开发工程师,天津市盛为创新科技股份有限公司,天津·河西·大营门,1.2-1.5万,1-3年,本科
初级java开发工程师,天津市盛为创新科技股份有限公司,天津·河西·大营门,1.2-1.5万,1-3年,本科
Java,安徽闻天信息技术有限公司,南京·建邺·沙洲,1.1-1.3万,5-10年,本科
Java,安徽闻天信息技术有限公司,南京·建邺·沙洲,1.1-1.3万,5-10年,本科
java游戏服务器开发工程师,武汉像素工坊动画传媒有限公司,武汉·江夏·佛祖岭,1.2-1.5万,1-3年,大专
java游戏服务器开发工程师,武汉像素工坊动画传媒有限公司,武汉·江夏·佛祖岭,1.2-1.5万,1-3年,大专
中级 Java 开发工程师,天津市盛为创新科技股份有限公司,天津·河西·大营门,1.5-1.8万,3-5年,本科
中级 Java 开发工程师,天津市盛为创新科技股份有限公司,天津·河西·大营门,1.5-1.8万,3-5年,本科
高级java工程师,北京兆新软件科技有限公司,济南·历下·舜华路,9000-12000元,5-10年,本科
高级java工程师,北京兆新软件科技有限公司,济南·历下·舜华路,9000-12000元,5-10年,本科
java开发高级工程师,西安多普多信息科技有限公司,西安·碑林·张家村,1.5-3万,3-5年,本科
java开发高级工程师,西安多普多信息科技有限公司,西安·碑林·张家村,1.5-3万,3-5年,本科
服务端JAVA开发工程师,西安火眼智能检测研究院有限公司,西安·丈八沟,1.5-2万,10年以上,本科
服务端JAVA开发工程师,西安火眼智能检测研究院有限公司,西安·丈八沟,1.5-2万,10年以上,本科
中级java开发工程师-银行驻场-试用期不打折,上海汉朔信息科技有限公司,上海·浦东·周家渡,1.5-1.6万,3-5年,本科
中级java开发工程师-银行驻场-试用期不打折,上海汉朔信息科技有限公司,上海·浦东·周家渡,1.5-1.6万,3-5年,本科
JAVA开发高级/资深工程师,南京坦道信息科技有限公司,西安·雁塔·丈八沟,1-1.6万,5-10年,本科
JAVA开发高级/资深工程师,南京坦道信息科技有限公司,西安·雁塔·丈八沟,1-1.6万,5-10年,本科
JAVA开发（线上面试，项目稳定，双休）,软通动力信息技术(集团)股份有限公司,武汉·洪山·花山,1-1.5万,3-5年,本科
JAVA开发（线上面试，项目稳定，双休）,软通动力信息技术(集团)股份有限公司,武汉·洪山·花山,1-1.5万,3-5年,本科
java开发,南京绛门信息科技有限公司,福州·鼓楼·鼓东,1-1.5万,1-3年,本科
java开发,南京绛门信息科技有限公司,福州·鼓楼·鼓东,1-1.5万,1-3年,本科
10-12k中级java（双休+工作餐+五险）,广西阿泰信息科技有限公司,南宁·西乡塘·心圩,1-1.2万,3-5年,本科
10-12k中级java（双休+工作餐+五险）,广西阿泰信息科技有限公司,南宁·西乡塘·心圩,1-1.2万,3-5年,本科
Java运维（JAVA开发转JAVA运维，电话面试）,软通动力信息技术(集团)股份有限公司,西安·长安·王寺,7000-11000元,3-5年,本科
Java运维（JAVA开发转JAVA运维，电话面试）,软通动力信息技术(集团)股份有限公司,西安·长安·王寺,7000-11000元,3-5年,本科
java开发工程师,江苏华瞻信息科技有限公司,南京·江宁·淳化,7000-13000元,1-3年,本科
java开发工程师,江苏华瞻信息科技有限公司,南京·江宁·淳化,7000-13000元,1-3年,本科
Java（短期）-深圳,成都迈思信息技术有限公司,深圳·福田·福田街道,8000-13000元,3-5年,本科
Java（短期）-深圳,成都迈思信息技术有限公司,深圳·福田·福田街道,8000-13000元,3-5年,本科
Java（短期）-深圳,成都迈思信息技术有限公司,深圳·福田·福田街道,8000-13000元,3-5年,本科
Java（短期）-深圳,成都迈思信息技术有限公司,深圳·福田·福田街道,8000-13000元,3-5年,本科
银行Java开发（工行/线上）,软通动力信息技术(集团)股份有限公司,杭州·西湖·古荡,1.3-2万,5-10年,本科
银行Java开发（工行/线上）,软通动力信息技术(集团)股份有限公司,杭州·西湖·古荡,1.3-2万,5-10年,本科
java后端工程师,湖南拓维云创科技有限责任公司,南京·江宁·秣陵,1-1.8万,5-10年,本科
java后端工程师,湖南拓维云创科技有限责任公司,南京·江宁·秣陵,1-1.8万,5-10年,本科
java后端工程师,八六三软件,北京·丰台·太平桥,1.2-1.5万,5-10年,本科
java后端工程师,八六三软件,北京·丰台·太平桥,1.2-1.5万,5-10年,本科
Java开发工程师（IoT方向）,北京三快在线科技有限公司,北京,面议,3-5年,本科
Java开发工程师（IoT方向）,北京三快在线科技有限公司,北京,面议,3-5年,本科
急招 java开发工程师/年薪24-55k/五险一金,上海赞华实业有限公司,杭州·西湖·古荡,2-4万,5-10年,本科
急招 java开发工程师/年薪24-55k/五险一金,上海赞华实业有限公司,杭州·西湖·古荡,2-4万,5-10年,本科
Java开发（浦发）,软通动力信息技术(集团)股份有限公司,合肥·包河·滨湖世纪社区,1-1.3万,3-5年,本科
Java开发（浦发）,软通动力信息技术(集团)股份有限公司,合肥·包河·滨湖世纪社区,1-1.3万,3-5年,本科
Java开发工程师（新能源大厂 财经系统）,拓保软件,北京·顺义·高丽营,1.8-2万,5-10年,本科
Java开发工程师（新能源大厂 财经系统）,拓保软件,北京·顺义·高丽营,1.8-2万,5-10年,本科
中级Java开发工程师-RS,南京数之赢科技有限公司,北京·海淀,1.2-1.3万,3-5年,本科
中级Java开发工程师-RS,南京数之赢科技有限公司,北京·海淀,1.2-1.3万,3-5年,本科
银行Java开发（上海）,软通动力信息技术(集团)股份有限公司,上海·虹口·曲阳路,1.2-1.6万,3-5年,本科
银行Java开发（上海）,软通动力信息技术(集团)股份有限公司,上海·虹口·曲阳路,1.2-1.6万,3-5年,本科
Java开发工程师（2026届）,广州市品高软件股份有限公司,广州·黄埔·联和,1-1.5万,无经验,本科
Java开发工程师（2026届）,广州市品高软件股份有限公司,广州·黄埔·联和,1-1.5万,无经验,本科
java后端工程师,北京京孚信息技术有限公司,北京·东城·和平里,1.8-2万,经验不限,本科
java后端工程师,北京京孚信息技术有限公司,北京·东城·和平里,1.8-2万,经验不限,本科
JAVA开发（全程电话面试，谈妥即发Offer，不出差，双休）,软通动力信息技术(集团)股份有限公司,东莞·寮步镇,1-1.5万,3-5年,本科
JAVA开发（全程电话面试，谈妥即发Offer，不出差，双休）,软通动力信息技术(集团)股份有限公司,东莞·寮步镇,1-1.5万,3-5年,本科
java开发工程师,南京畅淼科技有限责任公司,南京·江宁·秣陵,9000-15000元,3-5年,本科
java开发工程师,南京畅淼科技有限责任公司,南京·江宁·秣陵,9000-15000元,3-5年,本科
Java开发（人力资源领域系统、用友BIP）,大展信息科技(深圳)有限公司,深圳·南山·招商,1.5-1.7万,3-5年,本科
Java开发（人力资源领域系统、用友BIP）,大展信息科技(深圳)有限公司,深圳·南山·招商,1.5-1.7万,3-5年,本科
高级Java开发（英语口语流利）,上海微创软件股份有限公司,深圳·福田·梅林,2-4万,5-10年,本科
高级Java开发（英语口语流利）,上海微创软件股份有限公司,深圳·福田·梅林,2-4万,5-10年,本科
高级java工程师,南京华合信息科技有限公司,南京·鼓楼·中央门,1-1.3万·13薪,3-5年,本科
高级java工程师,南京华合信息科技有限公司,南京·鼓楼·中央门,1-1.3万·13薪,3-5年,本科
java开发工程师（财务、招标采购系统）,大展信息科技(深圳)有限公司,深圳·南山·招商,1.3-1.4万,3-5年,本科
java开发工程师（财务、招标采购系统）,大展信息科技(深圳)有限公司,深圳·南山·招商,1.3-1.4万,3-5年,本科
服体大模型-资深Java开发工程师,北京三快在线科技有限公司,北京·朝阳·大屯,面议,3-5年,本科
服体大模型-资深Java开发工程师,北京三快在线科技有限公司,北京·朝阳·大屯,面议,3-5年,本科
java开发-零跑,润和软件,杭州·滨江·西兴,9000-13000元,3-5年,本科
java开发-零跑,润和软件,杭州·滨江·西兴,9000-13000元,3-5年,本科
java后端开发+13薪,四川跃晟网络科技有限公司,成都·金牛·抚琴,7000-14000元,3-5年,大专
java后端开发+13薪,四川跃晟网络科技有限公司,成都·金牛·抚琴,7000-14000元,3-5年,大专
java后端开发+13薪,四川跃晟网络科技有限公司,成都·金牛·抚琴,7000-14000元,3-5年,大专
java后端开发+13薪,四川跃晟网络科技有限公司,成都·金牛·抚琴,7000-14000元,3-5年,大专
闪购-高级Java开发工程师（供应链执行方向）,北京三快在线科技有限公司,成都,面议,1-3年,本科
闪购-高级Java开发工程师（供应链执行方向）,北京三快在线科技有限公司,成都,面议,1-3年,本科
中高级java开发工程师,深圳市睿服科技有限公司,广州·黄埔·联和,9000-13000元,3-5年,大专
中高级java开发工程师,深圳市睿服科技有限公司,广州·黄埔·联和,9000-13000元,3-5年,大专
java软件开发工程师,河北清能蓝海科技有限公司,石家庄·桥西·西里,4000-7000元,3-5年,本科
java软件开发工程师,河北清能蓝海科技有限公司,石家庄·桥西·西里,4000-7000元,3-5年,本科
高级java工程师,鑫锡软件(朝阳)有限公司,北京·朝阳·建外,1.5-2万,5-10年,本科
高级java工程师,鑫锡软件(朝阳)有限公司,北京·朝阳·建外,1.5-2万,5-10年,本科
JAVA开发工程师,南京冠颖科技有限公司,南京·建邺·沙洲,9000-11000元,1-3年,本科
JAVA开发工程师,南京冠颖科技有限公司,南京·建邺·沙洲,9000-11000元,1-3年,本科
Delphi和Java程序员,晋江市赛菲奴体育用品有限公司,泉州·晋江市·陈埭镇,5000-10000元,1-3年,学历不限
Delphi和Java程序员,晋江市赛菲奴体育用品有限公司,泉州·晋江市·陈埭镇,5000-10000元,1-3年,学历不限
java后端开发系统工程师,江苏蕴蓝信息科技有限公司,南京·江宁·秣陵,250-500元,1-3年,大专
java后端开发系统工程师,江苏蕴蓝信息科技有限公司,南京·江宁·秣陵,250-500元,1-3年,大专
Java开发工程师,北京果然世界科技有限公司,北京·朝阳·酒仙桥,1-2万,3-5年,本科
Java开发工程师,北京果然世界科技有限公司,北京·朝阳·酒仙桥,1-2万,3-5年,本科
java软件开发工程师,中电智维(上海)科技有限公司,无锡·新吴·新安,8000-16000元,5-10年,本科
java软件开发工程师,中电智维(上海)科技有限公司,无锡·新吴·新安,8000-16000元,5-10年,本科
Keemart用户增长-广告外投Java开发,北京三快在线科技有限公司,北京,面议,1-3年,本科
Keemart用户增长-广告外投Java开发,北京三快在线科技有限公司,北京,面议,1-3年,本科
java后端工程师(双休）,南京莱克贝尔信息技术有限公司,南京·秦淮·光华路,9000-16000元·14薪,1-3年,本科
java后端工程师(双休）,南京莱克贝尔信息技术有限公司,南京·秦淮·光华路,9000-16000元·14薪,1-3年,本科
java开发工程师（2026应届）,北京京杭天丽科技有限公司,北京·朝阳,1-1.5万,无经验,本科
java开发工程师（2026应届）,北京京杭天丽科技有限公司,北京·朝阳,1-1.5万,无经验,本科
闪购-高级Java开发工程师（供应链执行方向）,北京三快在线科技有限公司,北京·朝阳·望京,面议,1-3年,本科
闪购-高级Java开发工程师（供应链执行方向）,北京三快在线科技有限公司,北京·朝阳·望京,面议,1-3年,本科
Java软件开发工程师/助理+可小白+双休不加班,邯郸市丛台区圣誉文化传媒有限公司,北京·海淀·上地,1.3-1.6万·13薪,经验不限,本科
Java软件开发工程师/助理+可小白+双休不加班,邯郸市丛台区圣誉文化传媒有限公司,北京·海淀·上地,1.3-1.6万·13薪,经验不限,本科
中级java开发工程师（双休）,南京莱克贝尔信息技术有限公司,南京·秦淮·光华路,1.2-2万·14薪,3-5年,本科
中级java开发工程师（双休）,南京莱克贝尔信息技术有限公司,南京·秦淮·光华路,1.2-2万·14薪,3-5年,本科
业务系统平台-Java开发工程师（服务零售供应链方向）,北京三快在线科技有限公司,上海,面议,1-3年,本科
业务系统平台-Java开发工程师（服务零售供应链方向）,北京三快在线科技有限公司,上海,面议,1-3年,本科
中级java软件开发工程师（驻场浦发）,赞同科技股份有限公司,成都·成华·跳蹬河,1.2-1.6万,3-5年,本科
中级java软件开发工程师（驻场浦发）,赞同科技股份有限公司,成都·成华·跳蹬河,1.2-1.6万,3-5年,本科
Java开发（驻场农信-长期稳定）,长亮科技,哈尔滨·松北·松北街道,1-1.2万,5-10年,本科
Java开发（驻场农信-长期稳定）,长亮科技,哈尔滨·松北·松北街道,1-1.2万,5-10年,本科
数据库生态-高级Java开发工程师,北京三快在线科技有限公司,北京,面议,1-3年,本科
数据库生态-高级Java开发工程师,北京三快在线科技有限公司,北京,面议,1-3年,本科
北京信java开发工程师,临沂欧飞基因科技有限公司,北京·海淀·龙泽园,1.6-1.9万·13薪,经验不限,高中
北京信java开发工程师,临沂欧飞基因科技有限公司,北京·海淀·龙泽园,1.6-1.9万·13薪,经验不限,高中
北京信java开发工程师,临沂欧飞基因科技有限公司,北京·海淀·龙泽园,1.6-1.9万·13薪,经验不限,高中
北京信java开发工程师,临沂欧飞基因科技有限公司,北京·海淀·龙泽园,1.6-1.9万·13薪,经验不限,高中
Java开发工程师（短期1个月）,杭州银兴惠丰科技有限公司,南京·建邺·沙洲,1-1.4万,3-5年,大专
Java开发工程师（短期1个月）,杭州银兴惠丰科技有限公司,南京·建邺·沙洲,1-1.4万,3-5年,大专
财务科技-Java高级工程师(资金流动性方向),北京三快在线科技有限公司,北京,面议,3-5年,本科
财务科技-Java高级工程师(资金流动性方向),北京三快在线科技有限公司,北京,面议,3-5年,本科
高级java工程师（双休+五险+工作餐）,广西阿泰信息科技有限公司,南宁·西乡塘·心圩,1.2-1.5万,5-10年,本科
高级java工程师（双休+五险+工作餐）,广西阿泰信息科技有限公司,南宁·西乡塘·心圩,1.2-1.5万,5-10年,本科
Java,连云港北溪达网络科技有限公司,青岛·黄岛·辛安,1-1.4万,5-10年,大专
Java,连云港北溪达网络科技有限公司,青岛·黄岛·辛安,1-1.4万,5-10年,大专
交易系统平台部-拼好饭用户方向-高级Java开发工程师,北京三快在线科技有限公司,北京,面议,3-5年,本科
交易系统平台部-拼好饭用户方向-高级Java开发工程师,北京三快在线科技有限公司,北京,面议,3-5年,本科
中高级java开发-线上面试,北京神州数字科技有限公司,合肥·包河·烟墩,1-1.6万·13薪,3-5年,本科
中高级java开发-线上面试,北京神州数字科技有限公司,合肥·包河·烟墩,1-1.6万·13薪,3-5年,本科
java高级工程师,上海度特信息科技有限公司,上海·闵行·新虹,1.4-1.7万,5-10年,大专
java高级工程师,上海度特信息科技有限公司,上海·闵行·新虹,1.4-1.7万,5-10年,大专
Java开发工程师,上海外服(武汉)人力资源服务有限公司,武汉·洪山·九峰,9000-12000元,5-10年,本科
Java开发工程师,上海外服(武汉)人力资源服务有限公司,武汉·洪山·九峰,9000-12000元,5-10年,本科
蚂蚁-Java开发工程师,广州欢创信息咨询有限公司,杭州·西湖·翠苑,1.5-3万·15薪,1-3年,本科
蚂蚁-Java开发工程师,广州欢创信息咨询有限公司,杭州·西湖·翠苑,1.5-3万·15薪,1-3年,本科
中级java工程师-银行驻场-薪资不打折,上海汉朔信息科技有限公司,合肥·包河·大圩,1.2-1.3万,3-5年,本科
中级java工程师-银行驻场-薪资不打折,上海汉朔信息科技有限公司,合肥·包河·大圩,1.2-1.3万,3-5年,本科
JAVA开发工程师（物联网）,阳光智园科技有限公司,北京·朝阳·东湖,1.8-2.5万,5-10年,本科
JAVA开发工程师（物联网）,阳光智园科技有限公司,北京·朝阳·东湖,1.8-2.5万,5-10年,本科
java开发工程师,郑州泽贤信息技术有限公司,郑州·中原·石佛,5000-7000元,1-3年,大专
java开发工程师,郑州泽贤信息技术有限公司,郑州·中原·石佛,5000-7000元,1-3年,大专
财务科技-Java开发工程师（费控方向）,北京三快在线科技有限公司,成都,面议,1-3年,本科
财务科技-Java开发工程师（费控方向）,北京三快在线科技有限公司,成都,面议,1-3年,本科
JAVA开发工程师（线上面试，项目稳定，双休）,软通动力信息技术(集团)股份有限公司,深圳·龙岗·坂田,1-1.5万,3-5年,本科
JAVA开发工程师（线上面试，项目稳定，双休）,软通动力信息技术(集团)股份有限公司,深圳·龙岗·坂田,1-1.5万,3-5年,本科
java软件开发工程师,武汉昆仑人力资源有限公司,杭州·萧山·盈丰,1.4-1.8万,5-10年,本科
java软件开发工程师,武汉昆仑人力资源有限公司,杭州·萧山·盈丰,1.4-1.8万,5-10年,本科
java开发高级工程师,郑州泽贤信息技术有限公司,郑州·中原·石佛,6000-9000元,1-3年,本科
java开发高级工程师,郑州泽贤信息技术有限公司,郑州·中原·石佛,6000-9000元,1-3年,本科
java软件开发助理,河南锐伴传媒科技有限公司,郑州·金水·丰庆路,4000-7000元·13薪,经验不限,学历不限
java软件开发助理,河南锐伴传媒科技有限公司,郑州·金水·丰庆路,4000-7000元·13薪,经验不限,学历不限
java开发工程师,山东天易信息技术有限公司,济南·市中·杆石桥,8000-10000元,5-10年,大专
java开发工程师,山东天易信息技术有限公司,济南·市中·杆石桥,8000-10000元,5-10年,大专
软件开发工程师/JAVA开发11-16K,深圳邦芒人力资源有限公司,深圳·福田·福田街道,1.1-1.6万,3-5年,大专
软件开发工程师/JAVA开发11-16K,深圳邦芒人力资源有限公司,深圳·福田·福田街道,1.1-1.6万,3-5年,大专
Java开发（统招本科-学信网可以查）,北京青钱信息技术有限公司,北京·丰台·太平桥,1.4-1.5万,3-5年,本科
Java开发（统招本科-学信网可以查）,北京青钱信息技术有限公司,北京·丰台·太平桥,1.4-1.5万,3-5年,本科
Java开发（统招本科-学信网可以查）,北京青钱信息技术有限公司,北京·丰台·太平桥,1.4-1.5万,3-5年,本科
Java开发（统招本科-学信网可以查）,北京青钱信息技术有限公司,北京·丰台·太平桥,1.4-1.5万,3-5年,本科
JAVA技术支持（电话面试，双休不出差）,软通动力信息技术(集团)股份有限公司,西安·长安·王寺,1-1.3万,3-5年,本科
JAVA技术支持（电话面试，双休不出差）,软通动力信息技术(集团)股份有限公司,西安·长安·王寺,1-1.3万,3-5年,本科
中级Java工程师,北京举贤人力资源服务有限公司,南京·鼓楼·湖南路,1-1.3万,3-5年,本科
中级Java工程师,北京举贤人力资源服务有限公司,南京·鼓楼·湖南路,1-1.3万,3-5年,本科
Java开发工程师（旅游度假-供应链商品系统）,北京三快在线科技有限公司,北京,面议,1-3年,本科
Java开发工程师（旅游度假-供应链商品系统）,北京三快在线科技有限公司,北京,面议,1-3年,本科
java开发工程师,软通动力信息技术(集团)股份有限公司,武汉·洪山·花山,1-1.5万,3-5年,本科
java开发工程师,软通动力信息技术(集团)股份有限公司,武汉·洪山·花山,1-1.5万,3-5年,本科
中高级java工程师(双休+五险一金）,银雁科技服务集团,上海·徐汇·田林,1.2-1.5万,3-5年,本科
中高级java工程师(双休+五险一金）,银雁科技服务集团,上海·徐汇·田林,1.2-1.5万,3-5年,本科
闪购-高级Java开发工程师（商品方向）,北京三快在线科技有限公司,成都,面议,1-3年,本科
闪购-高级Java开发工程师（商品方向）,北京三快在线科技有限公司,成都,面议,1-3年,本科
Java开发工程师,洛阳百为智能科技有限公司,洛阳·洛龙·诸葛,7000-10000元,3-5年,本科
Java开发工程师,洛阳百为智能科技有限公司,洛阳·洛龙·诸葛,7000-10000元,3-5年,本科
java开发工程师,上海微创软件股份有限公司,北京·通州·台湖,1.7-2.1万,10年以上,大专
java开发工程师,上海微创软件股份有限公司,北京·通州·台湖,1.7-2.1万,10年以上,大专
初中级java开发,京北方,深圳·福田·华富,1.2-1.6万,3-5年,本科
初中级java开发,京北方,深圳·福田·华富,1.2-1.6万,3-5年,本科
Java全栈开发,光线数字科技(山东)有限公司,日照·东港区·秦楼街道,8000-10000元,3-5年,本科
Java全栈开发,光线数字科技(山东)有限公司,日照·东港区·秦楼街道,8000-10000元,3-5年,本科
Java开发实习生(001465),苏州同元软控信息技术有限公司,深圳·福田·福保,230-270元/天,无经验,本科
Java开发实习生(001465),苏州同元软控信息技术有限公司,深圳·福田·福保,230-270元/天,无经验,本科
Java研发工程师-金融,北京京孚信息技术有限公司,北京·朝阳·麦子店,1.7-1.8万,5-10年,本科
Java研发工程师-金融,北京京孚信息技术有限公司,北京·朝阳·麦子店,1.7-1.8万,5-10年,本科
java开发实习生,杭州悠瑶科技有限公司,杭州·萧山·北干,1.5-1.8万·14薪,1-3年,大专
java开发实习生,杭州悠瑶科技有限公司,杭州·萧山·北干,1.5-1.8万·14薪,1-3年,大专
中级java开发工程师-银行驻场-薪资不打折,上海汉朔信息科技有限公司,成都·成华·跳蹬河,9000-12000元,3-5年,本科
中级java开发工程师-银行驻场-薪资不打折,上海汉朔信息科技有限公司,成都·成华·跳蹬河,9000-12000元,3-5年,本科
商家客户平台-java工程师,北京三快在线科技有限公司,北京,面议,1-3年,本科
商家客户平台-java工程师,北京三快在线科技有限公司,北京,面议,1-3年,本科
java全栈工程师（自研）,成都易友达科技有限公司,成都·双流·东升,1-2万,5-10年,本科
java全栈工程师（自研）,成都易友达科技有限公司,成都·双流·东升,1-2万,5-10年,本科
java开发工程师-银行驻场-薪资不打折,上海汉朔信息科技有限公司,咸阳·秦都区·钓台街道,1.1-1.6万,3-5年,本科
java开发工程师-银行驻场-薪资不打折,上海汉朔信息科技有限公司,咸阳·秦都区·钓台街道,1.1-1.6万,3-5年,本科
数据库生态-高级Java开发工程师,北京三快在线科技有限公司,上海·杨浦·大桥,面议,1-3年,本科
数据库生态-高级Java开发工程师,北京三快在线科技有限公司,上海·杨浦·大桥,面议,1-3年,本科
JAVA开发,世纪恒通科技股份有限公司,西安·雁塔·丈八沟,1.1-1.6万,3-5年,本科
JAVA开发,世纪恒通科技股份有限公司,西安·雁塔·丈八沟,1.1-1.6万,3-5年,本科
高级java开发工程师-银行驻场-全额公积金,上海汉朔信息科技有限公司,南昌·红谷滩·沙井,1.1-1.7万,5-10年,本科
高级java开发工程师-银行驻场-全额公积金,上海汉朔信息科技有限公司,南昌·红谷滩·沙井,1.1-1.7万,5-10年,本科
高级java开发工程师-银行驻场-全额公积金,上海汉朔信息科技有限公司,南昌·红谷滩·沙井,1.1-1.7万,5-10年,本科
高级java开发工程师-银行驻场-全额公积金,上海汉朔信息科技有限公司,南昌·红谷滩·沙井,1.1-1.7万,5-10年,本科
java开发工程师（技术经理定位-佛山）,北京开科唯识技术股份有限公司深圳分公司,佛山·南海·桂城,1.6-2万,5-10年,本科
java开发工程师（技术经理定位-佛山）,北京开科唯识技术股份有限公司深圳分公司,佛山·南海·桂城,1.6-2万,5-10年,本科
java项目经理(双休）,南京莱克贝尔信息技术有限公司,南京·秦淮·光华路,1.2-2万·14薪,3-5年,本科
java项目经理(双休）,南京莱克贝尔信息技术有限公司,南京·秦淮·光华路,1.2-2万·14薪,3-5年,本科
JAVA开发工程师,北斗伏羲信息技术有限公司,成都·武侯·桂溪,1-1.5万,1-3年,本科
JAVA开发工程师,北斗伏羲信息技术有限公司,成都·武侯·桂溪,1-1.5万,1-3年,本科
java高级研发工程师,华麒通信,北京·海淀·甘家口,1.3-1.8万,3-5年,本科
java高级研发工程师,华麒通信,北京·海淀·甘家口,1.3-1.8万,3-5年,本科
java开发工程师-驻场远光（国企）,深圳南区人瑞人力资源服务有限公司,珠海·香洲区·唐家湾镇,1.2-1.4万,3-5年,大专
java开发工程师-驻场远光（国企）,深圳南区人瑞人力资源服务有限公司,珠海·香洲区·唐家湾镇,1.2-1.4万,3-5年,大专
后端开发工程师（Java，需车机经验）,深圳万科祥盈管理服务有限公司,重庆·九龙坡·含谷,1.3-2.5万,3-5年,本科
后端开发工程师（Java，需车机经验）,深圳万科祥盈管理服务有限公司,重庆·九龙坡·含谷,1.3-2.5万,3-5年,本科
高级java工程师,华麒通信,北京·海淀·甘家口,1-1.8万,1-3年,本科
高级java工程师,华麒通信,北京·海淀·甘家口,1-1.8万,1-3年,本科
java技术支持工程师,北京天舟宇航智能科技有限公司,北京·朝阳,6000-10000元,1-3年,本科
java技术支持工程师,北京天舟宇航智能科技有限公司,北京·朝阳,6000-10000元,1-3年,本科
Java开发工程师,安徽普氏生态环境有限公司,合肥·蜀山·南岗,1-1.5万,5-10年,本科
Java开发工程师,安徽普氏生态环境有限公司,合肥·蜀山·南岗,1-1.5万,5-10年,本科
中级java开发工程师-银行驻场-薪资不打折,上海汉朔信息科技有限公司,西安·雁塔·丈八沟,1.2-1.3万,3-5年,本科
中级java开发工程师-银行驻场-薪资不打折,上海汉朔信息科技有限公司,西安·雁塔·丈八沟,1.2-1.3万,3-5年,本科
中高级java工程师,深圳市睿服科技有限公司,广州·黄埔·联和,9000-11000元,3-5年,大专
中高级java工程师,深圳市睿服科技有限公司,广州·黄埔·联和,9000-11000元,3-5年,大专
初级java开发,苏州千万职联网络信息服务有限公司,武汉·黄陂·盘龙经开区,4000-7000元,经验不限,本科
初级java开发,苏州千万职联网络信息服务有限公司,武汉·黄陂·盘龙经开区,4000-7000元,经验不限,本科
浪潮北京java,润和软件,北京·石景山·八宝山,8000-11000元,1-3年,本科
浪潮北京java,润和软件,北京·石景山·八宝山,8000-11000元,1-3年,本科
Java开发工程师,软通动力信息技术(集团)股份有限公司,天津·东丽·军粮城,1.5-1.8万,5-10年,大专
Java开发工程师,软通动力信息技术(集团)股份有限公司,天津·东丽·军粮城,1.5-1.8万,5-10年,大专
Java实习,上海太屋网络科技有限公司,上海·青浦·赵巷,1.7-2.5万,无经验,本科
Java实习,上海太屋网络科技有限公司,上海·青浦·赵巷,1.7-2.5万,无经验,本科
Java开发工程师（郑州）,中科星图股份有限公司,郑州·金水·祭城路,1.5-1.8万,5-10年,本科
Java开发工程师（郑州）,中科星图股份有限公司,郑州·金水·祭城路,1.5-1.8万,5-10年,本科
JAVA 高级软件工程师,成都易友达科技有限公司,成都·双流·东升,1-2万,5-10年,本科
JAVA 高级软件工程师,成都易友达科技有限公司,成都·双流·东升,1-2万,5-10年,本科
闪购-高级java开发工程师(物流OMS+TMS方向),北京三快在线科技有限公司,成都,面议,1-3年,本科
闪购-高级java开发工程师(物流OMS+TMS方向),北京三快在线科技有限公司,成都,面议,1-3年,本科
Java开发工程师,南京迈特望科技股份有限公司,长沙·芙蓉·湘湖,6000-7000元,1-3年,大专
Java开发工程师,南京迈特望科技股份有限公司,长沙·芙蓉·湘湖,6000-7000元,1-3年,大专
Java（外包岗+港口/物流经验）,达普信,深圳·盐田·盐田,1.2-1.3万,3-5年,大专
Java（外包岗+港口/物流经验）,达普信,深圳·盐田·盐田,1.2-1.3万,3-5年,大专
Java（外包岗+港口/物流经验）,达普信,深圳·盐田·盐田,1.2-1.3万,3-5年,大专
Java（外包岗+港口/物流经验）,达普信,深圳·盐田·盐田,1.2-1.3万,3-5年,大专
财务科技-Java开发工程师（费控方向）,北京三快在线科技有限公司,北京,面议,1-3年,本科
财务科技-Java开发工程师（费控方向）,北京三快在线科技有限公司,北京,面议,1-3年,本科
java全栈工程师,北京领雁智远科技有限公司,昆明·盘龙·龙泉,1-1.5万,3-5年,本科
java全栈工程师,北京领雁智远科技有限公司,昆明·盘龙·龙泉,1-1.5万,3-5年,本科
高级JAVA开发-证券基金项目-试用期不打折,上海汉朔信息科技有限公司,上海·浦东·花木,1.8-2万,5-10年,本科
高级JAVA开发-证券基金项目-试用期不打折,上海汉朔信息科技有限公司,上海·浦东·花木,1.8-2万,5-10年,本科
银行Java开发（民生/线上）,软通动力信息技术(集团)股份有限公司,西安·雁塔·丈八沟,1-1.5万,3-5年,本科
银行Java开发（民生/线上）,软通动力信息技术(集团)股份有限公司,西安·雁塔·丈八沟,1-1.5万,3-5年,本科
java开发工程师中级,武汉大章精工信息技术有限公司,武汉·洪山·卓刀泉,1-1.3万,3-5年,本科
java开发工程师中级,武汉大章精工信息技术有限公司,武汉·洪山·卓刀泉,1-1.3万,3-5年,本科
高级java工程师（金融经验）,常州程耀数字科技有限公司,杭州·西湖·蒋村,1.7-2万,5-10年,本科
高级java工程师（金融经验）,常州程耀数字科技有限公司,杭州·西湖·蒋村,1.7-2万,5-10年,本科
资深java开发工程师,软通动力信息技术(集团)股份有限公司,杭州·萧山·盈丰,1.6-1.9万,5-10年,本科
资深java开发工程师,软通动力信息技术(集团)股份有限公司,杭州·萧山·盈丰,1.6-1.9万,5-10年,本科
中高级java工程师,外企德科数字技术有限公司,武汉·洪山·关山,1.4-1.7万,5-10年,本科
中高级java工程师,外企德科数字技术有限公司,武汉·洪山·关山,1.4-1.7万,5-10年,本科
银行JAVA开发工程师（西安市）,安徽屹通信息科技发展有限公司,西安·雁塔·丈八沟,7000-13000元,1-3年,本科
银行JAVA开发工程师（西安市）,安徽屹通信息科技发展有限公司,西安·雁塔·丈八沟,7000-13000元,1-3年,本科
JAVA架构师【必须有架构设计经验，7年开发经验（2018届及以前毕业），线上面试反馈快】,软通动力信息技术(集团)股份有限公司,郑州·金水·祭城路,1.3-1.6万,5-10年,本科
JAVA架构师【必须有架构设计经验，7年开发经验（2018届及以前毕业），线上面试反馈快】,软通动力信息技术(集团)股份有限公司,郑州·金水·祭城路,1.3-1.6万,5-10年,本科
java后端工程师,北京沃东天骏信息技术有限公司,北京·通州·台湖,3.5-6.5万·20薪,3-5年,本科
java后端工程师,北京沃东天骏信息技术有限公司,北京·通州·台湖,3.5-6.5万·20薪,3-5年,本科
JAVA开发工程师,广东美的制冷设备有限公司,深圳·南山·西丽,面议,3-5年,本科
JAVA开发工程师,广东美的制冷设备有限公司,深圳·南山·西丽,面议,3-5年,本科
Java开发工程师（数据运营方向）,北京三快在线科技有限公司,北京,面议,1-3年,本科
Java开发工程师（数据运营方向）,北京三快在线科技有限公司,北京,面议,1-3年,本科
Java开发（福州）,软通动力信息技术(集团)股份有限公司,福州·台江·鳌峰,9000-13000元,3-5年,本科
Java开发（福州）,软通动力信息技术(集团)股份有限公司,福州·台江·鳌峰,9000-13000元,3-5年,本科
Java开发工程师,山东智和创信息技术有限公司,杭州·滨江·长河,1.2-1.8万,3-5年,本科
Java开发工程师,山东智和创信息技术有限公司,杭州·滨江·长河,1.2-1.8万,3-5年,本科
Java开发（奥哲低代码平台）,深圳建广数字科技有限公司青岛分公司,绵阳·游仙区·游仙街道,1.5-2万,3-5年,本科
Java开发（奥哲低代码平台）,深圳建广数字科技有限公司青岛分公司,绵阳·游仙区·游仙街道,1.5-2万,3-5年,本科
高级java开发（erp财务系统）,软通动力信息技术(集团)股份有限公司,苏州·工业园区,1-1.5万,3-5年,本科
高级java开发（erp财务系统）,软通动力信息技术(集团)股份有限公司,苏州·工业园区,1-1.5万,3-5年,本科
Java,北京神州数字科技有限公司,上海·浦东·唐镇,1.5-1.7万,5-10年,本科
Java,北京神州数字科技有限公司,上海·浦东·唐镇,1.5-1.7万,5-10年,本科
Java工程师（技术支持工程师）,北京行展软件科技有限公司,西安·碑林·太乙路,9000-13000元,1-3年,本科
Java工程师（技术支持工程师）,北京行展软件科技有限公司,西安·碑林·太乙路,9000-13000元,1-3年,本科
捷助科技-Java工程师,安徽华人健康医药股份有限公司,合肥·包河·骆岗,1.3-1.5万,3-5年,本科
捷助科技-Java工程师,安徽华人健康医药股份有限公司,合肥·包河·骆岗,1.3-1.5万,3-5年,本科
捷助科技-Java工程师,安徽华人健康医药股份有限公司,合肥·包河·骆岗,1.3-1.5万,3-5年,本科
捷助科技-Java工程师,安徽华人健康医药股份有限公司,合肥·包河·骆岗,1.3-1.5万,3-5年,本科
JAVA开发工程师,深圳市爱康生物科技股份有限公司,深圳·坪山·石井,8000-16000元,1-3年,本科
JAVA开发工程师,深圳市爱康生物科技股份有限公司,深圳·坪山·石井,8000-16000元,1-3年,本科
银行Java开发（建行）,软通动力信息技术(集团)股份有限公司,武汉·洪山·关山,1-1.5万,5-10年,本科
银行Java开发（建行）,软通动力信息技术(集团)股份有限公司,武汉·洪山·关山,1-1.5万,5-10年,本科
银行Java开发工程师-RS,南京数之赢科技有限公司,北京·海淀,9000-10000元,1-3年,大专
银行Java开发工程师-RS,南京数之赢科技有限公司,北京·海淀,9000-10000元,1-3年,大专
Java开发,博彦科技承德有限公司,杭州·萧山·盈丰,1.7-1.9万,5-10年,本科
Java开发,博彦科技承德有限公司,杭州·萧山·盈丰,1.7-1.9万,5-10年,本科
java开发（人保财/反馈巨快）,软通动力信息技术(集团)股份有限公司,北京·朝阳,1.2-1.6万,3-5年,本科
java开发（人保财/反馈巨快）,软通动力信息技术(集团)股份有限公司,北京·朝阳,1.2-1.6万,3-5年,本科
java软件开发工程师,斯坦德科创医药科技(青岛)有限公司,青岛·城阳·棘洪滩,8000-15000元,5-10年,本科
java软件开发工程师,斯坦德科创医药科技(青岛)有限公司,青岛·城阳·棘洪滩,8000-15000元,5-10年,本科
资深java开发工程师,西信科技有限公司,乌鲁木齐·天山区·新华北路街道,8000-12000元,3-5年,本科
资深java开发工程师,西信科技有限公司,乌鲁木齐·天山区·新华北路街道,8000-12000元,3-5年,本科
Java开发（建行）,软通动力信息技术(集团)股份有限公司,厦门·思明·莲前,1-1.4万,3-5年,本科
Java开发（建行）,软通动力信息技术(集团)股份有限公司,厦门·思明·莲前,1-1.4万,3-5年,本科
Java开发,南京迈特望科技股份有限公司,长春·朝阳·硅谷,100-150元/天,无经验,本科
Java开发,南京迈特望科技股份有限公司,长春·朝阳·硅谷,100-150元/天,无经验,本科
对日Java工程师,东软集团,大连·甘井子·凌水,9000-14000元,3-5年,本科
对日Java工程师,东软集团,大连·甘井子·凌水,9000-14000元,3-5年,本科
JAVA(泰康/急招/快）,软通动力信息技术(集团)股份有限公司,武汉·江夏·佛祖岭,1.1-1.4万,3-5年,本科
JAVA(泰康/急招/快）,软通动力信息技术(集团)股份有限公司,武汉·江夏·佛祖岭,1.1-1.4万,3-5年,本科
算法工程（java技术栈）,京东集团,北京·通州·台湖,4-7万·18薪,3-5年,本科
算法工程（java技术栈）,京东集团,北京·通州·台湖,4-7万·18薪,3-5年,本科
java开发工程师,大连恩炜信息技术有限公司,大连·甘井子·凌水,1-1.2万,5-10年,本科
java开发工程师,大连恩炜信息技术有限公司,大连·甘井子·凌水,1-1.2万,5-10年,本科
java组长（会vue+oracle）,软通动力信息技术(集团)股份有限公司,上海·虹口·曲阳路,1.7-2.2万,5-10年,本科
java组长（会vue+oracle）,软通动力信息技术(集团)股份有限公司,上海·虹口·曲阳路,1.7-2.2万,5-10年,本科
java软件开发工程师,安徽闻天信息技术有限公司,合肥·蜀山·笔架山,1-1.5万,3-5年,本科
java软件开发工程师,安徽闻天信息技术有限公司,合肥·蜀山·笔架山,1-1.5万,3-5年,本科
java开发工程师（技术经理定位-佛山）,北京开科唯识技术股份有限公司深圳分公司,广州·越秀·黄花岗,1.6-2万,5-10年,本科
java开发工程师（技术经理定位-佛山）,北京开科唯识技术股份有限公司深圳分公司,广州·越秀·黄花岗,1.6-2万,5-10年,本科
财务科技-Java高级工程师(资金流动性方向),北京三快在线科技有限公司,成都,面议,3-5年,本科
财务科技-Java高级工程师(资金流动性方向),北京三快在线科技有限公司,成都,面议,3-5年,本科
Java/Nodejs工程师,北京佳纳通科贸有限公司,北京·朝阳·安贞,1.6-1.8万,3-5年,大专
Java/Nodejs工程师,北京佳纳通科贸有限公司,北京·朝阳·安贞,1.6-1.8万,3-5年,大专
java软件开发工程师,郑州维堃汽车科技有限公司,濮阳·华龙区·黄河路街道,8000-10000元,经验不限,大专
java软件开发工程师,郑州维堃汽车科技有限公司,濮阳·华龙区·黄河路街道,8000-10000元,经验不限,大专
Java高级工程师(AI应用中间件方向),北京三快在线科技有限公司,北京,面议,经验不限,本科
Java高级工程师(AI应用中间件方向),北京三快在线科技有限公司,北京,面议,经验不限,本科
Java高级工程师(AI应用中间件方向),北京三快在线科技有限公司,北京,面议,经验不限,本科
Java高级工程师(AI应用中间件方向),北京三快在线科技有限公司,北京,面议,经验不限,本科
JAVA开发工程师,北京中工数联科技有限公司,青岛·胶州·胶北,8000-12000元,1-3年,本科
JAVA开发工程师,北京中工数联科技有限公司,青岛·胶州·胶北,8000-12000元,1-3年,本科
java软件开发工程师,郑州维堃汽车科技有限公司,三门峡·湖滨区·河南三门峡经济开发区,8000-10000元,经验不限,大专
java软件开发工程师,郑州维堃汽车科技有限公司,三门峡·湖滨区·河南三门峡经济开发区,8000-10000元,经验不限,大专
Java/C/C++/Python/Go开发工程师,郑州煦秋信息科技有限公司,洛阳·偃师,6000-9000元·13薪,经验不限,本科
Java/C/C++/Python/Go开发工程师,郑州煦秋信息科技有限公司,洛阳·偃师,6000-9000元·13薪,经验不限,本科
java高级工程师,广州澳盾智能科技有限公司,广州·天河·新塘,1-1.5万,3-5年,本科
java高级工程师,广州澳盾智能科技有限公司,广州·天河·新塘,1-1.5万,3-5年,本科
JAVA高级开发工程师,湖北前包人力资源集团有限公司,武汉·洪山·狮子山,7000-12000元,1-3年,硕士
JAVA高级开发工程师,湖北前包人力资源集团有限公司,武汉·洪山·狮子山,7000-12000元,1-3年,硕士
java软件开发助理,郑州煦秋信息科技有限公司,洛阳·偃师,6000-9000元·13薪,经验不限,学历不限
java软件开发助理,郑州煦秋信息科技有限公司,洛阳·偃师,6000-9000元·13薪,经验不限,学历不限
Java开发工程师,山东方云软件技术有限公司,济南·历下·智远,5000-7000元,3-5年,大专
Java开发工程师,山东方云软件技术有限公司,济南·历下·智远,5000-7000元,3-5年,大专
Java开发工程师,北京国信华源科技有限公司,北京·丰台·看丹,1-1.6万·13薪,5-10年,本科
Java开发工程师,北京国信华源科技有限公司,北京·丰台·看丹,1-1.6万·13薪,5-10年,本科
java全栈工程师,青岛国源中创电气自动化工程有限公司,青岛·城阳·夏庄,1-1.5万,5-10年,大专
java全栈工程师,青岛国源中创电气自动化工程有限公司,青岛·城阳·夏庄,1-1.5万,5-10年,大专
H18024岗Java开发（杭州）,武汉佰钧成技术有限责任公司,杭州·滨江·西兴,1-1.3万,3-5年,大专
H18024岗Java开发（杭州）,武汉佰钧成技术有限责任公司,杭州·滨江·西兴,1-1.3万,3-5年,大专
Java开发工程师,甘肃睿阳科技有限公司,平凉·崆峒区,4000-8000元,1-3年,本科
Java开发工程师,甘肃睿阳科技有限公司,平凉·崆峒区,4000-8000元,1-3年,本科
Java开发工程师（银行项目经验优先）,东华软件股份公司,泸州·江阳区·华阳街道,面议,3-5年,本科
Java开发工程师（银行项目经验优先）,东华软件股份公司,泸州·江阳区·华阳街道,面议,3-5年,本科
软件工程师（Java、C++）,河南斯贝克仪表科技有限公司,新乡·红旗区·榆林乡,8000-15000元,3-5年,本科
软件工程师（Java、C++）,河南斯贝克仪表科技有限公司,新乡·红旗区·榆林乡,8000-15000元,3-5年,本科
软件开发/测试/算法 java、c/c++、python、js（可接24/25应届无经验）,华为技术有限公司,东莞·大朗镇,1.5-3万·14薪,经验不限,本科
软件开发/测试/算法 java、c/c++、python、js（可接24/25应届无经验）,华为技术有限公司,东莞·大朗镇,1.5-3万·14薪,经验不限,本科
Java工程师,北京儒信融通科技有限公司,赤峰·红山区,6000-10000元,5-10年,本科
Java工程师,北京儒信融通科技有限公司,赤峰·红山区,6000-10000元,5-10年,本科
java架构师,中电金信软件有限公司,大连·甘井子·凌水,1.8-1.9万,10年以上,本科
java架构师,中电金信软件有限公司,大连·甘井子·凌水,1.8-1.9万,10年以上,本科
郑州实习java开发程序员(Perl项目),上海玉带信息技术有限公司,郑州·二七区·淮河路,1000-2000元,经验不限,学历不限
郑州实习java开发程序员(Perl项目),上海玉带信息技术有限公司,郑州·二七区·淮河路,1000-2000元,经验不限,学历不限
java全栈工程师,百硕天睿智能科技(北京)有限公司,长春·朝阳,8000-11000元,3-5年,本科
java全栈工程师,百硕天睿智能科技(北京)有限公司,长春·朝阳,8000-11000元,3-5年,本科
中、高级Java开发工程师（咸阳）,北京信利恒丰科技发展有限公司,咸阳·秦都区·钓台街道,1.1-1.7万,5-10年,本科
中、高级Java开发工程师（咸阳）,北京信利恒丰科技发展有限公司,咸阳·秦都区·钓台街道,1.1-1.7万,5-10年,本科
java前后端全栈工程师,深圳市慧惠研科技有限公司,石家庄·桥西·新石,9000-10000元,经验不限,大专
java前后端全栈工程师,深圳市慧惠研科技有限公司,石家庄·桥西·新石,9000-10000元,经验不限,大专
java前后端全栈工程师,深圳市慧惠研科技有限公司,石家庄·桥西·新石,9000-10000元,经验不限,大专
java前后端全栈工程师,深圳市慧惠研科技有限公司,石家庄·桥西·新石,9000-10000元,经验不限,大专
Java开发工程师,爱谱华顿,阜阳·颍州区·清河街道,7000-12000元,5-10年,大专
Java开发工程师,爱谱华顿,阜阳·颍州区·清河街道,7000-12000元,5-10年,大专
java软件开发工程师,沈阳金德塑业有限公司,杭州·临平·南苑,1.5-2万,经验不限,大专
java软件开发工程师,沈阳金德塑业有限公司,杭州·临平·南苑,1.5-2万,经验不限,大专
java软件开发工程师,湖南云蝶软件有限公司,株洲·天元区·马家河街道,4000-8000元,1-3年,大专
java软件开发工程师,湖南云蝶软件有限公司,株洲·天元区·马家河街道,4000-8000元,1-3年,大专
Java架构师,东华医为科技有限公司,泰安·岱岳区·北集坡街道,1.2-2万,3-5年,本科
Java架构师,东华医为科技有限公司,泰安·岱岳区·北集坡街道,1.2-2万,3-5年,本科
Java开发工程师,甘肃睿阳科技有限公司,天水·秦州区·石马坪街道,4000-8000元,1-3年,大专
Java开发工程师,甘肃睿阳科技有限公司,天水·秦州区·石马坪街道,4000-8000元,1-3年,大专
java全栈工程师,烟台海深威医学技术有限公司,烟台·福山·福莱山,7000-12000元,1-3年,大专
java全栈工程师,烟台海深威医学技术有限公司,烟台·福山·福莱山,7000-12000元,1-3年,大专
Java开发工程师-协同系统,东华医为科技有限公司,马鞍山·花山区·霍里街道,1-1.8万,3-5年,本科
Java开发工程师-协同系统,东华医为科技有限公司,马鞍山·花山区·霍里街道,1-1.8万,3-5年,本科
技术java前端后端电商客服,安徽天圆地方数字科技股份有限公司,六安·裕安区·徐集镇,5000-10000元,1-3年,本科
技术java前端后端电商客服,安徽天圆地方数字科技股份有限公司,六安·裕安区·徐集镇,5000-10000元,1-3年,本科
java初级工程师,沈阳金德塑业有限公司,合肥·瑶海·七里站,1.3-1.8万,经验不限,大专
java初级工程师,沈阳金德塑业有限公司,合肥·瑶海·七里站,1.3-1.8万,经验不限,大专
java架构师,东华医为科技有限公司,泰安·岱岳区·北集坡街道,1.5-2万,5-10年,本科
java架构师,东华医为科技有限公司,泰安·岱岳区·北集坡街道,1.5-2万,5-10年,本科
java软件开发项目助理,安徽雅云晖智能科技有限公司,合肥·庐阳,4000-6000元,经验不限,大专
java软件开发项目助理,安徽雅云晖智能科技有限公司,合肥·庐阳,4000-6000元,经验不限,大专
高级Java,成都创雅达科技有限公司,楚雄·楚雄市·东瓜镇,1-1.5万,5-10年,本科
高级Java,成都创雅达科技有限公司,楚雄·楚雄市·东瓜镇,1-1.5万,5-10年,本科
软件开发-Java,山东创新精密科技有限公司,滨州·邹平市·高新街道,5000-10000元,1-3年,本科
软件开发-Java,山东创新精密科技有限公司,滨州·邹平市·高新街道,5000-10000元,1-3年,本科
大学java教师,成都智畅信息科技发展有限公司,信阳·浉河区·南湾街道,9000-15000元,1-3年,硕士
大学java教师,成都智畅信息科技发展有限公司,信阳·浉河区·南湾街道,9000-15000元,1-3年,硕士
初、中级Java开发（咸阳）,北京信利恒丰科技发展有限公司,咸阳·秦都区·钓台街道,9000-14000元,3-5年,本科
初、中级Java开发（咸阳）,北京信利恒丰科技发展有限公司,咸阳·秦都区·钓台街道,9000-14000元,3-5年,本科
java软件开发工程师,东华医为科技有限公司,郑州·管城·商都路,6000-12000元,经验不限,本科
java软件开发工程师,东华医为科技有限公司,郑州·管城·商都路,6000-12000元,经验不限,本科
java后端工程师,沈阳金德塑胶管业有限公司,武汉·江汉·万松街,1.3-1.6万,经验不限,大专
java后端工程师,沈阳金德塑胶管业有限公司,武汉·江汉·万松街,1.3-1.6万,经验不限,大专
Java软件工程师,金航数码科技有限责任公司,洛阳·涧西·周山路,6000-12000元,3-5年,本科
Java软件工程师,金航数码科技有限责任公司,洛阳·涧西·周山路,6000-12000元,3-5年,本科
26届 软件开发实习生（数据库开发或Java开发）,合肥凯捷技术有限公司,合肥·蜀山·高新区,2000-3000元,经验不限,本科
26届 软件开发实习生（数据库开发或Java开发）,合肥凯捷技术有限公司,合肥·蜀山·高新区,2000-3000元,经验不限,本科
少儿编程老师（有Java/C/C++基础）,西宁吉姆教育科技有限公司,西宁·城西区·古城台街道,4000-8000元,1-3年,大专
少儿编程老师（有Java/C/C++基础）,西宁吉姆教育科技有限公司,西宁·城西区·古城台街道,4000-8000元,1-3年,大专
少儿编程老师（有Java/C/C++基础）,西宁吉姆教育科技有限公司,西宁·城西区·古城台街道,4000-8000元,1-3年,大专
少儿编程老师（有Java/C/C++基础）,西宁吉姆教育科技有限公司,西宁·城西区·古城台街道,4000-8000元,1-3年,大专
JAVA开发工程师（金融）,济南良成信息技术有限公司,济南·历城·孙村,1.2-1.8万,3-5年,本科
JAVA开发工程师（金融）,济南良成信息技术有限公司,济南·历城·孙村,1.2-1.8万,3-5年,本科
JAVA开发工程师,三星财产保险(中国)有限公司,上海·徐汇·龙华,1.5-3万·16薪,5-10年,本科
JAVA开发工程师,三星财产保险(中国)有限公司,上海·徐汇·龙华,1.5-3万·16薪,5-10年,本科
Java开发工程师（驻场）,东华软件股份公司,济南·历城·孙村,8000-15000元,3-5年,本科
Java开发工程师（驻场）,东华软件股份公司,济南·历城·孙村,8000-15000元,3-5年,本科
java开发工程师,济南凡诚信息技术有限公司,济南·历下·姚家,6000-12000元·13薪,经验不限,大专
java开发工程师,济南凡诚信息技术有限公司,济南·历下·姚家,6000-12000元·13薪,经验不限,大专
JAVA开发工程师（财务收付）(J10230),三星财产保险(中国)有限公司,上海·徐汇·龙华,1.5-2.5万·16薪,经验不限,本科
JAVA开发工程师（财务收付）(J10230),三星财产保险(中国)有限公司,上海·徐汇·龙华,1.5-2.5万·16薪,经验不限,本科
java后端工程师,北京计算机技术及应用研究所,长沙·开福·伍家岭,7000-14000元,经验不限,硕士
java后端工程师,北京计算机技术及应用研究所,长沙·开福·伍家岭,7000-14000元,经验不限,硕士
java开发工程师,河南省悉数大数据科技有限公司,郑州·中原·石佛,6000-8000元,3-5年,大专
java开发工程师,河南省悉数大数据科技有限公司,郑州·中原·石佛,6000-8000元,3-5年,大专
java软件开发工程师,新元化学(山东)股份有限公司,威海·环翠区·怡园街道,1-1.2万,3-5年,本科
java软件开发工程师,新元化学(山东)股份有限公司,威海·环翠区·怡园街道,1-1.2万,3-5年,本科
java软件开发工程师,东华软件股份公司,泰安·岱岳区·北集坡街道,面议,无经验,本科
java软件开发工程师,东华软件股份公司,泰安·岱岳区·北集坡街道,面议,无经验,本科
Java开发工程师,外企德科数字技术有限公司,武汉·江夏·豹澥,1.6-3万·14薪,1-3年,本科
Java开发工程师,外企德科数字技术有限公司,武汉·江夏·豹澥,1.6-3万·14薪,1-3年,本科
java开发工程师,东华医为科技有限公司,武汉·武昌,7000-12000元,经验不限,本科
java开发工程师,东华医为科技有限公司,武汉·武昌,7000-12000元,经验不限,本科
Java开发工程师,东华软件股份公司,昆明·盘龙·龙泉,面议,1-3年,本科
Java开发工程师,东华软件股份公司,昆明·盘龙·龙泉,面议,1-3年,本科
Java/python/C/C++/JS前后端软件开发工程师,外企德科数字技术有限公司,成都·郫都·合作街道,1.3-2.6万·14薪,经验不限,本科
Java/python/C/C++/JS前后端软件开发工程师,外企德科数字技术有限公司,成都·郫都·合作街道,1.3-2.6万·14薪,经验不限,本科
java开发工程师,青岛安永信息技术有限公司,青岛·城阳·上马,1.2-1.5万,3-5年,大专
java开发工程师,青岛安永信息技术有限公司,青岛·城阳·上马,1.2-1.5万,3-5年,大专
JAVA软件开发工程师,青岛盈智科技有限公司,青岛·崂山·中韩,7000-12000元,3-5年,本科
JAVA软件开发工程师,青岛盈智科技有限公司,青岛·崂山·中韩,7000-12000元,3-5年,本科
Java/C/C++/JS/python/测试/运维开发/数据（接受24届无经验、考研断档）,外企德科数字技术有限公司,苏州·虎丘,1.7-3万·14薪,经验不限,本科
Java/C/C++/JS/python/测试/运维开发/数据（接受24届无经验、考研断档）,外企德科数字技术有限公司,苏州·虎丘,1.7-3万·14薪,经验不限,本科
java开发工程师,东华医为科技有限公司,西安·高新区,7000-14000元,经验不限,本科
java开发工程师,东华医为科技有限公司,西安·高新区,7000-14000元,经验不限,本科
中高级java工程师,海心信息,大连·高新园区·凌水,8000-16000元,5-10年,本科
中高级java工程师,海心信息,大连·高新园区·凌水,8000-16000元,5-10年,本科
Java/Python/C/C++/数开/测试/算法/前端岗,外企德科数字技术有限公司,杭州·滨江·长河,1.5-3万·14薪,经验不限,本科
Java/Python/C/C++/数开/测试/算法/前端岗,外企德科数字技术有限公司,杭州·滨江·长河,1.5-3万·14薪,经验不限,本科
JAVA软件工程师,康龙化成,北京·大兴·博兴,1-1.8万,3-5年,本科
JAVA软件工程师,康龙化成,北京·大兴·博兴,1-1.8万,3-5年,本科
JAVA软件工程师,康龙化成,北京·大兴·博兴,1-1.8万,3-5年,本科
JAVA软件工程师,康龙化成,北京·大兴·博兴,1-1.8万,3-5年,本科
Java开发工程师,山东鸿业信息科技有限公司,济南·历下·智远,6000-9000元,3-5年,本科
Java开发工程师,山东鸿业信息科技有限公司,济南·历下·智远,6000-9000元,3-5年,本科
java/Python/C/C++/JS/AI算法/软件测试,外企德科数字技术有限公司,杭州·滨江·长河,2-4万,经验不限,本科
java/Python/C/C++/JS/AI算法/软件测试,外企德科数字技术有限公司,杭州·滨江·长河,2-4万,经验不限,本科
Java软件开发工程师,迪普科技,杭州·滨江·西兴,1.3-1.7万,1-3年,本科
Java软件开发工程师,迪普科技,杭州·滨江·西兴,1.3-1.7万,1-3年,本科
Java开发,外企德科,深圳·南山·粤海,2-3.5万·15薪,3-5年,本科
Java开发,外企德科,深圳·南山·粤海,2-3.5万·15薪,3-5年,本科
java软件开发工程师,外企德科数字技术有限公司,上海·浦东·金桥,1.5-3万·14薪,经验不限,本科
java软件开发工程师,外企德科数字技术有限公司,上海·浦东·金桥,1.5-3万·14薪,经验不限,本科
Java开发软件工程师（高级）,常州发创软件有限公司,常州·新北·三井,1.2-1.6万·13薪,5-10年,大专
Java开发软件工程师（高级）,常州发创软件有限公司,常州·新北·三井,1.2-1.6万·13薪,5-10年,大专
java工程师（办公地点：贵阳）,中航工程集成设备有限公司,贵阳·花溪·麦坪,1-2万·13薪,5-10年,本科
java工程师（办公地点：贵阳）,中航工程集成设备有限公司,贵阳·花溪·麦坪,1-2万·13薪,5-10年,本科
Java/C++/C/Python/web/Go/测试/安卓,外企德科数字技术有限公司,杭州·滨江·长河,1-2万,经验不限,本科
Java/C++/C/Python/web/Go/测试/安卓,外企德科数字技术有限公司,杭州·滨江·长河,1-2万,经验不限,本科
JAVA开发工程师,江苏沃坤物联科技有限公司,南京·浦口·泰山,1-1.5万,3-5年,大专
JAVA开发工程师,江苏沃坤物联科技有限公司,南京·浦口·泰山,1-1.5万,3-5年,大专
高级java工程师,郑州乐驰软件科技有限公司,上海·浦东·金桥,1.7-2.5万,5-10年,本科
高级java工程师,郑州乐驰软件科技有限公司,上海·浦东·金桥,1.7-2.5万,5-10年,本科
java开发工程师/后端开发,外企德科数字技术有限公司,北京·朝阳·东湖,1.5-1.8万,3-5年,本科
java开发工程师/后端开发,外企德科数字技术有限公司,北京·朝阳·东湖,1.5-1.8万,3-5年,本科
Java开发工程师,中国电子科技集团公司信息科学研究院,北京·石景山·苹果园,1.5-2.5万,经验不限,本科
Java开发工程师,中国电子科技集团公司信息科学研究院,北京·石景山·苹果园,1.5-2.5万,经验不限,本科
中高级Java开发(农发行驻场),东华软件股份公司,珠海·香洲区·唐家湾镇,1.4-1.5万,5-10年,本科
中高级Java开发(农发行驻场),东华软件股份公司,珠海·香洲区·唐家湾镇,1.4-1.5万,5-10年,本科
Java/C/C++/Python/前端/测试（接受无经验）,外企德科数字技术有限公司,北京·海淀·上地,1.6-3万·14薪,经验不限,本科
Java/C/C++/Python/前端/测试（接受无经验）,外企德科数字技术有限公司,北京·海淀·上地,1.6-3万·14薪,经验不限,本科
Java开发工程师,北京融创智合科技有限公司,北京·石景山·苹果园,1.2-1.8万,1-3年,本科
Java开发工程师,北京融创智合科技有限公司,北京·石景山·苹果园,1.2-1.8万,1-3年,本科
Java工程师（长春）,东华软件股份公司,长春·朝阳·永昌,面议,3-5年,本科
Java工程师（长春）,东华软件股份公司,长春·朝阳·永昌,面议,3-5年,本科
JAVA/C++/C/Python/GO,外企德科数字技术有限公司,深圳·龙岗·坂田,1.5-2.6万·15薪,经验不限,本科
JAVA/C++/C/Python/GO,外企德科数字技术有限公司,深圳·龙岗·坂田,1.5-2.6万·15薪,经验不限,本科
Java高级开发工程师,北京双泽维度信息技术有限公司,济南·历下·舜华路,1-1.5万,5-10年,本科
Java高级开发工程师,北京双泽维度信息技术有限公司,济南·历下·舜华路,1-1.5万,5-10年,本科
中级信贷Java开发工程师（银行核心业务）,东华软件股份公司,银川·贺兰县·习岗镇,8000-12000元,3-5年,本科
中级信贷Java开发工程师（银行核心业务）,东华软件股份公司,银川·贺兰县·习岗镇,8000-12000元,3-5年,本科
软件开发（Java、C、Python都可以）,外企德科数字技术有限公司,深圳·龙岗·坂田,1.3-2.6万,1-3年,本科
软件开发（Java、C、Python都可以）,外企德科数字技术有限公司,深圳·龙岗·坂田,1.3-2.6万,1-3年,本科
软件开发（Java、C、Python都可以）,外企德科数字技术有限公司,深圳·龙岗·坂田,1.3-2.6万,1-3年,本科
软件开发（Java、C、Python都可以）,外企德科数字技术有限公司,深圳·龙岗·坂田,1.3-2.6万,1-3年,本科
Java开发工程师(J10070),合肥欣奕华智能机器股份有限公司,合肥·瑶海·三十头,1.2-1.7万,5-10年,本科
Java开发工程师(J10070),合肥欣奕华智能机器股份有限公司,合肥·瑶海·三十头,1.2-1.7万,5-10年,本科
Java软件开发工程师,东华软件股份公司,北京·通州·北苑,面议,3-5年,本科
Java软件开发工程师,东华软件股份公司,北京·通州·北苑,面议,3-5年,本科
java软件开发工程师,外企德科数字技术有限公司,深圳·龙岗·坂田,1.6-3万,无经验,本科
java软件开发工程师,外企德科数字技术有限公司,深圳·龙岗·坂田,1.6-3万,无经验,本科
Java开发工程师（线上面试、会前端开发）,南京博锐星润软件科技有限公司,南京·江宁·秣陵,1-1.2万,3-5年,本科
Java开发工程师（线上面试、会前端开发）,南京博锐星润软件科技有限公司,南京·江宁·秣陵,1-1.2万,3-5年,本科
Java开发（驻场）,东华软件股份公司,长春·南关·净月,6000-10000元,1-3年,本科
Java开发（驻场）,东华软件股份公司,长春·南关·净月,6000-10000元,1-3年,本科
java软件开发工程师,外企德科数字技术有限公司,上海·浦东·金桥,1.5-3万,经验不限,本科
java软件开发工程师,外企德科数字技术有限公司,上海·浦东·金桥,1.5-3万,经验不限,本科
java全栈工程师,北京智信科创技术有限公司内蒙古分公司,北京·顺义,2-2.5万,10年以上,本科
java全栈工程师,北京智信科创技术有限公司内蒙古分公司,北京·顺义,2-2.5万,10年以上,本科
Java开发工程师（银行核心系统）,东华软件股份公司,乌鲁木齐·沙依巴克区·扬子江路街道,8000-12000元,3-5年,本科
Java开发工程师（银行核心系统）,东华软件股份公司,乌鲁木齐·沙依巴克区·扬子江路街道,8000-12000元,3-5年,本科
java后端开发工程师,外企德科数字技术有限公司,北京·海淀,1.5-3万·14薪,经验不限,本科
java后端开发工程师,外企德科数字技术有限公司,北京·海淀,1.5-3万·14薪,经验不限,本科
Java开发实习生（助教岗位）,成都市海德计算机职业技能培训学校,成都·锦江·锦官驿,150-200元/天,无经验,本科
Java开发实习生（助教岗位）,成都市海德计算机职业技能培训学校,成都·锦江·锦官驿,150-200元/天,无经验,本科
Java开发工程师,东华医为科技有限公司,泰安·岱岳区·北集坡街道,7000-14000元,1-3年,本科
Java开发工程师,东华医为科技有限公司,泰安·岱岳区·北集坡街道,7000-14000元,1-3年,本科
java软件开发工程师,外企德科数字技术有限公司,北京,1.2-2.4万·14薪,经验不限,学历不限
java软件开发工程师,外企德科数字技术有限公司,北京,1.2-2.4万·14薪,经验不限,学历不限
Java后端技术经理（常驻乌鲁木齐）,中科软科技股份有限公司,成都·武侯·桂溪,2-3万,5-10年,本科
Java后端技术经理（常驻乌鲁木齐）,中科软科技股份有限公司,成都·武侯·桂溪,2-3万,5-10年,本科
java,外企德科,杭州·滨江·长河,2-3万·15薪,3-5年,本科
java,外企德科,杭州·滨江·长河,2-3万·15薪,3-5年,本科
JAVA/JS/C/C++/Python/go/测试,外企德科数字技术有限公司,北京·海淀,1.5-3万·14薪,经验不限,本科
JAVA/JS/C/C++/Python/go/测试,外企德科数字技术有限公司,北京·海淀,1.5-3万·14薪,经验不限,本科
Java后端开发工程师,青岛中享启迪文化科技有限公司,青岛·市南·金门路,4000-7000元,经验不限,大专
Java后端开发工程师,青岛中享启迪文化科技有限公司,青岛·市南·金门路,4000-7000元,经验不限,大专
高级java工程师,外企德科,深圳·南山·粤海,3-3.5万·15薪,5-10年,本科
高级java工程师,外企德科,深圳·南山·粤海,3-3.5万·15薪,5-10年,本科
研发工程师（Java/C++/Python/前端/测试等）,外企德科数字技术有限公司,上海·浦东·金桥,1.2-2万·14薪,经验不限,本科
研发工程师（Java/C++/Python/前端/测试等）,外企德科数字技术有限公司,上海·浦东·金桥,1.2-2万·14薪,经验不限,本科
后端开发工程师（java）,天津光电通信技术有限公司,天津·河西·尖山,1.2-2万·13薪,3-5年,本科
后端开发工程师（java）,天津光电通信技术有限公司,天津·河西·尖山,1.2-2万·13薪,3-5年,本科
Java全栈开发,成都智达电力自动控制有限公司,成都·成华·龙潭,1-1.8万,5-10年,本科
Java全栈开发,成都智达电力自动控制有限公司,成都·成华·龙潭,1-1.8万,5-10年,本科
Java全栈开发,成都智达电力自动控制有限公司,成都·成华·龙潭,1-1.8万,5-10年,本科
Java全栈开发,成都智达电力自动控制有限公司,成都·成华·龙潭,1-1.8万,5-10年,本科
后/前端开发、测试【24/25/无经验也可投】接受java、c＋＋、js不限语言,外企德科数字技术有限公司,长沙·开福·月湖,1.5-3万·14薪,经验不限,本科
后/前端开发、测试【24/25/无经验也可投】接受java、c＋＋、js不限语言,外企德科数字技术有限公司,长沙·开福·月湖,1.5-3万·14薪,经验不限,本科
java开发工程师,山东融科数据服务有限公司,济南·历城·港沟,6000-12000元,1-3年,大专
java开发工程师,山东融科数据服务有限公司,济南·历城·港沟,6000-12000元,1-3年,大专
初级java开发工程师,南京捷帝科技有限公司,南京·浦口·顶山,4000-7000元,经验不限,大专
初级java开发工程师,南京捷帝科技有限公司,南京·浦口·顶山,4000-7000元,经验不限,大专
c/c++/java/python开发/测试【base深圳】,外企德科数字技术有限公司,深圳·龙岗·坂田,1.2-1.8万·14薪,经验不限,本科
c/c++/java/python开发/测试【base深圳】,外企德科数字技术有限公司,深圳·龙岗·坂田,1.2-1.8万·14薪,经验不限,本科
JAVA全栈开发工程师,武汉智领创联科技有限公司,武汉·江夏·五里界,8000-16000元,3-5年,本科
JAVA全栈开发工程师,武汉智领创联科技有限公司,武汉·江夏·五里界,8000-16000元,3-5年,本科
JAVA开发工程师（驻场农发行）,东华软件股份公司,咸阳·秦都区·钓台街道,1-1.5万,5-10年,本科
JAVA开发工程师（驻场农发行）,东华软件股份公司,咸阳·秦都区·钓台街道,1-1.5万,5-10年,本科
Java，毕业1年内应届生，无经验小白可推,外企德科数字技术有限公司,上海·青浦·金泽,1.3-2.6万,无经验,本科
Java，毕业1年内应届生，无经验小白可推,外企德科数字技术有限公司,上海·青浦·金泽,1.3-2.6万,无经验,本科
JAVA工程师,北京博得交通设备有限公司,北京·大兴·观音寺,1.5-3万,3-5年,硕士
JAVA工程师,北京博得交通设备有限公司,北京·大兴·观音寺,1.5-3万,3-5年,硕士
JAVA开发（驻场）,东华软件股份公司,广州·白云·人和,1-1.2万,3-5年,本科
JAVA开发（驻场）,东华软件股份公司,广州·白云·人和,1-1.2万,3-5年,本科
软件开发（多语言 Java Python C/C++js等测试,外企德科数字技术有限公司,长沙·开福·月湖,1.2-2.4万,经验不限,本科
软件开发（多语言 Java Python C/C++js等测试,外企德科数字技术有限公司,长沙·开福·月湖,1.2-2.4万,经验不限,本科
Java开发工程师,北京亚华物联科技发展有限公司,北京·朝阳·东湖,1.5-2万,5-10年,本科
Java开发工程师,北京亚华物联科技发展有限公司,北京·朝阳·东湖,1.5-2万,5-10年,本科
Java后端技术经理（常驻乌鲁木齐）,中科软科技股份有限公司,武汉,2-3万,5-10年,本科
Java后端技术经理（常驻乌鲁木齐）,中科软科技股份有限公司,武汉,2-3万,5-10年,本科
全额社保公积金高薪大厂外包java开发工程师,外企德科数字技术有限公司,石家庄·裕华·裕强,1.6-3万·15薪,3-5年,本科
全额社保公积金高薪大厂外包java开发工程师,外企德科数字技术有限公司,石家庄·裕华·裕强,1.6-3万·15薪,3-5年,本科
Java中高级开发（咸阳-农发行）,东华软件股份公司,咸阳·秦都区·钓台街道,1.2-1.4万,5-10年,本科
Java中高级开发（咸阳-农发行）,东华软件股份公司,咸阳·秦都区·钓台街道,1.2-1.4万,5-10年,本科
java中级开发工程师-双休五险一金,山东鸿业信息科技有限公司,济南·历下·智远,8000-16000元,3-5年,本科
java中级开发工程师-双休五险一金,山东鸿业信息科技有限公司,济南·历下·智远,8000-16000元,3-5年,本科
c/c++/java/python开发/测试【base西安】,外企德科数字技术有限公司,西安·雁塔·漳浒寨,1-1.8万·14薪,经验不限,本科
c/c++/java/python开发/测试【base西安】,外企德科数字技术有限公司,西安·雁塔·漳浒寨,1-1.8万·14薪,经验不限,本科
高级后端Java（青岛-银行项目）,东华软件股份公司,青岛·市北·敦化路,1.1-1.3万,5-10年,本科
高级后端Java（青岛-银行项目）,东华软件股份公司,青岛·市北·敦化路,1.1-1.3万,5-10年,本科
软件工程师java,北京和升达信息安全技术有限公司,沧州·青县·清州镇,1.5-2.5万,3-5年,本科
软件工程师java,北京和升达信息安全技术有限公司,沧州·青县·清州镇,1.5-2.5万,3-5年,本科
java软件开发工程师,外企德科数字技术有限公司,南京·雨花台·雨花,1.2-2.4万·14薪,经验不限,本科
java软件开发工程师,外企德科数字技术有限公司,南京·雨花台·雨花,1.2-2.4万·14薪,经验不限,本科
Java开发软件工程师（初级）,常州发创软件有限公司,常州·新北·三井,5000-10000元,无经验,大专
Java开发软件工程师（初级）,常州发创软件有限公司,常州·新北·三井,5000-10000元,无经验,大专
Java开发软件工程师（初级）,常州发创软件有限公司,常州·新北·三井,5000-10000元,无经验,大专
Java开发软件工程师（初级）,常州发创软件有限公司,常州·新北·三井,5000-10000元,无经验,大专
java开发工程师,天源迪科,深圳·福田·梅林,1-1.6万,3-5年,本科
java开发工程师,天源迪科,深圳·福田·梅林,1-1.6万,3-5年,本科
JAVA/C/C++/Python/go/web开发工程师,外企德科数字技术有限公司,成都·郫都·合作街道,1.8-3.5万·15薪,经验不限,本科
JAVA/C/C++/Python/go/web开发工程师,外企德科数字技术有限公司,成都·郫都·合作街道,1.8-3.5万·15薪,经验不限,本科
中级java后端开发（长春-银行项目）,东华软件股份公司,长春·南关·净月,5000-10000元,3-5年,本科
中级java后端开发（长春-银行项目）,东华软件股份公司,长春·南关·净月,5000-10000元,3-5年,本科
java高级开发工程师,深圳市双合电气股份有限公司,西安·雁塔·电子城,1.2-1.6万,3-5年,本科
java高级开发工程师,深圳市双合电气股份有限公司,西安·雁塔·电子城,1.2-1.6万,3-5年,本科
Java开发工程师/大厂自研核心项目,外企德科数字技术有限公司,北京·海淀,1.2-2万·14薪,经验不限,本科
Java开发工程师/大厂自研核心项目,外企德科数字技术有限公司,北京·海淀,1.2-2万·14薪,经验不限,本科
初级Java开发软件工程师,合肥常创信息科技有限公司,合肥·庐阳·双岗,4000-6000元,经验不限,本科
初级Java开发软件工程师,合肥常创信息科技有限公司,合肥·庐阳·双岗,4000-6000元,经验不限,本科
高级Java开发工程师,北京融创智合科技有限公司,北京·石景山·苹果园,1.6-2.4万,5-10年,本科
高级Java开发工程师,北京融创智合科技有限公司,北京·石景山·苹果园,1.6-2.4万,5-10年,本科
Java/ Web/ C开发/ 测试/算法/数据开发,外企德科数字技术有限公司,东莞·大朗镇,1.4-2.8万·16薪,经验不限,本科
Java/ Web/ C开发/ 测试/算法/数据开发,外企德科数字技术有限公司,东莞·大朗镇,1.4-2.8万·16薪,经验不限,本科
Java开发工程师,庄莲(南京)进出口有限责任公司,南京·江宁·东山,1-1.5万·13薪,1-3年,本科
Java开发工程师,庄莲(南京)进出口有限责任公司,南京·江宁·东山,1-1.5万·13薪,1-3年,本科
Java开发-大连,东华软件股份公司,大连·中山·人民路,面议,3-5年,本科
Java开发-大连,东华软件股份公司,大连·中山·人民路,面议,3-5年,本科
Java/C/C++/Python/前端/测试（线上面试）,外企德科数字技术有限公司,北京·海淀,1.5-3万·14薪,经验不限,本科
Java/C/C++/Python/前端/测试（线上面试）,外企德科数字技术有限公司,北京·海淀,1.5-3万·14薪,经验不限,本科
Java开发工程师,东华医为科技有限公司,兰州·城关区·临夏路街道,7000-9000元,经验不限,本科
Java开发工程师,东华医为科技有限公司,兰州·城关区·临夏路街道,7000-9000元,经验不限,本科
java开发工程师（信贷、风控、支付）,常州科睿达信息科技有限公司,重庆·渝北·天宫殿,9000-16000元,5-10年,本科
java开发工程师（信贷、风控、支付）,常州科睿达信息科技有限公司,重庆·渝北·天宫殿,9000-16000元,5-10年,本科
Java/ Web/ C开发/ 测试/算法/数据开发,外企德科数字技术有限公司,上海·浦东·金桥,1.4-2.8万·16薪,经验不限,本科
Java/ Web/ C开发/ 测试/算法/数据开发,外企德科数字技术有限公司,上海·浦东·金桥,1.4-2.8万·16薪,经验不限,本科
JAVA开发（大厂OD项目+项目稳定发展优）,外企德科,深圳·南山·粤海,2-3.5万·15薪,3-5年,本科
JAVA开发（大厂OD项目+项目稳定发展优）,外企德科,深圳·南山·粤海,2-3.5万·15薪,3-5年,本科
Java开发工程师,北京嘉和星华科技有限公司,北京·海淀·清河,1-1.5万,3-5年,大专
Java开发工程师,北京嘉和星华科技有限公司,北京·海淀·清河,1-1.5万,3-5年,大专
软件开发（多语言 Java Python C/C++js等测试,外企德科数字技术有限公司,成都·郫都·合作街道,1.2-2.4万,经验不限,本科
软件开发（多语言 Java Python C/C++js等测试,外企德科数字技术有限公司,成都·郫都·合作街道,1.2-2.4万,经验不限,本科
java后端开发工程师,外企德科,上海·浦东·金桥,2-4万·14薪,3-5年,硕士
java后端开发工程师,外企德科,上海·浦东·金桥,2-4万·14薪,3-5年,硕士
中级Java开发工程师,东华软件股份公司,郑州·金水·丰产路,7000-10000元,3-5年,本科
中级Java开发工程师,东华软件股份公司,郑州·金水·丰产路,7000-10000元,3-5年,本科
java开发,外企德科数字技术有限公司,上海·杨浦·大桥,1.7-1.8万,3-5年,本科
java开发,外企德科数字技术有限公司,上海·杨浦·大桥,1.7-1.8万,3-5年,本科
java开发,外企德科数字技术有限公司,上海·杨浦·大桥,1.7-1.8万,3-5年,本科
java开发,外企德科数字技术有限公司,上海·杨浦·大桥,1.7-1.8万,3-5年,本科
后端JAVA开发（企业直招/光储/新能源）,外企德科,上海·闵行·浦江,2.2-4万,3-5年,硕士
后端JAVA开发（企业直招/光储/新能源）,外企德科,上海·闵行·浦江,2.2-4万,3-5年,硕士
Java开发软件工程师（合肥）,常州发创软件有限公司,常州·新北·三井,6000-12000元,1-3年,本科
Java开发软件工程师（合肥）,常州发创软件有限公司,常州·新北·三井,6000-12000元,1-3年,本科
java软件开发工程师,外企德科数字技术有限公司,杭州·滨江·长河,1.5-3万·14薪,经验不限,本科
java软件开发工程师,外企德科数字技术有限公司,杭州·滨江·长河,1.5-3万·14薪,经验不限,本科
JAVA后端开发(能源/储能产品方向),外企德科,佛山·顺德·北滘,1.3-1.7万·13薪,3-5年,本科
JAVA后端开发(能源/储能产品方向),外企德科,佛山·顺德·北滘,1.3-1.7万·13薪,3-5年,本科
java全栈工程师,东华软件股份公司,北京·海淀·中关村,120-200元/天,无经验,本科
java全栈工程师,东华软件股份公司,北京·海淀·中关村,120-200元/天,无经验,本科
月薪15-35k/java/c++/python后端开发/,外企德科数字技术有限公司,上海·青浦·金泽,1.7-2.7万,经验不限,本科
月薪15-35k/java/c++/python后端开发/,外企德科数字技术有限公司,上海·青浦·金泽,1.7-2.7万,经验不限,本科
Java,外企德科,深圳·南山·粤海,1.8-3.5万,3-5年,本科
Java,外企德科,深圳·南山·粤海,1.8-3.5万,3-5年,本科
java高级工程师-电子档案产品部,紫光软件,北京·海淀·清华园,1.3-1.8万·13薪,经验不限,本科
java高级工程师-电子档案产品部,紫光软件,北京·海淀·清华园,1.3-1.8万·13薪,经验不限,本科
java、C/C++、python等个后端开发,外企德科数字技术有限公司,苏州·虎丘,1.6-3万·16薪,经验不限,本科
java、C/C++、python等个后端开发,外企德科数字技术有限公司,苏州·虎丘,1.6-3万·16薪,经验不限,本科
JAVA助教实习生,成都市海德计算机职业技能培训学校,成都·锦江·锦官驿,150-200元/天,无经验,本科
JAVA助教实习生,成都市海德计算机职业技能培训学校,成都·锦江·锦官驿,150-200元/天,无经验,本科
Java开发工程师,东华软件股份公司,西安·雁塔·漳浒寨,面议,1-3年,本科
Java开发工程师,东华软件股份公司,西安·雁塔·漳浒寨,面议,1-3年,本科
Java/C/C++软件开发/测试工程师（双休+五险一金+年终奖）,外企德科数字技术有限公司,杭州·滨江·长河,1.9-3.5万·16薪,经验不限,本科
Java/C/C++软件开发/测试工程师（双休+五险一金+年终奖）,外企德科数字技术有限公司,杭州·滨江·长河,1.9-3.5万·16薪,经验不限,本科
Java开发工程师（实习）,共致开源(北京)信息科技有限公司,北京·海淀·上地,150-280元/天,无经验,本科
Java开发工程师（实习）,共致开源(北京)信息科技有限公司,北京·海淀·上地,150-280元/天,无经验,本科
Java高级开发工程师,金碧物业,广州·天河·冼村,1.5-3万,3-5年,本科
Java高级开发工程师,金碧物业,广州·天河·冼村,1.5-3万,3-5年,本科
java开发工程师-上海,外企德科数字技术有限公司,上海·杨浦·大桥,1.6-1.8万,3-5年,本科
java开发工程师-上海,外企德科数字技术有限公司,上海·杨浦·大桥,1.6-1.8万,3-5年,本科
初中级Java后端开发（接受出差-金融应用产品部）,东华软件股份公司,成都·武侯·石羊,6000-9000元,1-3年,本科
初中级Java后端开发（接受出差-金融应用产品部）,东华软件股份公司,成都·武侯·石羊,6000-9000元,1-3年,本科
Java后端开发工程师,外企德科,上海·浦东·金桥,2-4万·18薪,5-10年,硕士
Java后端开发工程师,外企德科,上海·浦东·金桥,2-4万·18薪,5-10年,硕士
Java/C++/C/Python/GO/JS,外企德科数字技术有限公司,北京·海淀·上地,1.2-2.4万·15薪,经验不限,本科
Java/C++/C/Python/GO/JS,外企德科数字技术有限公司,北京·海淀·上地,1.2-2.4万·15薪,经验不限,本科
Java开发工程师,东华软件股份公司,郑州·金水·北林路,面议,3-5年,本科
Java开发工程师,东华软件股份公司,郑州·金水·北林路,面议,3-5年,本科
初级java开发工程师,天津市盛为创新科技股份有限公司,天津·和平·五大道,7000-11000元,1-3年,本科
初级java开发工程师,天津市盛为创新科技股份有限公司,天津·和平·五大道,7000-11000元,1-3年,本科
初级java开发工程师,天津市盛为创新科技股份有限公司,天津·和平·五大道,7000-11000元,1-3年,本科
初级java开发工程师,天津市盛为创新科技股份有限公司,天津·和平·五大道,7000-11000元,1-3年,本科
Java/C++/C/Python/GO/JS,外企德科数字技术有限公司,武汉·江夏·豹澥,1.2-2.4万·15薪,经验不限,本科
Java/C++/C/Python/GO/JS,外企德科数字技术有限公司,武汉·江夏·豹澥,1.2-2.4万·15薪,经验不限,本科
java全栈工程师,东华软件股份公司,乌鲁木齐·天山区·和平路街道,8000-13000元,1-3年,本科
java全栈工程师,东华软件股份公司,乌鲁木齐·天山区·和平路街道,8000-13000元,1-3年,本科
java工程师,东华医为科技有限公司,郑州·管城·商都路,7000-12000元,经验不限,本科
java工程师,东华医为科技有限公司,郑州·管城·商都路,7000-12000元,经验不限,本科
java软件开发工程师,外企德科数字技术有限公司,武汉·江夏·豹澥,1.5-3万,经验不限,本科
java软件开发工程师,外企德科数字技术有限公司,武汉·江夏·豹澥,1.5-3万,经验不限,本科
Java开发工程师,共致开源(北京)信息科技有限公司,北京·海淀·上地,1-2万,3-5年,本科
Java开发工程师,共致开源(北京)信息科技有限公司,北京·海淀·上地,1-2万,3-5年,本科
java全栈开发工程师(成都),东华医为科技有限公司,成都·武侯·桂溪,1-2万,3-5年,本科
java全栈开发工程师(成都),东华医为科技有限公司,成都·武侯·桂溪,1-2万,3-5年,本科
前/后端开发/测试招聘（java/C/C＋＋/python）,外企德科数字技术有限公司,杭州·滨江·长河,1.6-3万·14薪,经验不限,本科
前/后端开发/测试招聘（java/C/C＋＋/python）,外企德科数字技术有限公司,杭州·滨江·长河,1.6-3万·14薪,经验不限,本科
Java开发工程师,东华软件股份公司,泰安·岱岳区·北集坡街道,面议,1-3年,本科
Java开发工程师,东华软件股份公司,泰安·岱岳区·北集坡街道,面议,1-3年,本科
IT技术java开发工程师,青岛卡泰驰智行汽车科技有限公司,青岛·城阳·上马,1.2-1.6万,3-5年,本科
IT技术java开发工程师,青岛卡泰驰智行汽车科技有限公司,青岛·城阳·上马,1.2-1.6万,3-5年,本科
Java/Python/C/C++/Web/测试工程师,外企德科数字技术有限公司,上海·青浦·金泽,1.6-3万·16薪,经验不限,本科
Java/Python/C/C++/Web/测试工程师,外企德科数字技术有限公司,上海·青浦·金泽,1.6-3万·16薪,经验不限,本科
中高级java工程师,武汉盛典网络科技有限公司,武汉·江岸,8000-12000元,3-5年,大专
中高级java工程师,武汉盛典网络科技有限公司,武汉·江岸,8000-12000元,3-5年,大专
初中级Java开发工程师（银行-银川）,东华软件股份公司,银川·贺兰县·习岗镇,1-1.4万,3-5年,本科
初中级Java开发工程师（银行-银川）,东华软件股份公司,银川·贺兰县·习岗镇,1-1.4万,3-5年,本科
前/后端开发 Java、C++、python、js,外企德科数字技术有限公司,苏州·工业园区,1.3-2.6万·14薪,无经验,本科
前/后端开发 Java、C++、python、js,外企德科数字技术有限公司,苏州·工业园区,1.3-2.6万·14薪,无经验,本科
全栈开发工程师（Java开发）,上海才赋人力资源科技有限公司,上海·普陀·长风新村,1-1.6万·14薪,3-5年,本科
全栈开发工程师（Java开发）,上海才赋人力资源科技有限公司,上海·普陀·长风新村,1-1.6万·14薪,3-5年,本科
java游戏服务器开发,北京三七五玩科技有限公司,北京·昌平·天通苑北,7000-12000元,5-10年,本科
java游戏服务器开发,北京三七五玩科技有限公司,北京·昌平·天通苑北,7000-12000元,5-10年,本科
Java工程师-基础设施/效能,外企德科数字技术有限公司,上海·浦东·高行,2-2.5万,3-5年,本科
Java工程师-基础设施/效能,外企德科数字技术有限公司,上海·浦东·高行,2-2.5万,3-5年,本科
Java初中级开发（驻场南京中信银行）,东华软件股份公司,南京·玄武·新街口,7000-9000元,1-3年,本科
Java初中级开发（驻场南京中信银行）,东华软件股份公司,南京·玄武·新街口,7000-9000元,1-3年,本科
Java高级开发工程师,北京双泽维度信息技术有限公司,武汉·洪山·关山,1-1.5万,5-10年,本科
Java高级开发工程师,北京双泽维度信息技术有限公司,武汉·洪山·关山,1-1.5万,5-10年,本科
JAVA/JS/C/C++/Python/go/测试,外企德科数字技术有限公司,深圳·龙岗·坂田,1.5-3万·14薪,经验不限,本科
JAVA/JS/C/C++/Python/go/测试,外企德科数字技术有限公司,深圳·龙岗·坂田,1.5-3万·14薪,经验不限,本科
Java开发工程师,东华软件股份公司,武汉·江夏·佛祖岭,8000-12000元,1-3年,本科
Java开发工程师,东华软件股份公司,武汉·江夏·佛祖岭,8000-12000元,1-3年,本科
Java开发工程师,东华软件股份公司,武汉·江夏·佛祖岭,8000-12000元,1-3年,本科
Java开发工程师,东华软件股份公司,武汉·江夏·佛祖岭,8000-12000元,1-3年,本科
Java开发工程师,北京宏科高软科技有限公司,北京·丰台·看丹,8000-10000元,3-5年,大专
Java开发工程师,北京宏科高软科技有限公司,北京·丰台·看丹,8000-10000元,3-5年,大专
JAVA/JS/C/C++/Python/go/测试,外企德科数字技术有限公司,西安·雁塔·漳浒寨,1.5-3万·14薪,经验不限,本科
JAVA/JS/C/C++/Python/go/测试,外企德科数字技术有限公司,西安·雁塔·漳浒寨,1.5-3万·14薪,经验不限,本科
JAVA开发工程师,江苏日安信息科技有限公司,上海·闵行·新虹,1.1-1.6万,5-10年,大专
JAVA开发工程师,江苏日安信息科技有限公司,上海·闵行·新虹,1.1-1.6万,5-10年,大专
Java开发工程师,外企德科,北京·海淀·清河,1.3-1.8万,1-3年,本科
Java开发工程师,外企德科,北京·海淀·清河,1.3-1.8万,1-3年,本科
Java开发工程师（鲲鹏FAE方向）,外企德科数字技术有限公司,苏州·工业园区,9000-13000元,1-3年,本科
Java开发工程师（鲲鹏FAE方向）,外企德科数字技术有限公司,苏州·工业园区,9000-13000元,1-3年,本科
java开发工程师,四川旅发环保科技有限公司,成都·武侯·桂溪,1.3-2万,3-5年,本科
java开发工程师,四川旅发环保科技有限公司,成都·武侯·桂溪,1.3-2万,3-5年,本科
后端JAVA开发（企业直招/光储/新能源）,外企德科,上海·闵行·浦江,2.2-4万,3-5年,硕士
后端JAVA开发（企业直招/光储/新能源）,外企德科,上海·闵行·浦江,2.2-4万,3-5年,硕士
Java开发工程师,外企德科数字技术有限公司,深圳·龙岗·坂田,1.6-3万,经验不限,本科
Java开发工程师,外企德科数字技术有限公司,深圳·龙岗·坂田,1.6-3万,经验不限,本科
java后端工程师,东华医为科技有限公司,长沙·岳麓·天顶,1-1.5万,1-3年,本科
java后端工程师,东华医为科技有限公司,长沙·岳麓·天顶,1-1.5万,1-3年,本科
Java高级开发工程师-天津产品部,紫光软件,天津·东丽·华明,1.1-1.6万·13薪,3-5年,本科
Java高级开发工程师-天津产品部,紫光软件,天津·东丽·华明,1.1-1.6万·13薪,3-5年,本科
大数据开发工程师（JAVA）,外企德科数字技术有限公司,上海·杨浦·大桥,1.8-2万,3-5年,本科
大数据开发工程师（JAVA）,外企德科数字技术有限公司,上海·杨浦·大桥,1.8-2万,3-5年,本科
Java开发工程师（长春）,东华软件股份公司,长春·南关·净月,5000-8000元,3-5年,本科
Java开发工程师（长春）,东华软件股份公司,长春·南关·净月,5000-8000元,3-5年,本科
Java开发工程师,北京计算机技术及应用研究所,北京·海淀·永定路,1-2万,3-5年,硕士
Java开发工程师,北京计算机技术及应用研究所,北京·海淀·永定路,1-2万,3-5年,硕士
软件岗（Java/Python/C/C++/软测/嵌入式等）,外企德科数字技术有限公司,西安·雁塔·漳浒寨,1.4-2.8万·14薪,经验不限,本科
软件岗（Java/Python/C/C++/软测/嵌入式等）,外企德科数字技术有限公司,西安·雁塔·漳浒寨,1.4-2.8万·14薪,经验不限,本科
Java开发软件工程师（合肥）,常州发创软件有限公司,合肥·庐阳·双岗,8000-16000元,1-3年,本科
Java开发软件工程师（合肥）,常州发创软件有限公司,合肥·庐阳·双岗,8000-16000元,1-3年,本科
高级Java开发工程师,上海美格网络技术有限公司,郑州·金水·祭城路,8000-12000元,3-5年,大专
高级Java开发工程师,上海美格网络技术有限公司,郑州·金水·祭城路,8000-12000元,3-5年,大专
Java开发工程师（可接受小白）,外企德科数字技术有限公司,南京·雨花台·雨花,1.5-3万·14薪,经验不限,本科
Java开发工程师（可接受小白）,外企德科数字技术有限公司,南京·雨花台·雨花,1.5-3万·14薪,经验不限,本科
java系统架构师,汉询软件,郑州·中原·航海西路,1.5-3万,10年以上,本科
java系统架构师,汉询软件,郑州·中原·航海西路,1.5-3万,10年以上,本科
高级软件开发工程师（Java）,中通服公众信息产业股份有限公司,乌鲁木齐·新市区·二工街道,8000-14000元,3-5年,本科
高级软件开发工程师（Java）,中通服公众信息产业股份有限公司,乌鲁木齐·新市区·二工街道,8000-14000元,3-5年,本科
java后端工程师,外企德科数字技术有限公司,武汉·洪山·关山,1.4-1.7万,3-5年,本科
java后端工程师,外企德科数字技术有限公司,武汉·洪山·关山,1.4-1.7万,3-5年,本科
java后端工程师,外企德科数字技术有限公司,武汉·洪山·关山,1.4-1.7万,3-5年,本科
java后端工程师,外企德科数字技术有限公司,武汉·洪山·关山,1.4-1.7万,3-5年,本科
Java(杭州、深圳）,外企德科,深圳·南山·粤海,1.8-3.5万·13薪,3-5年,本科
Java(杭州、深圳）,外企德科,深圳·南山·粤海,1.8-3.5万·13薪,3-5年,本科
Java开发工程师,东华软件股份公司,兰州·城关区·广武门街道,面议,1-3年,本科
Java开发工程师,东华软件股份公司,兰州·城关区·广武门街道,面议,1-3年,本科
前端后端开发测试招聘（java/C/js/python）,外企德科数字技术有限公司,上海·青浦·金泽,1.6-3万·14薪,经验不限,本科
前端后端开发测试招聘（java/C/js/python）,外企德科数字技术有限公司,上海·青浦·金泽,1.6-3万·14薪,经验不限,本科
中高级java工程师,外企德科,深圳·南山·粤海,2-3.5万·15薪,5-10年,本科
中高级java工程师,外企德科,深圳·南山·粤海,2-3.5万·15薪,5-10年,本科
java开发主管,北京金安盛翔科技有限公司,北京·昌平·回龙观,1.3-1.8万,3-5年,本科
java开发主管,北京金安盛翔科技有限公司,北京·昌平·回龙观,1.3-1.8万,3-5年,本科
JAVA/C++/C/Python 14薪双休 应届生可投,外企德科数字技术有限公司,东莞·南城街道,1.5-3万,经验不限,本科
JAVA/C++/C/Python 14薪双休 应届生可投,外企德科数字技术有限公司,东莞·南城街道,1.5-3万,经验不限,本科
UI开发工程师（C++或java,瞬联软件科技(北京)有限公司,上海·徐汇·虹梅路,2.5-2.7万·13薪,5-10年,本科
UI开发工程师（C++或java,瞬联软件科技(北京)有限公司,上海·徐汇·虹梅路,2.5-2.7万·13薪,5-10年,本科
Java开发,上海才赋人力资源科技有限公司,上海·普陀·长风新村,1-1.6万·14薪,1-3年,本科
Java开发,上海才赋人力资源科技有限公司,上海·普陀·长风新村,1-1.6万·14薪,1-3年,本科
Java/Python/C/C++/测试/算法/前端岗,外企德科数字技术有限公司,深圳·龙岗·坂田,1.2-2.4万·14薪,经验不限,本科
Java/Python/C/C++/测试/算法/前端岗,外企德科数字技术有限公司,深圳·龙岗·坂田,1.2-2.4万·14薪,经验不限,本科
高级Java开发工程师,北京思诺博信息技术有限公司,重庆·渝北·大竹林,8000-16000元,3-5年,本科
高级Java开发工程师,北京思诺博信息技术有限公司,重庆·渝北·大竹林,8000-16000元,3-5年,本科
"Java 客户端（Swing, AWT, APP, UI, 客户端",瞬联软件科技(北京)有限公司,上海·徐汇·虹梅路,2.4-2.7万·13薪,5-10年,本科
"Java 客户端（Swing, AWT, APP, UI, 客户端",瞬联软件科技(北京)有限公司,上海·徐汇·虹梅路,2.4-2.7万·13薪,5-10年,本科
JAVA/C++/C/Python 14薪双休 应届生可投,外企德科数字技术有限公司,杭州·上城·湖滨,1.5-3万,经验不限,本科
JAVA/C++/C/Python 14薪双休 应届生可投,外企德科数字技术有限公司,杭州·上城·湖滨,1.5-3万,经验不限,本科
JAVA工程师,北京敬辉汽车租赁服务有限公司,北京·昌平·回龙观,1-2万,5-10年,本科
JAVA工程师,北京敬辉汽车租赁服务有限公司,北京·昌平·回龙观,1-2万,5-10年,本科
Java开发工程师,浪潮集团,青岛·市北·阜新路,1.2-1.6万,5-10年,大专
Java开发工程师,浪潮集团,青岛·市北·阜新路,1.2-1.6万,5-10年,大专
Java/Python/C/C++/测试/算法/前端岗,外企德科数字技术有限公司,上海·浦东·金桥,1.2-2.4万·14薪,经验不限,本科
Java/Python/C/C++/测试/算法/前端岗,外企德科数字技术有限公司,上海·浦东·金桥,1.2-2.4万·14薪,经验不限,本科
Java开发工程师,科曼智能科技有限公司,烟台·福山·福莱山,8000-15000元·13薪,经验不限,本科
Java开发工程师,科曼智能科技有限公司,烟台·福山·福莱山,8000-15000元·13薪,经验不限,本科
java后端工程师,外企德科,佛山·顺德·北滘,1.3-1.7万·13薪,5-10年,本科
java后端工程师,外企德科,佛山·顺德·北滘,1.3-1.7万·13薪,5-10年,本科
java软件开发工程师,外企德科数字技术有限公司,深圳·龙岗·坂田,1.5-3万·14薪,经验不限,本科
java软件开发工程师,外企德科数字技术有限公司,深圳·龙岗·坂田,1.5-3万·14薪,经验不限,本科
java开发工程师,紫金支点,深圳·罗湖·桂园,1.6-2.5万,3-5年,大专
java开发工程师,紫金支点,深圳·罗湖·桂园,1.6-2.5万,3-5年,大专
java工程师,东华医为科技有限公司,西安·雁塔·鱼化寨,7000-12000元,1-3年,本科
java工程师,东华医为科技有限公司,西安·雁塔·鱼化寨,7000-12000元,1-3年,本科
java工程师,东华医为科技有限公司,西安·雁塔·鱼化寨,7000-12000元,1-3年,本科
java工程师,东华医为科技有限公司,西安·雁塔·鱼化寨,7000-12000元,1-3年,本科
Java/C/C++/Python/前端/测试（接受应届）,外企德科数字技术有限公司,深圳·龙岗·坂田,1.2-1.3万·14薪,经验不限,本科
Java/C/C++/Python/前端/测试（接受应届）,外企德科数字技术有限公司,深圳·龙岗·坂田,1.2-1.3万·14薪,经验不限,本科
中级Java开发工程师,瞬联软件科技(北京)有限公司,苏州·昆山·玉山,1.1-1.4万·13薪,3-5年,本科
中级Java开发工程师,瞬联软件科技(北京)有限公司,苏州·昆山·玉山,1.1-1.4万·13薪,3-5年,本科
Java开发工程师,东华软件股份公司,北京·石景山·古城,面议,3-5年,本科
Java开发工程师,东华软件股份公司,北京·石景山·古城,面议,3-5年,本科
JAVA/JS/C/C++/Python/go/测试,外企德科数字技术有限公司,上海·浦东·金桥,1.5-3万·14薪,经验不限,本科
JAVA/JS/C/C++/Python/go/测试,外企德科数字技术有限公司,上海·浦东·金桥,1.5-3万·14薪,经验不限,本科
java高级开发,辽宁高比科技有限公司,沈阳·浑南·白塔,8000-10000元,5-10年,本科
java高级开发,辽宁高比科技有限公司,沈阳·浑南·白塔,8000-10000元,5-10年,本科
java中高级工程师,智博融资租赁(深圳)有限公司,重庆·渝北·仙桃,1.1-1.5万·13薪,5-10年,本科
java中高级工程师,智博融资租赁(深圳)有限公司,重庆·渝北·仙桃,1.1-1.5万·13薪,5-10年,本科
软件工程（Java/js/C/C++/Python）六险一金,外企德科数字技术有限公司,上海·青浦·金泽,1.4-2.8万·14薪,经验不限,本科
软件工程（Java/js/C/C++/Python）六险一金,外企德科数字技术有限公司,上海·青浦·金泽,1.4-2.8万·14薪,经验不限,本科
java全栈工程师,上海天牧软件科技股份有限公司,上海·闵行·浦江,1.5-2万,10年以上,大专
java全栈工程师,上海天牧软件科技股份有限公司,上海·闵行·浦江,1.5-2万,10年以上,大专
Java开发（驻场银行）,东华软件股份公司,青岛·市南·香港中路,面议,3-5年,本科
Java开发（驻场银行）,东华软件股份公司,青岛·市南·香港中路,面议,3-5年,本科
Java/C++/python/c/算法岗位,外企德科数字技术有限公司,北京·海淀,1.5-3万,经验不限,本科
Java/C++/python/c/算法岗位,外企德科数字技术有限公司,北京·海淀,1.5-3万,经验不限,本科
后端开发工程师（Java/Python）,北京鑫质世纪科技股份有限公司,北京·东城·和平里,1-2万,3-5年,本科
后端开发工程师（Java/Python）,北京鑫质世纪科技股份有限公司,北京·东城·和平里,1-2万,3-5年,本科
java开发（银企对账）,东华软件股份公司,青岛·市南·香港中路,8000-11000元,3-5年,本科
java开发（银企对账）,东华软件股份公司,青岛·市南·香港中路,8000-11000元,3-5年,本科
测试/前端/后端开发工程师Java/C/C++/Python,外企德科数字技术有限公司,上海·浦东·金桥,1.5-2.8万·14薪,经验不限,本科
测试/前端/后端开发工程师Java/C/C++/Python,外企德科数字技术有限公司,上海·浦东·金桥,1.5-2.8万·14薪,经验不限,本科
全栈开发工程师（java）,北京达邦数据技术有限公司,北京·朝阳·奥运村,1-2万,5-10年,本科
全栈开发工程师（java）,北京达邦数据技术有限公司,北京·朝阳·奥运村,1-2万,5-10年,本科
Java开发工程师,肾泰网健康科技(南京)有限公司,南京·江宁·麒麟,6000-10000元·13薪,1-3年,大专
Java开发工程师,肾泰网健康科技(南京)有限公司,南京·江宁·麒麟,6000-10000元·13薪,1-3年,大专
JAVA/JS/C/C++/Python/go/测试,外企德科数字技术有限公司,南京·雨花台·雨花,1.5-3万·14薪,经验不限,本科
JAVA/JS/C/C++/Python/go/测试,外企德科数字技术有限公司,南京·雨花台·雨花,1.5-3万·14薪,经验不限,本科
Java中级开发（驻场南京-银行项目）,东华软件股份公司,南京·玄武·新街口,8000-11000元,3-5年,本科
Java中级开发（驻场南京-银行项目）,东华软件股份公司,南京·玄武·新街口,8000-11000元,3-5年,本科
java后端工程师,东华医为科技有限公司,西安·雁塔·漳浒寨,7000-12000元,无经验,本科
java后端工程师,东华医为科技有限公司,西安·雁塔·漳浒寨,7000-12000元,无经验,本科
软件开发/测试（JAVA/C/Python/web）等,外企德科数字技术有限公司,杭州·滨江·长河,1.4-2.7万·16薪,经验不限,本科
软件开发/测试（JAVA/C/Python/web）等,外企德科数字技术有限公司,杭州·滨江·长河,1.4-2.7万·16薪,经验不限,本科
Java开发工程师（银行软件）,南京鑫元数信息科技有限公司,南京·玄武·玄武门,6000-11000元·13薪,1-3年,本科
Java开发工程师（银行软件）,南京鑫元数信息科技有限公司,南京·玄武·玄武门,6000-11000元·13薪,1-3年,本科
Java开发工程师（银行软件）,南京鑫元数信息科技有限公司,南京·玄武·玄武门,6000-11000元·13薪,1-3年,本科
Java开发工程师（银行软件）,南京鑫元数信息科技有限公司,南京·玄武·玄武门,6000-11000元·13薪,1-3年,本科
Java后端技术经理（常驻乌鲁木齐）,中科软科技股份有限公司,北京·朝阳·奥运村,2-3万,5-10年,本科
Java后端技术经理（常驻乌鲁木齐）,中科软科技股份有限公司,北京·朝阳·奥运村,2-3万,5-10年,本科
Java开发工程师/大厂自研核心自研项目,外企德科数字技术有限公司,北京·海淀,1.6-2.5万·14薪,1-3年,本科
Java开发工程师/大厂自研核心自研项目,外企德科数字技术有限公司,北京·海淀,1.6-2.5万·14薪,1-3年,本科
中级Java开发工程师,志诚泰和,武汉·武昌,9000-12000元,1-3年,本科
中级Java开发工程师,志诚泰和,武汉·武昌,9000-12000元,1-3年,本科
JAVA工程师-外包 (MJ002189),申通快递,上海·青浦·重固,1.5-2万,3-5年,大专
JAVA工程师-外包 (MJ002189),申通快递,上海·青浦·重固,1.5-2万,3-5年,大专
JAVA/C/C++/Python/go/web开发工程师,外企德科数字技术有限公司,北京·海淀·上地,1.8-3.5万·15薪,经验不限,本科
JAVA/C/C++/Python/go/web开发工程师,外企德科数字技术有限公司,北京·海淀·上地,1.8-3.5万·15薪,经验不限,本科
java实习生,东华软件股份公司,西安·雁塔·漳浒寨,80-100元/天,无经验,本科
java实习生,东华软件股份公司,西安·雁塔·漳浒寨,80-100元/天,无经验,本科
Java工程师-杭州,华美浩联,杭州·拱墅·祥符,1.5-1.8万,3-5年,本科
Java工程师-杭州,华美浩联,杭州·拱墅·祥符,1.5-1.8万,3-5年,本科
Java/C/C++/Python/前端/测试（接受无经验）,外企德科数字技术有限公司,西安·雁塔·漳浒寨,1.2-2.4万·14薪,经验不限,本科
Java/C/C++/Python/前端/测试（接受无经验）,外企德科数字技术有限公司,西安·雁塔·漳浒寨,1.2-2.4万·14薪,经验不限,本科
中高级java工程师,东华医为科技有限公司,北京·海淀·中关村,1.8-3万,3-5年,本科
中高级java工程师,东华医为科技有限公司,北京·海淀·中关村,1.8-3万,3-5年,本科
java高级工程师,中通服公众信息产业股份有限公司,乌鲁木齐·新市区·二工街道,1-1.5万,5-10年,本科
java高级工程师,中通服公众信息产业股份有限公司,乌鲁木齐·新市区·二工街道,1-1.5万,5-10年,本科
全额社保公积金高薪大厂外包java开发工程师,外企德科数字技术有限公司,北京·昌平·北七家,1.6-3万·15薪,3-5年,本科
全额社保公积金高薪大厂外包java开发工程师,外企德科数字技术有限公司,北京·昌平·北七家,1.6-3万·15薪,3-5年,本科
中级java开发软件工程师,合肥常创信息科技有限公司,合肥·庐阳·双岗,5000-10000元,1-3年,本科
中级java开发软件工程师,合肥常创信息科技有限公司,合肥·庐阳·双岗,5000-10000元,1-3年,本科
Java软件工程师,东华软件股份公司,南昌,8000-12000元,3-5年,本科
Java软件工程师,东华软件股份公司,南昌,8000-12000元,3-5年,本科
java软件开发工程师,外企德科数字技术有限公司,成都·郫都·合作街道,1.7-2.5万,经验不限,本科
java软件开发工程师,外企德科数字技术有限公司,成都·郫都·合作街道,1.7-2.5万,经验不限,本科
高级java工程师,东方飞扬(北京)数据信息有限公司,北京·通州·台湖,1.1-1.8万,5-10年,本科
高级java工程师,东方飞扬(北京)数据信息有限公司,北京·通州·台湖,1.1-1.8万,5-10年,本科
中级JAVA开发工程师-济南yhh,东华软件股份公司,济南·历城·孙村,8000-15000元,1-3年,本科
中级JAVA开发工程师-济南yhh,东华软件股份公司,济南·历城·孙村,8000-15000元,1-3年,本科
软件研发工程师（有Java、C、C++、Python、go、JS等）,外企德科数字技术有限公司,成都·郫都·合作街道,1.2-2.4万·14薪,经验不限,本科
软件研发工程师（有Java、C、C++、Python、go、JS等）,外企德科数字技术有限公司,成都·郫都·合作街道,1.2-2.4万·14薪,经验不限,本科
java软件开发工程师,郑州正方科技有限公司,郑州·中原·沟赵,9000-11000元,5-10年,本科
java软件开发工程师,郑州正方科技有限公司,郑州·中原·沟赵,9000-11000元,5-10年,本科
Java开发工程师,东华软件股份公司,成都·武侯·桂溪,面议,1-3年,本科
Java开发工程师,东华软件股份公司,成都·武侯·桂溪,面议,1-3年,本科
Java开发工程师（初中高级均有岗位）,外企德科数字技术有限公司,苏州·工业园区,1.4-2.8万·14薪,经验不限,本科
Java开发工程师（初中高级均有岗位）,外企德科数字技术有限公司,苏州·工业园区,1.4-2.8万·14薪,经验不限,本科
Java开发工程师（初中高级均有岗位）,外企德科数字技术有限公司,苏州·工业园区,1.4-2.8万·14薪,经验不限,本科
Java开发工程师（初中高级均有岗位）,外企德科数字技术有限公司,苏州·工业园区,1.4-2.8万·14薪,经验不限,本科
Java开发工程师,天津工程机械研究院有限公司,天津·北辰·小淀,7000-12000元·14薪,3-5年,本科
Java开发工程师,天津工程机械研究院有限公司,天津·北辰·小淀,7000-12000元·14薪,3-5年,本科
Java中高级后端开发（珠海农发行）,东华软件股份公司,珠海·香洲区·唐家湾镇,1.2-1.4万,5-10年,本科
Java中高级后端开发（珠海农发行）,东华软件股份公司,珠海·香洲区·唐家湾镇,1.2-1.4万,5-10年,本科
Java/C++/C/Python/web/Go/测试/安卓,外企德科数字技术有限公司,苏州·工业园区,1-2万,经验不限,本科
Java/C++/C/Python/web/Go/测试/安卓,外企德科数字技术有限公司,苏州·工业园区,1-2万,经验不限,本科
高级java工程师,韩焙机械科技(上海)有限公司,上海·嘉定·外冈,1.6-2万,5-10年,本科
高级java工程师,韩焙机械科技(上海)有限公司,上海·嘉定·外冈,1.6-2万,5-10年,本科
Java软件开发工程师,合肥常创信息科技有限公司,合肥·庐阳·双岗,8000-13000元·14薪,3-5年,本科
Java软件开发工程师,合肥常创信息科技有限公司,合肥·庐阳·双岗,8000-13000元·14薪,3-5年,本科
java/c++/python后端开发,外企德科数字技术有限公司,深圳·龙华·观湖,1.9-3.5万·15薪,经验不限,本科
java/c++/python后端开发,外企德科数字技术有限公司,深圳·龙华·观湖,1.9-3.5万·15薪,经验不限,本科
JAVA开发工程师,外企德科,北京·朝阳,1.7-1.9万,1-3年,本科
JAVA开发工程师,外企德科,北京·朝阳,1.7-1.9万,1-3年,本科
Java后端技术经理,中科软科技股份有限公司,乌鲁木齐·天山区·新华北路街道,2-3万,5-10年,本科
Java后端技术经理,中科软科技股份有限公司,乌鲁木齐·天山区·新华北路街道,2-3万,5-10年,本科
Java/C/C++/Python/js/软测,外企德科数字技术有限公司,深圳·龙岗·坂田,1.5-3万·14薪,经验不限,学历不限
Java/C/C++/Python/js/软测,外企德科数字技术有限公司,深圳·龙岗·坂田,1.5-3万·14薪,经验不限,学历不限
Java开发,外企德科,杭州·滨江·长河,2-3万,3-5年,本科
Java开发,外企德科,杭州·滨江·长河,2-3万,3-5年,本科
Java后端技术经理（常驻乌鲁木齐）,中科软科技股份有限公司,上海·静安·彭浦,2-3万,5-10年,本科
Java后端技术经理（常驻乌鲁木齐）,中科软科技股份有限公司,上海·静安·彭浦,2-3万,5-10年,本科
java/c++/C/Python/前端开发工程师,外企德科数字技术有限公司,苏州·虎丘,1.5-3万·14薪,经验不限,本科
java/c++/C/Python/前端开发工程师,外企德科数字技术有限公司,苏州·虎丘,1.5-3万·14薪,经验不限,本科
Java工程师,湖北中交航胜科技有限公司,宜昌·西陵区·窑湾街道,8000-12000元,3-5年,大专
Java工程师,湖北中交航胜科技有限公司,宜昌·西陵区·窑湾街道,8000-12000元,3-5年,大专
Java开发软件工程师（中级）,常州发创软件有限公司,常州·新北·三井,8000-12000元·13薪,1-3年,大专
Java开发软件工程师（中级）,常州发创软件有限公司,常州·新北·三井,8000-12000元·13薪,1-3年,大专
Java/C/C++/JS/python/测试/运维开发/数据（接受24届无经验、考研断档）,外企德科数字技术有限公司,南京·雨花台·雨花,1.7-3万·14薪,经验不限,本科
Java/C/C++/JS/python/测试/运维开发/数据（接受24届无经验、考研断档）,外企德科数字技术有限公司,南京·雨花台·雨花,1.7-3万·14薪,经验不限,本科
高级Java开发工程师,爱谱华顿,阜阳·颍州区·清河街道,7000-13000元,3-5年,大专
高级Java开发工程师,爱谱华顿,阜阳·颍州区·清河街道,7000-13000元,3-5年,大专
Java开发工程师（物联网方向）,共致开源(北京)信息科技有限公司,长沙·岳麓·麓谷,8000-16000元,3-5年,本科
Java开发工程师（物联网方向）,共致开源(北京)信息科技有限公司,长沙·岳麓·麓谷,8000-16000元,3-5年,本科
java\python\c\c++\go\js(双休五险一金年终奖),外企德科数字技术有限公司,上海·青浦·金泽,1.5-3万·14薪,经验不限,本科
java\python\c\c++\go\js(双休五险一金年终奖),外企德科数字技术有限公司,上海·青浦·金泽,1.5-3万·14薪,经验不限,本科
java全栈工程师,东华软件股份公司,天津·西青·西营门,120-200元/天,无经验,本科
java全栈工程师,东华软件股份公司,天津·西青·西营门,120-200元/天,无经验,本科
Java开发工程师,东方飞扬(北京)数据信息有限公司,北京·通州·台湖,1-1.3万,3-5年,大专
Java开发工程师,东方飞扬(北京)数据信息有限公司,北京·通州·台湖,1-1.3万,3-5年,大专
Java开发工程师,东方飞扬(北京)数据信息有限公司,北京·通州·台湖,1-1.3万,3-5年,大专
Java开发工程师,东方飞扬(北京)数据信息有限公司,北京·通州·台湖,1-1.3万,3-5年,大专
java软件开发工程师,外企德科数字技术有限公司,深圳·龙岗·坂田,1-2万,经验不限,本科
java软件开发工程师,外企德科数字技术有限公司,深圳·龙岗·坂田,1-2万,经验不限,本科
Java开发工程师（驻场银行）,东华软件股份公司,银川·兴庆区·月牙湖乡,面议,3-5年,本科
Java开发工程师（驻场银行）,东华软件股份公司,银川·兴庆区·月牙湖乡,面议,3-5年,本科
初级java开发工程师,重庆捷旭科技有限公司,重庆·渝北·天宫殿,7000-10000元,3-5年,本科
初级java开发工程师,重庆捷旭科技有限公司,重庆·渝北·天宫殿,7000-10000元,3-5年,本科
Java/C/C++软件开发/测试工程师（双休+五险一金+年终奖）,外企德科数字技术有限公司,苏州·工业园区,1.9-3.5万·16薪,经验不限,本科
Java/C/C++软件开发/测试工程师（双休+五险一金+年终奖）,外企德科数字技术有限公司,苏州·工业园区,1.9-3.5万·16薪,经验不限,本科
Java,瞬联软件科技(北京)有限公司,苏州·昆山·巴城,1.2-1.4万·13薪,3-5年,本科
Java,瞬联软件科技(北京)有限公司,苏州·昆山·巴城,1.2-1.4万·13薪,3-5年,本科
java软件工程师,潍坊中财信信息科技股份有限公司,潍坊·奎文·新城,7000-14000元·13薪,3-5年,本科
java软件工程师,潍坊中财信信息科技股份有限公司,潍坊·奎文·新城,7000-14000元·13薪,3-5年,本科
java软件开发工程师,外企德科数字技术有限公司,武汉·江夏·豹澥,1-2万,经验不限,本科
java软件开发工程师,外企德科数字技术有限公司,武汉·江夏·豹澥,1-2万,经验不限,本科
Java开发,外企德科,杭州·滨江·长河,2-3万,5-10年,本科
Java开发,外企德科,杭州·滨江·长河,2-3万,5-10年,本科
Java后端技术经理（常驻乌鲁木齐）,中科软科技股份有限公司,沈阳·和平·马路湾,2-3万,5-10年,本科
Java后端技术经理（常驻乌鲁木齐）,中科软科技股份有限公司,沈阳·和平·马路湾,2-3万,5-10年,本科
Java开发工程师（初中高级均有岗位）,外企德科数字技术有限公司,杭州·滨江·长河,1.7-3万·14薪,经验不限,本科
Java开发工程师（初中高级均有岗位）,外企德科数字技术有限公司,杭州·滨江·长河,1.7-3万·14薪,经验不限,本科
后端JAVA开发（企业直招/光储/新能源）,外企德科,上海·闵行·浦江,2.2-4万,3-5年,硕士
后端JAVA开发（企业直招/光储/新能源）,外企德科,上海·闵行·浦江,2.2-4万,3-5年,硕士
软件开发/测试（JAVA/C/Python/web）等,外企德科数字技术有限公司,长沙·开福·月湖,1.4-2.7万·16薪,经验不限,本科
软件开发/测试（JAVA/C/Python/web）等,外企德科数字技术有限公司,长沙·开福·月湖,1.4-2.7万·16薪,经验不限,本科
数据开发工程师（懂JAVA）,外企德科数字技术有限公司,西安·长安·郭杜,8000-13000元·14薪,经验不限,大专
数据开发工程师（懂JAVA）,外企德科数字技术有限公司,西安·长安·郭杜,8000-13000元·14薪,经验不限,大专
Java开发工程师/大厂自研核心项目,外企德科数字技术有限公司,苏州·虎丘,1.6-2.6万·14薪,经验不限,本科
Java开发工程师/大厂自研核心项目,外企德科数字技术有限公司,苏州·虎丘,1.6-2.6万·14薪,经验不限,本科
Java/C/C++/Python/Go开发工程师,外企德科数字技术有限公司,成都·郫都·合作街道,1.3-2.6万,3-5年,本科
Java/C/C++/Python/Go开发工程师,外企德科数字技术有限公司,成都·郫都·合作街道,1.3-2.6万,3-5年,本科
JAVA /C++/js/Python/测试开发工程师（接受应届，导师带教）,外企德科数字技术有限公司,深圳·龙岗·坂田,1.5-3万·14薪,经验不限,本科
JAVA /C++/js/Python/测试开发工程师（接受应届，导师带教）,外企德科数字技术有限公司,深圳·龙岗·坂田,1.5-3万·14薪,经验不限,本科
Java/C++/python/c/算法岗位,外企德科数字技术有限公司,东莞·大朗镇,1.5-3万,经验不限,本科
Java/C++/python/c/算法岗位,外企德科数字技术有限公司,东莞·大朗镇,1.5-3万,经验不限,本科
大厂外包高薪java开发工程师,外企德科数字技术有限公司,深圳·宝安·新安,1.6-1.8万,3-5年,本科
大厂外包高薪java开发工程师,外企德科数字技术有限公司,深圳·宝安·新安,1.6-1.8万,3-5年,本科
软件开发（多语言 Java Python C/C++js等测试）接受无经验,外企德科数字技术有限公司,北京·海淀,1.4-2.8万·14薪,经验不限,本科
软件开发（多语言 Java Python C/C++js等测试）接受无经验,外企德科数字技术有限公司,北京·海淀,1.4-2.8万·14薪,经验不限,本科
后/前端开发、测试【24/25/无经验也可投】接受java、c＋＋、js不限语言,外企德科数字技术有限公司,成都·郫都·合作街道,1.5-3万·14薪,经验不限,本科
后/前端开发、测试【24/25/无经验也可投】接受java、c＋＋、js不限语言,外企德科数字技术有限公司,成都·郫都·合作街道,1.5-3万·14薪,经验不限,本科
后/前端开发、测试【24/25/无经验也可投】接受java、c＋＋、js不限语言,外企德科数字技术有限公司,成都·郫都·合作街道,1.5-3万·14薪,经验不限,本科
后/前端开发、测试【24/25/无经验也可投】接受java、c＋＋、js不限语言,外企德科数字技术有限公司,成都·郫都·合作街道,1.5-3万·14薪,经验不限,本科
中高级java工程师-分布式,外企德科数字技术有限公司,西安·雁塔·漳浒寨,1.4-2.8万·14薪,3-5年,本科
中高级java工程师-分布式,外企德科数字技术有限公司,西安·雁塔·漳浒寨,1.4-2.8万·14薪,3-5年,本科
JAVA/C++/JS/python/GO等通用开发工程师,外企德科数字技术有限公司,上海·浦东·金桥,1.5-3万·14薪,经验不限,本科
JAVA/C++/JS/python/GO等通用开发工程师,外企德科数字技术有限公司,上海·浦东·金桥,1.5-3万·14薪,经验不限,本科
中高级java工程师-分布式,外企德科数字技术有限公司,上海·青浦·金泽,1.4-2.8万·14薪,3-5年,本科
中高级java工程师-分布式,外企德科数字技术有限公司,上海·青浦·金泽,1.4-2.8万·14薪,3-5年,本科
java软件开发工程师,外企德科数字技术有限公司,南京·雨花台·雨花,1.2-2.4万,经验不限,本科
java软件开发工程师,外企德科数字技术有限公司,南京·雨花台·雨花,1.2-2.4万,经验不限,本科
c/c++/java/python开发/测试【base广州】,外企德科数字技术有限公司,广州·白云·松洲,1.2-1.8万·14薪,经验不限,本科
c/c++/java/python开发/测试【base广州】,外企德科数字技术有限公司,广州·白云·松洲,1.2-1.8万·14薪,经验不限,本科
java开发高级工程师,外企德科数字技术有限公司,北京·朝阳·东湖,1.7-1.8万,5-10年,本科
java开发高级工程师,外企德科数字技术有限公司,北京·朝阳·东湖,1.7-1.8万,5-10年,本科
java/Python/C/C++/JS/AI算法/软件测试,外企德科数字技术有限公司,上海·浦东·金桥,1.5-3万,1-3年,本科
java/Python/C/C++/JS/AI算法/软件测试,外企德科数字技术有限公司,上海·浦东·金桥,1.5-3万,1-3年,本科
java/c++/C/Python/前端开发工程师,外企德科数字技术有限公司,深圳·龙岗·坂田,1.5-3万·14薪,经验不限,本科
java/c++/C/Python/前端开发工程师,外企德科数字技术有限公司,深圳·龙岗·坂田,1.5-3万·14薪,经验不限,本科
Java/C/C++/JS/python/测试/运维开发/数据（接受24届无经验、考研断档等）,外企德科数字技术有限公司,上海·浦东·金桥,1.7-3万·14薪,经验不限,本科
Java/C/C++/JS/python/测试/运维开发/数据（接受24届无经验、考研断档等）,外企德科数字技术有限公司,上海·浦东·金桥,1.7-3万·14薪,经验不限,本科
前端/Java/Python/C/C++/go开发工程师,外企德科数字技术有限公司,合肥·蜀山·笔架山,2-4万·14薪,经验不限,本科
前端/Java/Python/C/C++/go开发工程师,外企德科数字技术有限公司,合肥·蜀山·笔架山,2-4万·14薪,经验不限,本科
Java/C/C++/JS/python/测试/运维开发/数据（接受24届无经验、考研断档）,外企德科数字技术有限公司,杭州·滨江·长河,1.7-3万·14薪,经验不限,本科
Java/C/C++/JS/python/测试/运维开发/数据（接受24届无经验、考研断档）,外企德科数字技术有限公司,杭州·滨江·长河,1.7-3万·14薪,经验不限,本科
C/C++/python/Java/JS/测试/算法所有语言都有招聘,外企德科数字技术有限公司,南京·雨花台·铁心桥,1.2-2.4万,经验不限,本科
C/C++/python/Java/JS/测试/算法所有语言都有招聘,外企德科数字技术有限公司,南京·雨花台·铁心桥,1.2-2.4万,经验不限,本科
java软件开发工程师,外企德科数字技术有限公司,北京·朝阳·大屯,1.6-1.8万,3-5年,本科
java软件开发工程师,外企德科数字技术有限公司,北京·朝阳·大屯,1.6-1.8万,3-5年,本科
C++/C/Java/python/GO/JS/算法（所有语言都有招聘）,外企德科数字技术有限公司,武汉·江夏·豹澥,1.3-2.6万·15薪,经验不限,本科
C++/C/Java/python/GO/JS/算法（所有语言都有招聘）,外企德科数字技术有限公司,武汉·江夏·豹澥,1.3-2.6万·15薪,经验不限,本科
Java/C++/C/Python/GO/JS,外企德科数字技术有限公司,上海·浦东·金桥,1.2-2.4万·15薪,经验不限,本科
Java/C++/C/Python/GO/JS,外企德科数字技术有限公司,上海·浦东·金桥,1.2-2.4万·15薪,经验不限,本科
软件开发（多语言 Java Python C/C++js等测试,外企德科数字技术有限公司,杭州·滨江·长河,1.2-2.4万,经验不限,本科
软件开发（多语言 Java Python C/C++js等测试,外企德科数字技术有限公司,杭州·滨江·长河,1.2-2.4万,经验不限,本科
Java/C++/python/c/算法岗位,外企德科数字技术有限公司,成都·郫都·合作街道,1.5-3万,经验不限,本科
Java/C++/python/c/算法岗位,外企德科数字技术有限公司,成都·郫都·合作街道,1.5-3万,经验不限,本科
JAVA（深圳）考公考研失败可，无经验可,外企德科数字技术有限公司,深圳·龙岗·坂田,1.5-3万·14薪,无经验,本科
JAVA（深圳）考公考研失败可，无经验可,外企德科数字技术有限公司,深圳·龙岗·坂田,1.5-3万·14薪,无经验,本科
Java/C/C++/Python/前端/测试（接受应届）,外企德科数字技术有限公司,苏州·工业园区,1.6-2.6万·14薪,经验不限,本科
Java/C/C++/Python/前端/测试（接受应届）,外企德科数字技术有限公司,苏州·工业园区,1.6-2.6万·14薪,经验不限,本科
Java/python/JS/C+＋开发/测试(核心项目),外企德科数字技术有限公司,深圳·龙岗·坂田,1.5-3万·14薪,无经验,本科
Java/python/JS/C+＋开发/测试(核心项目),外企德科数字技术有限公司,深圳·龙岗·坂田,1.5-3万·14薪,无经验,本科
Java/python/JS/C+＋开发/测试(核心项目),外企德科数字技术有限公司,深圳·龙岗·坂田,1.5-3万·14薪,无经验,本科
Java/python/JS/C+＋开发/测试(核心项目),外企德科数字技术有限公司,深圳·龙岗·坂田,1.5-3万·14薪,无经验,本科
java/c++/python后端开发/软件测试,外企德科数字技术有限公司,深圳·龙岗·坂田,1.5-3万·16薪,经验不限,本科
java/c++/python后端开发/软件测试,外企德科数字技术有限公司,深圳·龙岗·坂田,1.5-3万·16薪,经验不限,本科
软件开发/测试（JAVA/C/Python/web）等,外企德科数字技术有限公司,上海·青浦·金泽,1.4-2.7万·16薪,经验不限,本科
软件开发/测试（JAVA/C/Python/web）等,外企德科数字技术有限公司,上海·青浦·金泽,1.4-2.7万·16薪,经验不限,本科
Java/C/C++/Python/前端/测试（接受应届）,外企德科数字技术有限公司,武汉·江夏·豹澥,1.5-3万·14薪,经验不限,本科
Java/C/C++/Python/前端/测试（接受应届）,外企德科数字技术有限公司,武汉·江夏·豹澥,1.5-3万·14薪,经验不限,本科
软件开发测试工程师（c++、c、java、python）,外企德科数字技术有限公司,武汉·江夏·豹澥,1.1-1.4万,经验不限,学历不限
软件开发测试工程师（c++、c、java、python）,外企德科数字技术有限公司,武汉·江夏·豹澥,1.1-1.4万,经验不限,学历不限
java中高级工程师(15-40k/14-16薪/双休),外企德科数字技术有限公司,深圳·龙岗·坂田,1.5-3万·14薪,经验不限,本科
java中高级工程师(15-40k/14-16薪/双休),外企德科数字技术有限公司,深圳·龙岗·坂田,1.5-3万·14薪,经验不限,本科
软件开发工程师（Java/C/C++/python),外企德科数字技术有限公司,西安·雁塔·漳浒寨,1.5-3万·14薪,经验不限,本科
软件开发工程师（Java/C/C++/python),外企德科数字技术有限公司,西安·雁塔·漳浒寨,1.5-3万·14薪,经验不限,本科
测试/前端/后端开发工程师Java/C/C++/JS/Python,外企德科数字技术有限公司,上海·浦东·金桥,1.4-2.8万·14薪,经验不限,本科
测试/前端/后端开发工程师Java/C/C++/JS/Python,外企德科数字技术有限公司,上海·浦东·金桥,1.4-2.8万·14薪,经验不限,本科
软件测试工程师（Java、C、C++、python）,外企德科数字技术有限公司,东莞·大朗镇,1.3-1.6万,经验不限,学历不限
软件测试工程师（Java、C、C++、python）,外企德科数字技术有限公司,东莞·大朗镇,1.3-1.6万,经验不限,学历不限
JAVA/C/C++/Python/go/web开发工程师,外企德科数字技术有限公司,武汉·江夏·豹澥,1.8-3.5万·15薪,经验不限,本科
JAVA/C/C++/Python/go/web开发工程师,外企德科数字技术有限公司,武汉·江夏·豹澥,1.8-3.5万·15薪,经验不限,本科
Java开发工程师/大厂自研核心自研项目,外企德科数字技术有限公司,深圳·龙岗·坂田,1.6-2.5万·14薪,1-3年,本科
Java开发工程师/大厂自研核心自研项目,外企德科数字技术有限公司,深圳·龙岗·坂田,1.6-2.5万·14薪,1-3年,本科
java软件开发工程师,外企德科数字技术有限公司,深圳·龙岗·坂田,1.3-2.3万,经验不限,本科
java软件开发工程师,外企德科数字技术有限公司,深圳·龙岗·坂田,1.3-2.3万,经验不限,本科
Java/C/C++/Python/前端/测试（接受应届）,外企德科数字技术有限公司,深圳·龙岗·坂田,1.5-3万·14薪,经验不限,本科
Java/C/C++/Python/前端/测试（接受应届）,外企德科数字技术有限公司,深圳·龙岗·坂田,1.5-3万·14薪,经验不限,本科
软件开发工程师(Java/Python/C/C++/Js),外企德科数字技术有限公司,上海·青浦·金泽,1.5-3万,经验不限,本科
软件开发工程师(Java/Python/C/C++/Js),外企德科数字技术有限公司,上海·青浦·金泽,1.5-3万,经验不限,本科
软件开发（多语言 Java Python C/C++js等测试,外企德科数字技术有限公司,武汉·江夏·豹澥,1.2-2.4万,经验不限,本科
软件开发（多语言 Java Python C/C++js等测试,外企德科数字技术有限公司,武汉·江夏·豹澥,1.2-2.4万,经验不限,本科
java开发工程师（接受25届，导师带教）,外企德科数字技术有限公司,东莞·大朗镇,1.5-3万·14薪,经验不限,本科
java开发工程师（接受25届，导师带教）,外企德科数字技术有限公司,东莞·大朗镇,1.5-3万·14薪,经验不限,本科
Java/前端/测试,外企德科数字技术有限公司,长沙·岳麓·洋湖,1.1-2万·14薪,5-10年,本科
Java/前端/测试,外企德科数字技术有限公司,长沙·岳麓·洋湖,1.1-2万·14薪,5-10年,本科
java/c++/python后端开发/软件测试,外企德科数字技术有限公司,长沙·岳麓·咸嘉湖,1.5-3万·16薪,经验不限,本科
java/c++/python后端开发/软件测试,外企德科数字技术有限公司,长沙·岳麓·咸嘉湖,1.5-3万·16薪,经验不限,本科
JAVA/C/C++/Python/go/web开发工程师 全国岗14薪，全额社保公积金 应届生/考研/考公失败可投,外企德科数字技术有限公司,北京·海淀·上地,1.5-3万·14薪,经验不限,本科
JAVA/C/C++/Python/go/web开发工程师 全国岗14薪，全额社保公积金 应届生/考研/考公失败可投,外企德科数字技术有限公司,北京·海淀·上地,1.5-3万·14薪,经验不限,本科
月薪15-35k/java/c++/python后端开发/,外企德科数字技术有限公司,上海·青浦·金泽,1.5-3万·14薪,经验不限,本科
月薪15-35k/java/c++/python后端开发/,外企德科数字技术有限公司,上海·青浦·金泽,1.5-3万·14薪,经验不限,本科
Java/C/C++/Python/Go开发工程师,外企德科数字技术有限公司,南京·雨花台·雨花,1.3-2.6万,1-3年,本科
Java/C/C++/Python/Go开发工程师,外企德科数字技术有限公司,南京·雨花台·雨花,1.3-2.6万,1-3年,本科
Java/C/C++/Python/Go开发工程师,外企德科数字技术有限公司,南京·雨花台·雨花,1.3-2.6万,1-3年,本科
Java/C/C++/Python/Go开发工程师,外企德科数字技术有限公司,南京·雨花台·雨花,1.3-2.6万,1-3年,本科
Java/c/c++/python/js软件开发工程师,外企德科数字技术有限公司,武汉·江夏·豹澥,1.4-2.8万·14薪,经验不限,本科
Java/c/c++/python/js软件开发工程师,外企德科数字技术有限公司,武汉·江夏·豹澥,1.4-2.8万·14薪,经验不限,本科
java开发工程师,外企德科数字技术有限公司,杭州·滨江·长河,1.6-2.8万·15薪,经验不限,本科
java开发工程师,外企德科数字技术有限公司,杭州·滨江·长河,1.6-2.8万·15薪,经验不限,本科
Java软件开发工程师，应届生也可培养,外企德科数字技术有限公司,武汉·江夏·豹澥,1.5-3万·14薪,无经验,本科
Java软件开发工程师，应届生也可培养,外企德科数字技术有限公司,武汉·江夏·豹澥,1.5-3万·14薪,无经验,本科
java/c++/python后端开发/软件测试,外企德科数字技术有限公司,武汉·江夏·豹澥,1.5-3万·16薪,经验不限,本科
java/c++/python后端开发/软件测试,外企德科数字技术有限公司,武汉·江夏·豹澥,1.5-3万·16薪,经验不限,本科
Java开发工程师（初中高级均有岗位）,外企德科数字技术有限公司,东莞·大朗镇,1.6-3万·14薪,经验不限,本科
Java开发工程师（初中高级均有岗位）,外企德科数字技术有限公司,东莞·大朗镇,1.6-3万·14薪,经验不限,本科
Java/C/C++/Python/JS 软件开发（多部门推荐）,外企德科数字技术有限公司,上海·浦东·金桥,1.8-3.5万·14薪,经验不限,本科
Java/C/C++/Python/JS 软件开发（多部门推荐）,外企德科数字技术有限公司,上海·浦东·金桥,1.8-3.5万·14薪,经验不限,本科
Java/C/C++/Python/JS 软件开发（多部门推荐）,外企德科数字技术有限公司,深圳·龙岗·坂田,1.8-3.5万·14薪,经验不限,本科
Java/C/C++/Python/JS 软件开发（多部门推荐）,外企德科数字技术有限公司,深圳·龙岗·坂田,1.8-3.5万·14薪,经验不限,本科
JAVA工程师　五险一金最高缴纳比例　年终奖,外企德科数字技术有限公司,武汉·江夏·豹澥,1.5-3万,经验不限,本科
JAVA工程师　五险一金最高缴纳比例　年终奖,外企德科数字技术有限公司,武汉·江夏·豹澥,1.5-3万,经验不限,本科
软件开发工程师（Java/C/C++/python),外企德科数字技术有限公司,东莞·常平镇,1.5-3万·14薪,经验不限,本科
软件开发工程师（Java/C/C++/python),外企德科数字技术有限公司,东莞·常平镇,1.5-3万·14薪,经验不限,本科
JAVA/C++/C/Python 14薪双休 应届生可投,外企德科数字技术有限公司,武汉·硚口·长丰,1.5-3万,经验不限,本科
JAVA/C++/C/Python 14薪双休 应届生可投,外企德科数字技术有限公司,武汉·硚口·长丰,1.5-3万,经验不限,本科
初级开发【Java/python/C++】【25届/24届无经验可投】,外企德科数字技术有限公司,北京·海淀,1-1.8万·14薪,1年以下,本科
初级开发【Java/python/C++】【25届/24届无经验可投】,外企德科数字技术有限公司,北京·海淀,1-1.8万·14薪,1年以下,本科
Java/Python/C/C++/测试/算法/前端岗,外企德科数字技术有限公司,西安·雁塔·漳浒寨,1.2-2.4万·14薪,经验不限,本科
Java/Python/C/C++/测试/算法/前端岗,外企德科数字技术有限公司,西安·雁塔·漳浒寨,1.2-2.4万·14薪,经验不限,本科
Java/C++/C/python/测试工程师（接受25届，导师带教）,外企德科数字技术有限公司,上海·浦东·金桥,1.5-3万·14薪,经验不限,本科
Java/C++/C/python/测试工程师（接受25届，导师带教）,外企德科数字技术有限公司,上海·浦东·金桥,1.5-3万·14薪,经验不限,本科
java开发软件工程师,外企德科数字技术有限公司,上海·杨浦·大桥,1.7-1.8万,3-5年,本科
java开发软件工程师,外企德科数字技术有限公司,上海·杨浦·大桥,1.7-1.8万,3-5年,本科
java软件开发工程师,外企德科数字技术有限公司,上海·浦东·金桥,1.6-3万,经验不限,本科
java软件开发工程师,外企德科数字技术有限公司,上海·浦东·金桥,1.6-3万,经验不限,本科
Java开发工程师,外企德科数字技术有限公司,上海·浦东·金桥,1.7-2.7万,经验不限,本科
Java开发工程师,外企德科数字技术有限公司,上海·浦东·金桥,1.7-2.7万,经验不限,本科
Java/C/C++（急急急，诚聘）,外企德科数字技术有限公司,上海·青浦·金泽,1.4-2.6万,1-3年,学历不限
Java/C/C++（急急急，诚聘）,外企德科数字技术有限公司,上海·青浦·金泽,1.4-2.6万,1-3年,学历不限
java/c++/python后端开发/,外企德科数字技术有限公司,上海·青浦·金泽,1.8-3.5万·16薪,经验不限,本科
java/c++/python后端开发/,外企德科数字技术有限公司,上海·青浦·金泽,1.8-3.5万·16薪,经验不限,本科
C/C++/Java/JS/Python/Go软件开发【全国有岗位 可接受应届】,外企德科数字技术有限公司,杭州·滨江·西兴,1.5-3万·14薪,经验不限,本科
C/C++/Java/JS/Python/Go软件开发【全国有岗位 可接受应届】,外企德科数字技术有限公司,杭州·滨江·西兴,1.5-3万·14薪,经验不限,本科
Java开发工程师（核心业务，双休，应届可投）,外企德科数字技术有限公司,南京·雨花台·雨花,1.5-3万·15薪,1-3年,本科
Java开发工程师（核心业务，双休，应届可投）,外企德科数字技术有限公司,南京·雨花台·雨花,1.5-3万·15薪,1-3年,本科
Java开发工程师（核心业务，双休，应届可投）,外企德科数字技术有限公司,南京·雨花台·雨花,1.5-3万·15薪,1-3年,本科
Java开发工程师（核心业务，双休，应届可投）,外企德科数字技术有限公司,南京·雨花台·雨花,1.5-3万·15薪,1-3年,本科
java软件开发工程师,外企德科数字技术有限公司,西安·雁塔·漳浒寨,1-2万·16薪,经验不限,本科
java软件开发工程师,外企德科数字技术有限公司,西安·雁塔·漳浒寨,1-2万·16薪,经验不限,本科
JAVA/ Python/C/C++/GO/数据开发,外企德科数字技术有限公司,武汉·江夏·豹澥,1.8-3万,经验不限,本科
JAVA/ Python/C/C++/GO/数据开发,外企德科数字技术有限公司,武汉·江夏·豹澥,1.8-3万,经验不限,本科
java/Python/C/C++/JS/AI算法/软件测试,外企德科数字技术有限公司,济南·历下·龙洞,2-4万·14薪,经验不限,本科
java/Python/C/C++/JS/AI算法/软件测试,外企德科数字技术有限公司,济南·历下·龙洞,2-4万·14薪,经验不限,本科
JAVA/ Python/C/C++/GO/数据开发,外企德科数字技术有限公司,南京·雨花台·雨花,1.7-3万,经验不限,本科
JAVA/ Python/C/C++/GO/数据开发,外企德科数字技术有限公司,南京·雨花台·雨花,1.7-3万,经验不限,本科
JAVA/C/C++/Python/go/web开发工程师 全国岗14薪，全额社保公积金 应届生/考研/考公失败可投,外企德科数字技术有限公司,深圳·龙岗·坂田,1.5-3万·14薪,经验不限,本科
JAVA/C/C++/Python/go/web开发工程师 全国岗14薪，全额社保公积金 应届生/考研/考公失败可投,外企德科数字技术有限公司,深圳·龙岗·坂田,1.5-3万·14薪,经验不限,本科
软件开发（多语言 Java Python C/C++js等测试,外企德科数字技术有限公司,上海·青浦·金泽,1.2-2.4万,经验不限,本科
软件开发（多语言 Java Python C/C++js等测试,外企德科数字技术有限公司,上海·青浦·金泽,1.2-2.4万,经验不限,本科
JAVA/C/C++/Python/go/web开发工程师 全国岗14薪，全额社保公积金 应届生/考研/考公失败可投,外企德科数字技术有限公司,苏州·虎丘,1.5-3万·14薪,经验不限,本科
JAVA/C/C++/Python/go/web开发工程师 全国岗14薪，全额社保公积金 应届生/考研/考公失败可投,外企德科数字技术有限公司,苏州·虎丘,1.5-3万·14薪,经验不限,本科
java软件开发工程师,外企德科数字技术有限公司,杭州·滨江·长河,1-2万,经验不限,本科
java软件开发工程师,外企德科数字技术有限公司,杭州·滨江·长河,1-2万,经验不限,本科
Java软件开发工程师，应届生也可培养,外企德科数字技术有限公司,西安·雁塔·漳浒寨,1.5-3万·14薪,无经验,本科
Java软件开发工程师，应届生也可培养,外企德科数字技术有限公司,西安·雁塔·漳浒寨,1.5-3万·14薪,无经验,本科
软件开发（多语言 Java Python C/C++js等测试,外企德科数字技术有限公司,苏州·工业园区,1.2-2.4万,经验不限,本科
软件开发（多语言 Java Python C/C++js等测试,外企德科数字技术有限公司,苏州·工业园区,1.2-2.4万,经验不限,本科
软件开发（多语言 Java Python C/C++js等测试,外企德科数字技术有限公司,西安·雁塔·漳浒寨,1.2-2.4万,经验不限,本科
软件开发（多语言 Java Python C/C++js等测试,外企德科数字技术有限公司,西安·雁塔·漳浒寨,1.2-2.4万,经验不限,本科
Java开发工程师/大厂自研核心自研项目,外企德科数字技术有限公司,北京·昌平·北七家,1.6-3万·14薪,经验不限,本科
Java开发工程师/大厂自研核心自研项目,外企德科数字技术有限公司,北京·昌平·北七家,1.6-3万·14薪,经验不限,本科
Java软件开发工程师，应届生也可培养,外企德科数字技术有限公司,杭州·滨江·长河,1.5-3万·14薪,无经验,本科
Java软件开发工程师，应届生也可培养,外企德科数字技术有限公司,杭州·滨江·长河,1.5-3万·14薪,无经验,本科
JAVA（武汉）考公考研失败可，无经验可,外企德科数字技术有限公司,武汉·江夏·豹澥,1.5-3万·14薪,无经验,本科
JAVA（武汉）考公考研失败可，无经验可,外企德科数字技术有限公司,武汉·江夏·豹澥,1.5-3万·14薪,无经验,本科
java/go后端开发工程师-北京-互联网大厂OD,外企德科数字技术有限公司,北京·海淀·学院路,2-3万,3-5年,本科
java/go后端开发工程师-北京-互联网大厂OD,外企德科数字技术有限公司,北京·海淀·学院路,2-3万,3-5年,本科
软件开发（多语言 Java Python C/C++js等测试）,外企德科数字技术有限公司,杭州·滨江·长河,1.2-2.4万,经验不限,本科
软件开发（多语言 Java Python C/C++js等测试）,外企德科数字技术有限公司,杭州·滨江·长河,1.2-2.4万,经验不限,本科
Java/C/C++/python/测试工程师，岗位多,外企德科数字技术有限公司,上海·青浦·金泽,1.3-2.6万·14薪,无经验,本科
Java/C/C++/python/测试工程师，岗位多,外企德科数字技术有限公司,上海·青浦·金泽,1.3-2.6万·14薪,无经验,本科
Java后端开发工程师　五险一金最高缴纳比例　年终奖,外企德科数字技术有限公司,武汉·江夏·豹澥,1.5-3万·16薪,1-3年,本科
Java后端开发工程师　五险一金最高缴纳比例　年终奖,外企德科数字技术有限公司,武汉·江夏·豹澥,1.5-3万·16薪,1-3年,本科
Java/ Web/ C开发/ 测试/算法/数据开发,外企德科数字技术有限公司,杭州·滨江·长河,1.6-3万·16薪,经验不限,本科
Java/ Web/ C开发/ 测试/算法/数据开发,外企德科数字技术有限公司,杭州·滨江·长河,1.6-3万·16薪,经验不限,本科
Java开发工程师（初中高级均有岗位）,外企德科数字技术有限公司,南京·雨花台·雨花,1.5-3万,3-5年,本科
Java开发工程师（初中高级均有岗位）,外企德科数字技术有限公司,南京·雨花台·雨花,1.5-3万,3-5年,本科
Java开发工程师（初中高级均有岗位）,外企德科数字技术有限公司,南京·雨花台·雨花,1.5-3万,3-5年,本科
Java开发工程师（初中高级均有岗位）,外企德科数字技术有限公司,南京·雨花台·雨花,1.5-3万,3-5年,本科
JAVA/ Python/C/C++/GO/数据开发/测试,外企德科数字技术有限公司,成都·郫都·合作街道,1.5-3万·14薪,无经验,本科
JAVA/ Python/C/C++/GO/数据开发/测试,外企德科数字技术有限公司,成都·郫都·合作街道,1.5-3万·14薪,无经验,本科
软件通用岗位/接受应届考研考公失败 java/python/C++/测试/C/GO/大数据开发,外企德科数字技术有限公司,上海·浦东·金桥,1.5-3万·14薪,经验不限,本科
软件通用岗位/接受应届考研考公失败 java/python/C++/测试/C/GO/大数据开发,外企德科数字技术有限公司,上海·浦东·金桥,1.5-3万·14薪,经验不限,本科
Java开发工程师,外企德科数字技术有限公司,深圳·龙岗·坂田,1.2-2.4万·14薪,经验不限,本科
Java开发工程师,外企德科数字技术有限公司,深圳·龙岗·坂田,1.2-2.4万·14薪,经验不限,本科
java软件开发工程师,外企德科数字技术有限公司,北京·朝阳·东湖,1.5-1.8万,3-5年,大专
java软件开发工程师,外企德科数字技术有限公司,北京·朝阳·东湖,1.5-1.8万,3-5年,大专
软件开发（多语言 Java Python C/C++js等测试,外企德科数字技术有限公司,苏州·工业园区,1.2-2.4万,经验不限,本科
软件开发（多语言 Java Python C/C++js等测试,外企德科数字技术有限公司,苏州·工业园区,1.2-2.4万,经验不限,本科
JAVA/ Python/C/C++/Go/测试-智能汽车解决方案BU,外企德科数字技术有限公司,苏州·工业园区,1.5-3万·14薪,经验不限,本科
JAVA/ Python/C/C++/Go/测试-智能汽车解决方案BU,外企德科数字技术有限公司,苏州·工业园区,1.5-3万·14薪,经验不限,本科
Java/C/C++/Python/JS 软件开发（多部门推荐）,外企德科数字技术有限公司,苏州·虎丘,1.6-3万·14薪,经验不限,本科
Java/C/C++/Python/JS 软件开发（多部门推荐）,外企德科数字技术有限公司,苏州·虎丘,1.6-3万·14薪,经验不限,本科
JAVA/C/C++/Python/go/web开发工程师 全国岗14薪，全额社保公积金 应届生/考研/考公失败可投,外企德科数字技术有限公司,武汉·江夏·豹澥,1.5-3万·14薪,经验不限,本科
JAVA/C/C++/Python/go/web开发工程师 全国岗14薪，全额社保公积金 应届生/考研/考公失败可投,外企德科数字技术有限公司,武汉·江夏·豹澥,1.5-3万·14薪,经验不限,本科
python/java/c/c++/测试/算法,外企德科数字技术有限公司,上海·浦东·金桥,1.5-3万·14薪,经验不限,本科
python/java/c/c++/测试/算法,外企德科数字技术有限公司,上海·浦东·金桥,1.5-3万·14薪,经验不限,本科
Java/C/C++/Python/JS 软件开发（多部门推荐）,外企德科数字技术有限公司,武汉·江夏·豹澥,1.5-3万·14薪,经验不限,本科
Java/C/C++/Python/JS 软件开发（多部门推荐）,外企德科数字技术有限公司,武汉·江夏·豹澥,1.5-3万·14薪,经验不限,本科
C/C#/C++/python/java/,外企德科数字技术有限公司,武汉·江夏·豹澥,1-2万,经验不限,本科
C/C#/C++/python/java/,外企德科数字技术有限公司,武汉·江夏·豹澥,1-2万,经验不限,本科
软件开发工程师(Java/C/C++/Python/Js),外企德科数字技术有限公司,深圳·龙岗·坂田,1.5-3万,经验不限,本科
软件开发工程师(Java/C/C++/Python/Js),外企德科数字技术有限公司,深圳·龙岗·坂田,1.5-3万,经验不限,本科
后/前端开发、测试【24/25/无经验也可投】接受java、c＋＋、js不限语言,外企德科数字技术有限公司,武汉·江夏·豹澥,1.5-3万·14薪,经验不限,本科
后/前端开发、测试【24/25/无经验也可投】接受java、c＋＋、js不限语言,外企德科数字技术有限公司,武汉·江夏·豹澥,1.5-3万·14薪,经验不限,本科
软件工程师（Java/python/JS/C++）,外企德科数字技术有限公司,上海·青浦·金泽,1.5-3万·14薪,经验不限,本科
软件工程师（Java/python/JS/C++）,外企德科数字技术有限公司,上海·青浦·金泽,1.5-3万·14薪,经验不限,本科
C/C++、Java、Scala、Python、go，JS/前端/测试等,外企德科数字技术有限公司,西安·雁塔·漳浒寨,1.2-2万·14薪,经验不限,本科
C/C++、Java、Scala、Python、go，JS/前端/测试等,外企德科数字技术有限公司,西安·雁塔·漳浒寨,1.2-2万·14薪,经验不限,本科
软件研发工程师（有Java、C、C++、Python、go、JS等）,外企德科数字技术有限公司,武汉·江夏·豹澥,1.2-2.4万·14薪,经验不限,本科
软件研发工程师（有Java、C、C++、Python、go、JS等）,外企德科数字技术有限公司,武汉·江夏·豹澥,1.2-2.4万·14薪,经验不限,本科
Java/C/C++/Python/软测前端,外企德科数字技术有限公司,武汉·江夏·豹澥,1.5-3万·14薪,经验不限,本科
Java/C/C++/Python/软测前端,外企德科数字技术有限公司,武汉·江夏·豹澥,1.5-3万·14薪,经验不限,本科
软件研发工程师（有Java、C、C++、Python、go、JS等）,外企德科数字技术有限公司,东莞·大朗镇,1.2-2.4万·14薪,经验不限,本科
软件研发工程师（有Java、C、C++、Python、go、JS等）,外企德科数字技术有限公司,东莞·大朗镇,1.2-2.4万·14薪,经验不限,本科
C++/python/Java/C/C# 五险一金、年终奖,外企德科数字技术有限公司,武汉·江夏·豹澥,1.5-3万·16薪,1-3年,本科
C++/python/Java/C/C# 五险一金、年终奖,外企德科数字技术有限公司,武汉·江夏·豹澥,1.5-3万·16薪,1-3年,本科
后/前端开发、测试【24/25/无经验也可投】接受java、c＋＋、js不限语言,外企德科数字技术有限公司,南京·雨花台·雨花,1.5-3万·14薪,经验不限,本科
后/前端开发、测试【24/25/无经验也可投】接受java、c＋＋、js不限语言,外企德科数字技术有限公司,南京·雨花台·雨花,1.5-3万·14薪,经验不限,本科
后/前端开发、测试【24/25/无经验也可投】接受java、c＋＋、js不限语言,外企德科数字技术有限公司,南京·雨花台·雨花,1.5-3万·14薪,经验不限,本科
后/前端开发、测试【24/25/无经验也可投】接受java、c＋＋、js不限语言,外企德科数字技术有限公司,南京·雨花台·雨花,1.5-3万·14薪,经验不限,本科
Java开发工程师（14-16薪/线上面试）,外企德科数字技术有限公司,东莞·大朗镇,1.5-3万·14薪,经验不限,本科
Java开发工程师（14-16薪/线上面试）,外企德科数字技术有限公司,东莞·大朗镇,1.5-3万·14薪,经验不限,本科
后/前端开发、测试【24/25/无经验也可投】接受java、c＋＋、js不限语言,外企德科数字技术有限公司,杭州·滨江·长河,1.5-3万·14薪,经验不限,本科
后/前端开发、测试【24/25/无经验也可投】接受java、c＋＋、js不限语言,外企德科数字技术有限公司,杭州·滨江·长河,1.5-3万·14薪,经验不限,本科
软件岗（Java/Python/C/C++/软测/嵌入式等）,外企德科数字技术有限公司,武汉·江夏·豹澥,1.4-2.8万·14薪,经验不限,本科
软件岗（Java/Python/C/C++/软测/嵌入式等）,外企德科数字技术有限公司,武汉·江夏·豹澥,1.4-2.8万·14薪,经验不限,本科
软件岗（Java/Python/C/C++/软测/嵌入式等）,外企德科数字技术有限公司,杭州·滨江·长河,1.3-2.6万·14薪,经验不限,本科
软件岗（Java/Python/C/C++/软测/嵌入式等）,外企德科数字技术有限公司,杭州·滨江·长河,1.3-2.6万·14薪,经验不限,本科
Java/C/C++/Python/前端/测试（接受应届）,外企德科数字技术有限公司,长沙·开福·月湖,1.5-3万·14薪,经验不限,本科
Java/C/C++/Python/前端/测试（接受应届）,外企德科数字技术有限公司,长沙·开福·月湖,1.5-3万·14薪,经验不限,本科
中级java工程师,外企德科数字技术有限公司,武汉·洪山·关山,1.4-1.6万,5-10年,本科
中级java工程师,外企德科数字技术有限公司,武汉·洪山·关山,1.4-1.6万,5-10年,本科
java软件开发工程师,外企德科数字技术有限公司,西安·雁塔·漳浒寨,1.2-2.4万·14薪,经验不限,本科
java软件开发工程师,外企德科数字技术有限公司,西安·雁塔·漳浒寨,1.2-2.4万·14薪,经验不限,本科
软件研发工程师（有Java、C、C++、Python、go、JS等）,外企德科数字技术有限公司,南京·雨花台·雨花,1.2-2.4万·14薪,经验不限,本科
软件研发工程师（有Java、C、C++、Python、go、JS等）,外企德科数字技术有限公司,南京·雨花台·雨花,1.2-2.4万·14薪,经验不限,本科
Java/JS/Python/算法/C/C++工程师,外企德科数字技术有限公司,东莞·大朗镇,1.2-2.4万·14薪,经验不限,本科
Java/JS/Python/算法/C/C++工程师,外企德科数字技术有限公司,东莞·大朗镇,1.2-2.4万·14薪,经验不限,本科
JAVA开发工程师,外企德科数字技术有限公司,南京·雨花台·雨花,1.5-3万·14薪,经验不限,本科
JAVA开发工程师,外企德科数字技术有限公司,南京·雨花台·雨花,1.5-3万·14薪,经验不限,本科
JAVA/C/C++/Python/go/web开发工程师 全国岗14薪，全额社保公积金 应届生/考研/考公失败可投,外企德科数字技术有限公司,西安·雁塔·漳浒寨,1.5-3万·14薪,经验不限,本科
JAVA/C/C++/Python/go/web开发工程师 全国岗14薪，全额社保公积金 应届生/考研/考公失败可投,外企德科数字技术有限公司,西安·雁塔·漳浒寨,1.5-3万·14薪,经验不限,本科
java/c/python/测试 双休 高薪 五险一金,外企德科数字技术有限公司,长沙·岳麓·咸嘉湖,1.5-3万·14薪,经验不限,本科
java/c/python/测试 双休 高薪 五险一金,外企德科数字技术有限公司,长沙·岳麓·咸嘉湖,1.5-3万·14薪,经验不限,本科
Java软件开发工程师，应届生也可培养,外企德科数字技术有限公司,上海·青浦·金泽,1.5-3万·14薪,无经验,本科
Java软件开发工程师，应届生也可培养,外企德科数字技术有限公司,上海·青浦·金泽,1.5-3万·14薪,无经验,本科
java软件开发工程师,外企德科数字技术有限公司,上海·青浦·金泽,1.5-3万,1-3年,本科
java软件开发工程师,外企德科数字技术有限公司,上海·青浦·金泽,1.5-3万,1-3年,本科
JAVA/C++/C/Python 14薪双休 应届生可投,外企德科数字技术有限公司,深圳·福田·福田街道,1.5-3万,经验不限,本科
JAVA/C++/C/Python 14薪双休 应届生可投,外企德科数字技术有限公司,深圳·福田·福田街道,1.5-3万,经验不限,本科
java高级工程师,外企德科数字技术有限公司,上海·浦东·金桥,1.7-3万·14薪,经验不限,本科
java高级工程师,外企德科数字技术有限公司,上海·浦东·金桥,1.7-3万·14薪,经验不限,本科
Java/Python/C/C++/测试/算法/前端岗,外企德科数字技术有限公司,武汉·江夏·豹澥,1.2-2.4万·14薪,经验不限,本科
Java/Python/C/C++/测试/算法/前端岗,外企德科数字技术有限公司,武汉·江夏·豹澥,1.2-2.4万·14薪,经验不限,本科
Java/C/C++/Python/前端/测试（接受应届）,外企德科数字技术有限公司,西安·雁塔·漳浒寨,1.6-2.6万·14薪,经验不限,本科
Java/C/C++/Python/前端/测试（接受应届）,外企德科数字技术有限公司,西安·雁塔·漳浒寨,1.6-2.6万·14薪,经验不限,本科
java软件开发工程师,外企德科数字技术有限公司,武汉·江夏·豹澥,1.2-2.4万,1-3年,本科
java软件开发工程师,外企德科数字技术有限公司,武汉·江夏·豹澥,1.2-2.4万,1-3年,本科
JAVA（全国）考公考研失败可，无经验可,外企德科数字技术有限公司,上海·浦东·金桥,1.5-2.8万·14薪,无经验,本科
JAVA（全国）考公考研失败可，无经验可,外企德科数字技术有限公司,上海·浦东·金桥,1.5-2.8万·14薪,无经验,本科
JAVA（全国）考公考研失败可，无经验可,外企德科数字技术有限公司,上海·浦东·金桥,1.5-2.8万·14薪,无经验,本科
JAVA（全国）考公考研失败可，无经验可,外企德科数字技术有限公司,上海·浦东·金桥,1.5-2.8万·14薪,无经验,本科
C/C++/Java/Python/Go通用软件开发/测试,外企德科数字技术有限公司,西安·雁塔·漳浒寨,1.6-3万,经验不限,本科
C/C++/Java/Python/Go通用软件开发/测试,外企德科数字技术有限公司,西安·雁塔·漳浒寨,1.6-3万,经验不限,本科
Java/C++/C/Python/前端/测试（接受应届）,外企德科数字技术有限公司,杭州·滨江·长河,1.4-2.8万·14薪,经验不限,本科
Java/C++/C/Python/前端/测试（接受应届）,外企德科数字技术有限公司,杭州·滨江·长河,1.4-2.8万·14薪,经验不限,本科
Java/C/C++/Python/前端/测试（接受应届）,外企德科数字技术有限公司,东莞·大朗镇,1.5-3万·14薪,经验不限,本科
Java/C/C++/Python/前端/测试（接受应届）,外企德科数字技术有限公司,东莞·大朗镇,1.5-3万·14薪,经验不限,本科
JAVA/JS/C/C++/Python/go/测试,外企德科数字技术有限公司,成都·郫都·合作街道,1.5-3万·14薪,经验不限,本科
JAVA/JS/C/C++/Python/go/测试,外企德科数字技术有限公司,成都·郫都·合作街道,1.5-3万·14薪,经验不限,本科
软件开发工程师(Java/C/C++/Python/Js),外企德科数字技术有限公司,南京·雨花台·雨花,1.5-3万,经验不限,本科
软件开发工程师(Java/C/C++/Python/Js),外企德科数字技术有限公司,南京·雨花台·雨花,1.5-3万,经验不限,本科
java开发（阿里系正编/统本）,外企德科数字技术有限公司,郑州·管城·圃田,1.2-1.8万,3-5年,本科
java开发（阿里系正编/统本）,外企德科数字技术有限公司,郑州·管城·圃田,1.2-1.8万,3-5年,本科
前端后端开发测试招聘（java/C/js/python）,外企德科数字技术有限公司,广州·白云·松洲,1.6-3万·14薪,经验不限,本科
前端后端开发测试招聘（java/C/js/python）,外企德科数字技术有限公司,广州·白云·松洲,1.6-3万·14薪,经验不限,本科
软件开发工程师(Java/C/C++/Python/Js),外企德科数字技术有限公司,杭州·滨江·长河,1.5-3万,经验不限,本科
软件开发工程师(Java/C/C++/Python/Js),外企德科数字技术有限公司,杭州·滨江·长河,1.5-3万,经验不限,本科
后/前端开发、测试【24/25/无经验也可投】接受java、c＋＋、js不限语言,外企德科数字技术有限公司,上海·浦东·金桥,1.5-3万·14薪,经验不限,本科
后/前端开发、测试【24/25/无经验也可投】接受java、c＋＋、js不限语言,外企德科数字技术有限公司,上海·浦东·金桥,1.5-3万·14薪,经验不限,本科
c++/python/java/c/算法/测试,外企德科数字技术有限公司,南京·雨花台·雨花,1.5-3万·14薪,经验不限,本科
c++/python/java/c/算法/测试,外企德科数字技术有限公司,南京·雨花台·雨花,1.5-3万·14薪,经验不限,本科
java开发（阿里系正编/统本）,外企德科数字技术有限公司,长沙·岳麓·洋湖,1.2-1.8万,3-5年,本科
java开发（阿里系正编/统本）,外企德科数字技术有限公司,长沙·岳麓·洋湖,1.2-1.8万,3-5年,本科
软件开发/测试（JAVA/C/Python/web）等,外企德科数字技术有限公司,南京·雨花台·雨花,1.4-2.7万·16薪,经验不限,本科
软件开发/测试（JAVA/C/Python/web）等,外企德科数字技术有限公司,南京·雨花台·雨花,1.4-2.7万·16薪,经验不限,本科
java技术支持工程师,外企德科数字技术有限公司,南京·建邺·沙洲,1.1-1.3万,3-5年,本科
java技术支持工程师,外企德科数字技术有限公司,南京·建邺·沙洲,1.1-1.3万,3-5年,本科
测试/前端/后端开发工程师Java/C/C++/Python,外企德科数字技术有限公司,苏州·工业园区,1.5-2.8万·14薪,经验不限,本科
测试/前端/后端开发工程师Java/C/C++/Python,外企德科数字技术有限公司,苏州·工业园区,1.5-2.8万·14薪,经验不限,本科
资深Java工程师,外企德科数字技术有限公司,北京·海淀·学院路,1.5-3万·15薪,5-10年,本科
资深Java工程师,外企德科数字技术有限公司,北京·海淀·学院路,1.5-3万·15薪,5-10年,本科
JAVA/C/C++/Python/go/web开发工程师,外企德科数字技术有限公司,上海·青浦·金泽,1.8-3.5万·15薪,经验不限,本科
JAVA/C/C++/Python/go/web开发工程师,外企德科数字技术有限公司,上海·青浦·金泽,1.8-3.5万·15薪,经验不限,本科
Java开发工程师/大厂自研核心自研项目,外企德科数字技术有限公司,武汉·江夏·豹澥,1.5-2.5万·14薪,1-3年,本科
Java开发工程师/大厂自研核心自研项目,外企德科数字技术有限公司,武汉·江夏·豹澥,1.5-2.5万·14薪,1-3年,本科
软件岗（Java/Python/C/C++/软测/嵌入式等）,外企德科数字技术有限公司,深圳·龙岗·坂田,1.4-2.8万·14薪,经验不限,本科
软件岗（Java/Python/C/C++/软测/嵌入式等）,外企德科数字技术有限公司,深圳·龙岗·坂田,1.4-2.8万·14薪,经验不限,本科
Java/Python/C/C++/数开/测试/算法/前端岗,外企德科数字技术有限公司,上海·浦东·金桥,1.5-3万·14薪,经验不限,本科
Java/Python/C/C++/数开/测试/算法/前端岗,外企德科数字技术有限公司,上海·浦东·金桥,1.5-3万·14薪,经验不限,本科
C/C ++/Java,外企德科数字技术有限公司,深圳·龙岗·坂田,1.4-2.8万,经验不限,本科
C/C ++/Java,外企德科数字技术有限公司,深圳·龙岗·坂田,1.4-2.8万,经验不限,本科
C/C ++/Java,外企德科数字技术有限公司,深圳·龙岗·坂田,1.4-2.8万,经验不限,本科
C/C ++/Java,外企德科数字技术有限公司,深圳·龙岗·坂田,1.4-2.8万,经验不限,本科
Java/C/C++/JS/python/测试/运维开发/数据（接受24届无经验、考研断档等）,外企德科数字技术有限公司,深圳·龙岗·坂田,1.7-3万·14薪,经验不限,本科
Java/C/C++/JS/python/测试/运维开发/数据（接受24届无经验、考研断档等）,外企德科数字技术有限公司,深圳·龙岗·坂田,1.7-3万·14薪,经验不限,本科
Java/Python/C/C++/数开/测试/算法/前端岗,外企德科数字技术有限公司,南京·雨花台·雨花,1.5-3万·14薪,经验不限,本科
Java/Python/C/C++/数开/测试/算法/前端岗,外企德科数字技术有限公司,南京·雨花台·雨花,1.5-3万·14薪,经验不限,本科
JAVA/ Python/C/C++/GO/数据开发,外企德科数字技术有限公司,北京·海淀,1.5-3万,经验不限,本科
JAVA/ Python/C/C++/GO/数据开发,外企德科数字技术有限公司,北京·海淀,1.5-3万,经验不限,本科
Java开发工程师（14-16薪/线上面试）,外企德科数字技术有限公司,深圳·龙岗·坂田,1.5-3万·14薪,经验不限,本科
Java开发工程师（14-16薪/线上面试）,外企德科数字技术有限公司,深圳·龙岗·坂田,1.5-3万·14薪,经验不限,本科
java/python/C++/测试/C/GO/大数据开发 软件通用岗位/接受应届考研考公失败,外企德科数字技术有限公司,杭州·滨江·长河,1.5-3万·14薪,经验不限,本科
java/python/C++/测试/C/GO/大数据开发 软件通用岗位/接受应届考研考公失败,外企德科数字技术有限公司,杭州·滨江·长河,1.5-3万·14薪,经验不限,本科
C/C++/Java/Python/JS软件开发/算法/数据,外企德科数字技术有限公司,武汉·江夏·豹澥,1.7-3万·15薪,经验不限,本科
C/C++/Java/Python/JS软件开发/算法/数据,外企德科数字技术有限公司,武汉·江夏·豹澥,1.7-3万·15薪,经验不限,本科
Java/Python/C/C++/Web/测试工程师,外企德科数字技术有限公司,长沙·开福·月湖,1.4-2.8万·16薪,经验不限,本科
Java/Python/C/C++/Web/测试工程师,外企德科数字技术有限公司,长沙·开福·月湖,1.4-2.8万·16薪,经验不限,本科
Java开发工程师,外企德科数字技术有限公司,武汉·江夏·豹澥,1.5-3万·14薪,经验不限,本科
Java开发工程师,外企德科数字技术有限公司,武汉·江夏·豹澥,1.5-3万·14薪,经验不限,本科
java、C/C++、python等个后端开发,外企德科数字技术有限公司,北京·海淀,1.6-3万·16薪,经验不限,本科
java、C/C++、python等个后端开发,外企德科数字技术有限公司,北京·海淀,1.6-3万·16薪,经验不限,本科
java软件开发工程师,外企德科数字技术有限公司,西安·雁塔·丈八沟,1.3-2.6万·14薪,经验不限,本科
java软件开发工程师,外企德科数字技术有限公司,西安·雁塔·丈八沟,1.3-2.6万·14薪,经验不限,本科
Java开发工程师（大厂经验优先）,外企德科数字技术有限公司,北京·朝阳·东湖,1.5-1.8万,3-5年,大专
Java开发工程师（大厂经验优先）,外企德科数字技术有限公司,北京·朝阳·东湖,1.5-1.8万,3-5年,大专
软件开发工程师（java/c++/测试/算法）,外企德科数字技术有限公司,苏州·虎丘,1.4-2.8万,无经验,本科
软件开发工程师（java/c++/测试/算法）,外企德科数字技术有限公司,苏州·虎丘,1.4-2.8万,无经验,本科
Java/C/C++/python/JS/软件测试/大数据开发,外企德科数字技术有限公司,南京·雨花台·雨花,1.2-2.4万,经验不限,本科
Java/C/C++/python/JS/软件测试/大数据开发,外企德科数字技术有限公司,南京·雨花台·雨花,1.2-2.4万,经验不限,本科
Java开发工程师（大厂项目 长期稳定）,外企德科数字技术有限公司,上海·杨浦·大桥,1.5-1.8万,3-5年,本科
Java开发工程师（大厂项目 长期稳定）,外企德科数字技术有限公司,上海·杨浦·大桥,1.5-1.8万,3-5年,本科
C/C++/Java/JS/Python软件开发【全国有岗】,外企德科数字技术有限公司,南昌·红谷滩·沙井,1.5-3万·14薪,经验不限,本科
C/C++/Java/JS/Python软件开发【全国有岗】,外企德科数字技术有限公司,南昌·红谷滩·沙井,1.5-3万·14薪,经验不限,本科
Java/ Web/ C开发/ 测试/算法/数据开发,外企德科数字技术有限公司,深圳·龙岗·坂田,1.3-2.6万·16薪,经验不限,本科
Java/ Web/ C开发/ 测试/算法/数据开发,外企德科数字技术有限公司,深圳·龙岗·坂田,1.3-2.6万·16薪,经验不限,本科
java软件开发工程师,外企德科数字技术有限公司,杭州·滨江·长河,1.2-2.4万,经验不限,本科
java软件开发工程师,外企德科数字技术有限公司,杭州·滨江·长河,1.2-2.4万,经验不限,本科
C/C++/Java/Python/Go通用软件开发/测试,外企德科数字技术有限公司,北京·海淀,1.5-3万,经验不限,本科
C/C++/Java/Python/Go通用软件开发/测试,外企德科数字技术有限公司,北京·海淀,1.5-3万,经验不限,本科
后端Java开发（急招！流程快）,外企德科数字技术有限公司,深圳·龙岗·坂田,1.8-2.4万,5-10年,本科
后端Java开发（急招！流程快）,外企德科数字技术有限公司,深圳·龙岗·坂田,1.8-2.4万,5-10年,本科
软件开发（多语言 Java Python C/C++js等测试,外企德科数字技术有限公司,西安·雁塔·漳浒寨,1.2-2.4万,经验不限,本科
软件开发（多语言 Java Python C/C++js等测试,外企德科数字技术有限公司,西安·雁塔·漳浒寨,1.2-2.4万,经验不限,本科
软件开发（多语言 Java Python C/C++js等测试,外企德科数字技术有限公司,西安·雁塔·漳浒寨,1.2-2.4万,经验不限,本科
软件开发（多语言 Java Python C/C++js等测试,外企德科数字技术有限公司,西安·雁塔·漳浒寨,1.2-2.4万,经验不限,本科
java/c++/python后端开发/软件测试,外企德科数字技术有限公司,上海·青浦·金泽,1.5-3万·16薪,经验不限,本科
java/c++/python后端开发/软件测试,外企德科数字技术有限公司,上海·青浦·金泽,1.5-3万·16薪,经验不限,本科
java软件开发工程师,外企德科数字技术有限公司,南京·雨花台·雨花,1.4-2.8万,经验不限,本科
java软件开发工程师,外企德科数字技术有限公司,南京·雨花台·雨花,1.4-2.8万,经验不限,本科
java开发工程师,外企德科数字技术有限公司,南京·雨花台·雨花,1.5-2.6万·15薪,经验不限,本科
java开发工程师,外企德科数字技术有限公司,南京·雨花台·雨花,1.5-2.6万·15薪,经验不限,本科
软件开发（多语言 Java Python C/C++js等测试,外企德科数字技术有限公司,东莞·大朗镇,1.2-2.4万,经验不限,本科
软件开发（多语言 Java Python C/C++js等测试,外企德科数字技术有限公司,东莞·大朗镇,1.2-2.4万,经验不限,本科
急招急招！今天面试明天上岗！Java/Python/C/c#/C++/JS,外企德科数字技术有限公司,中山·石岐街道,1.5-3万·14薪,经验不限,本科
急招急招！今天面试明天上岗！Java/Python/C/c#/C++/JS,外企德科数字技术有限公司,中山·石岐街道,1.5-3万·14薪,经验不限,本科
java开发工程师（本地生活服务）,外企德科数字技术有限公司,北京·朝阳·东湖,1.5-1.8万,3-5年,本科
java开发工程师（本地生活服务）,外企德科数字技术有限公司,北京·朝阳·东湖,1.5-1.8万,3-5年,本科
Java/C++/C/Python/GO/JS,外企德科数字技术有限公司,西安·雁塔·漳浒寨,1.2-2.4万·15薪,经验不限,本科
Java/C++/C/Python/GO/JS,外企德科数字技术有限公司,西安·雁塔·漳浒寨,1.2-2.4万·15薪,经验不限,本科
java中高级工程师（15-40k/14-16薪/双休）,外企德科数字技术有限公司,武汉·江夏·豹澥,1.8-3.5万·16薪,经验不限,本科
java中高级工程师（15-40k/14-16薪/双休）,外企德科数字技术有限公司,武汉·江夏·豹澥,1.8-3.5万·16薪,经验不限,本科
Java开发工程师/大厂自研核心项目,外企德科数字技术有限公司,深圳·龙岗·坂田,1.7-2.8万·14薪,1-3年,本科
Java开发工程师/大厂自研核心项目,外企德科数字技术有限公司,深圳·龙岗·坂田,1.7-2.8万·14薪,1-3年,本科
java软件开发工程师,外企德科数字技术有限公司,南京·雨花台·雨花,1.5-3万·14薪,经验不限,本科
java软件开发工程师,外企德科数字技术有限公司,南京·雨花台·雨花,1.5-3万·14薪,经验不限,本科
前/后端开发工程师（Java / C++ / Python / JS 等方向）可接受小白,外企德科数字技术有限公司,南京·雨花台·雨花,1.4-2.8万·14薪,经验不限,本科
前/后端开发工程师（Java / C++ / Python / JS 等方向）可接受小白,外企德科数字技术有限公司,南京·雨花台·雨花,1.4-2.8万·14薪,经验不限,本科
JAVA开发,外企德科数字技术有限公司,北京·朝阳·大屯,1.5-1.8万,3-5年,本科
JAVA开发,外企德科数字技术有限公司,北京·朝阳·大屯,1.5-1.8万,3-5年,本科
Java/C/C++/python/GO/web/测试,外企德科数字技术有限公司,东莞·大朗镇,1.2-2.4万,经验不限,本科
Java/C/C++/python/GO/web/测试,外企德科数字技术有限公司,东莞·大朗镇,1.2-2.4万,经验不限,本科
java/Python/C/C++/JS/AI算法/软件测试,外企德科数字技术有限公司,武汉·江夏·豹澥,1.6-3万,经验不限,本科
java/Python/C/C++/JS/AI算法/软件测试,外企德科数字技术有限公司,武汉·江夏·豹澥,1.6-3万,经验不限,本科
Java/Python/C/C++/数开/测试/算法/前端岗,外企德科数字技术有限公司,武汉·江夏·豹澥,1.5-3万·14薪,经验不限,本科
Java/Python/C/C++/数开/测试/算法/前端岗,外企德科数字技术有限公司,武汉·江夏·豹澥,1.5-3万·14薪,经验不限,本科
Java开发工程师（大厂项目 反馈快）,外企德科数字技术有限公司,北京·朝阳·东湖,1.5-1.8万,3-5年,本科
Java开发工程师（大厂项目 反馈快）,外企德科数字技术有限公司,北京·朝阳·东湖,1.5-1.8万,3-5年,本科
C/C++/Java/Python/JS软件开发/算法/数据,外企德科数字技术有限公司,佛山·禅城·祖庙,1.7-3万·15薪,经验不限,本科
C/C++/Java/Python/JS软件开发/算法/数据,外企德科数字技术有限公司,佛山·禅城·祖庙,1.7-3万·15薪,经验不限,本科
C/C++/Java/Python/JS软件开发/算法/数据,外企德科数字技术有限公司,成都·郫都·合作街道,1.7-3万·15薪,经验不限,本科
C/C++/Java/Python/JS软件开发/算法/数据,外企德科数字技术有限公司,成都·郫都·合作街道,1.7-3万·15薪,经验不限,本科
软件通用岗位/接受应届考研考公失败 java/python/C++/测试/C/GO/大数据开发,外企德科数字技术有限公司,深圳·龙岗·坂田,1.5-3万·14薪,经验不限,本科
软件通用岗位/接受应届考研考公失败 java/python/C++/测试/C/GO/大数据开发,外企德科数字技术有限公司,深圳·龙岗·坂田,1.5-3万·14薪,经验不限,本科
C/C++/Java/Python/JS软件开发/算法/数据,外企德科数字技术有限公司,贵阳·花溪·湖潮,1.7-3万·15薪,经验不限,本科
C/C++/Java/Python/JS软件开发/算法/数据,外企德科数字技术有限公司,贵阳·花溪·湖潮,1.7-3万·15薪,经验不限,本科
C/C++/Java/Python/JS软件开发/算法/数据,外企德科数字技术有限公司,贵阳·花溪·湖潮,1.7-3万·15薪,经验不限,本科
C/C++/Java/Python/JS软件开发/算法/数据,外企德科数字技术有限公司,贵阳·花溪·湖潮,1.7-3万·15薪,经验不限,本科
C/C++/Java/JS/Python/Go软件开发【全国有岗位 可接受应届】,外企德科数字技术有限公司,南京·雨花台·雨花,1.5-3万·14薪,经验不限,本科
C/C++/Java/JS/Python/Go软件开发【全国有岗位 可接受应届】,外企德科数字技术有限公司,南京·雨花台·雨花,1.5-3万·14薪,经验不限,本科
C/C++/Java/JS/Python软件开发（全国有岗 接受应届）,外企德科数字技术有限公司,苏州·虎丘,1.5-3万·14薪,经验不限,本科
C/C++/Java/JS/Python软件开发（全国有岗 接受应届）,外企德科数字技术有限公司,苏州·虎丘,1.5-3万·14薪,经验不限,本科
java、C/C++、python等个后端开发,外企德科数字技术有限公司,成都·郫都·合作街道,1.6-3万·14薪,经验不限,本科
java、C/C++、python等个后端开发,外企德科数字技术有限公司,成都·郫都·合作街道,1.6-3万·14薪,经验不限,本科
JAVA/C/C++/Python/go/web开发工程师 全国岗14薪，全额社保公积金 应届生/考研/考公失败可投,外企德科数字技术有限公司,成都·郫都·合作街道,1.5-3万·14薪,经验不限,本科
JAVA/C/C++/Python/go/web开发工程师 全国岗14薪，全额社保公积金 应届生/考研/考公失败可投,外企德科数字技术有限公司,成都·郫都·合作街道,1.5-3万·14薪,经验不限,本科
java、C/C++、python等个后端开发,外企德科数字技术有限公司,东莞·大朗镇,1.6-3万·14薪,经验不限,本科
java、C/C++、python等个后端开发,外企德科数字技术有限公司,东莞·大朗镇,1.6-3万·14薪,经验不限,本科
Java/C/C++/Python/C#/Js/Ios,外企德科数字技术有限公司,成都·郫都·合作街道,1.5-2.7万,1-3年,本科
Java/C/C++/Python/C#/Js/Ios,外企德科数字技术有限公司,成都·郫都·合作街道,1.5-2.7万,1-3年,本科
Java/python/C/C++/JS前后端软件开发工程师,外企德科数字技术有限公司,西安·雁塔·漳浒寨,1.3-2.6万·14薪,经验不限,本科
Java/python/C/C++/JS前后端软件开发工程师,外企德科数字技术有限公司,西安·雁塔·漳浒寨,1.3-2.6万·14薪,经验不限,本科
C/C++/Java/JS/Python软件开发【全国有岗】,外企德科数字技术有限公司,厦门·湖里·江头,1.5-3万·14薪,经验不限,本科
C/C++/Java/JS/Python软件开发【全国有岗】,外企德科数字技术有限公司,厦门·湖里·江头,1.5-3万·14薪,经验不限,本科
java软件开发工程师,外企德科数字技术有限公司,成都·郫都·合作街道,1.5-3万·14薪,经验不限,本科
java软件开发工程师,外企德科数字技术有限公司,成都·郫都·合作街道,1.5-3万·14薪,经验不限,本科
Java/C++/C/Python/GO/JS,外企德科数字技术有限公司,成都·郫都·合作街道,1.2-2.4万·15薪,经验不限,本科
Java/C++/C/Python/GO/JS,外企德科数字技术有限公司,成都·郫都·合作街道,1.2-2.4万·15薪,经验不限,本科
java软件开发工程师,外企德科数字技术有限公司,南京·雨花台·雨花,1-2万,经验不限,本科
java软件开发工程师,外企德科数字技术有限公司,南京·雨花台·雨花,1-2万,经验不限,本科
C/C++/Java/Python/Go通用软件开发/测试,外企德科数字技术有限公司,深圳·龙岗·坂田,1.5-3万,经验不限,本科
C/C++/Java/Python/Go通用软件开发/测试,外企德科数字技术有限公司,深圳·龙岗·坂田,1.5-3万,经验不限,本科
C/C#/C++/python/java/,外企德科数字技术有限公司,上海·浦东·金桥,1.5-3万·14薪,经验不限,本科
C/C#/C++/python/java/,外企德科数字技术有限公司,上海·浦东·金桥,1.5-3万·14薪,经验不限,本科
java软件开发工程师,外企德科数字技术有限公司,北京·朝阳·东湖,1.3-1.8万,3-5年,本科
java软件开发工程师,外企德科数字技术有限公司,北京·朝阳·东湖,1.3-1.8万,3-5年,本科
Java/前端/测试,外企德科数字技术有限公司,郑州·管城·圃田,1.1-1.8万,1-3年,本科
Java/前端/测试,外企德科数字技术有限公司,郑州·管城·圃田,1.1-1.8万,1-3年,本科
Java,外企德科数字技术有限公司,武汉·江夏·豹澥,1.6-2.7万,经验不限,本科
Java,外企德科数字技术有限公司,武汉·江夏·豹澥,1.6-2.7万,经验不限,本科
Java,外企德科数字技术有限公司,成都·都江堰·聚源,1.6-2.7万,经验不限,本科
Java,外企德科数字技术有限公司,成都·都江堰·聚源,1.6-2.7万,经验不限,本科
Java/C/C++/Python/前端/测试（接受应届）,外企德科数字技术有限公司,杭州·滨江·长河,1.6-2.4万·14薪,经验不限,本科
Java/C/C++/Python/前端/测试（接受应届）,外企德科数字技术有限公司,杭州·滨江·长河,1.6-2.4万·14薪,经验不限,本科
java软件开发工程师,外企德科数字技术有限公司,北京·海淀,1.5-3万,经验不限,本科
java软件开发工程师,外企德科数字技术有限公司,北京·海淀,1.5-3万,经验不限,本科
C/C++/Java/JS/Python软件开发（全国有岗 接受应届）,外企德科数字技术有限公司,深圳·龙岗·坂田,1.5-3万·14薪,经验不限,本科
C/C++/Java/JS/Python软件开发（全国有岗 接受应届）,外企德科数字技术有限公司,深圳·龙岗·坂田,1.5-3万·14薪,经验不限,本科
C/C++/Java/JS/Python软件开发（全国有岗 接受应届）,外企德科数字技术有限公司,深圳·龙岗·坂田,1.5-3万·14薪,经验不限,本科
C/C++/Java/JS/Python软件开发（全国有岗 接受应届）,外企德科数字技术有限公司,深圳·龙岗·坂田,1.5-3万·14薪,经验不限,本科
java软件开发工程师,外企德科数字技术有限公司,东莞·大朗镇,1.3-2.6万·14薪,经验不限,本科
java软件开发工程师,外企德科数字技术有限公司,东莞·大朗镇,1.3-2.6万·14薪,经验不限,本科
C/C++/Java/Python/JS软件开发/算法/数据,外企德科数字技术有限公司,上海·浦东·金桥,1.7-3万·15薪,经验不限,本科
C/C++/Java/Python/JS软件开发/算法/数据,外企德科数字技术有限公司,上海·浦东·金桥,1.7-3万·15薪,经验不限,本科
Java/C/C++/Python/前端/测试（接受应届）,外企德科数字技术有限公司,上海·浦东·金桥,1.5-3万·14薪,经验不限,本科
Java/C/C++/Python/前端/测试（接受应届）,外企德科数字技术有限公司,上海·浦东·金桥,1.5-3万·14薪,经验不限,本科
java后端开发工程师,外企德科数字技术有限公司,上海·青浦·金泽,1.5-3万·14薪,经验不限,本科
java后端开发工程师,外企德科数字技术有限公司,上海·青浦·金泽,1.5-3万·14薪,经验不限,本科
Java/c/c++/python/js软件开发工程师,外企德科数字技术有限公司,成都·郫都·合作街道,1.4-2.8万·14薪,经验不限,本科
Java/c/c++/python/js软件开发工程师,外企德科数字技术有限公司,成都·郫都·合作街道,1.4-2.8万·14薪,经验不限,本科
java开发高级工程师,外企德科数字技术有限公司,上海·浦东·金桥,1.8-3.5万,经验不限,本科
java开发高级工程师,外企德科数字技术有限公司,上海·浦东·金桥,1.8-3.5万,经验不限,本科
Java/C/C++/Python/JS 软件开发（多部门推荐）,外企德科数字技术有限公司,西安·雁塔·漳浒寨,1.6-3万·14薪,经验不限,本科
Java/C/C++/Python/JS 软件开发（多部门推荐）,外企德科数字技术有限公司,西安·雁塔·漳浒寨,1.6-3万·14薪,经验不限,本科
JAVA/JS/C/C++/Python/go/测试,外企德科数字技术有限公司,杭州·滨江·长河,1.5-3万·14薪,经验不限,本科
JAVA/JS/C/C++/Python/go/测试,外企德科数字技术有限公司,杭州·滨江·长河,1.5-3万·14薪,经验不限,本科
JAVA/JS/C/C++/Python/go/测试,外企德科数字技术有限公司,武汉·江夏·豹澥,1.5-3万·14薪,经验不限,本科
JAVA/JS/C/C++/Python/go/测试,外企德科数字技术有限公司,武汉·江夏·豹澥,1.5-3万·14薪,经验不限,本科
C/C++/C#/python/算法工程师/java,外企德科数字技术有限公司,杭州·滨江·长河,1.3-2.5万·14薪,经验不限,本科
C/C++/C#/python/算法工程师/java,外企德科数字技术有限公司,杭州·滨江·长河,1.3-2.5万·14薪,经验不限,本科
Java,外企德科数字技术有限公司,深圳·龙岗·坂田,1.6-2.7万,经验不限,本科
Java,外企德科数字技术有限公司,深圳·龙岗·坂田,1.6-2.7万,经验不限,本科
java中高级工程师（15-40k/14-16薪/双休）,外企德科数字技术有限公司,东莞·大朗镇,1.5-3万·14薪,经验不限,本科
java中高级工程师（15-40k/14-16薪/双休）,外企德科数字技术有限公司,东莞·大朗镇,1.5-3万·14薪,经验不限,本科
月薪15-35k/java/c++/python后端开发/双休/五险一金,外企德科数字技术有限公司,东莞·大朗镇,1.5-3万·14薪,经验不限,本科
月薪15-35k/java/c++/python后端开发/双休/五险一金,外企德科数字技术有限公司,东莞·大朗镇,1.5-3万·14薪,经验不限,本科
Java/JS/Python/算法/C/C++工程师,外企德科数字技术有限公司,武汉·江夏·豹澥,1.2-2.4万·14薪,经验不限,本科
Java/JS/Python/算法/C/C++工程师,外企德科数字技术有限公司,武汉·江夏·豹澥,1.2-2.4万·14薪,经验不限,本科
Java/JS/Python/算法/C/C++工程师,外企德科数字技术有限公司,成都·郫都·合作街道,1.2-2.4万·14薪,经验不限,本科
Java/JS/Python/算法/C/C++工程师,外企德科数字技术有限公司,成都·郫都·合作街道,1.2-2.4万·14薪,经验不限,本科
Java/JS/Python/算法/C/C++工程师,外企德科数字技术有限公司,西安·雁塔·漳浒寨,1.2-2.4万·14薪,经验不限,本科
Java/JS/Python/算法/C/C++工程师,外企德科数字技术有限公司,西安·雁塔·漳浒寨,1.2-2.4万·14薪,经验不限,本科
java开发工程师,外企德科数字技术有限公司,深圳·龙岗·坂田,1.1-1.9万,3-5年,本科
java开发工程师,外企德科数字技术有限公司,深圳·龙岗·坂田,1.1-1.9万,3-5年,本科
Java/C++/C/Python/测试开发工程师（接受应届，导师带教）,外企德科数字技术有限公司,西安·雁塔·漳浒寨,1.3-2.6万·14薪,经验不限,本科
Java/C++/C/Python/测试开发工程师（接受应届，导师带教）,外企德科数字技术有限公司,西安·雁塔·漳浒寨,1.3-2.6万·14薪,经验不限,本科
Java/Python/C/C++/测试/算法/前端岗,外企德科数字技术有限公司,成都·郫都·合作街道,1.2-2.4万·14薪,经验不限,本科
Java/Python/C/C++/测试/算法/前端岗,外企德科数字技术有限公司,成都·郫都·合作街道,1.2-2.4万·14薪,经验不限,本科
Java/c/c++/python/js软件开发工程师,外企德科数字技术有限公司,东莞·大朗镇,1.4-2.8万·14薪,经验不限,本科
Java/c/c++/python/js软件开发工程师,外企德科数字技术有限公司,东莞·大朗镇,1.4-2.8万·14薪,经验不限,本科
Java/c/c++/python/js软件开发工程师,外企德科数字技术有限公司,东莞·大朗镇,1.4-2.8万·14薪,经验不限,本科
Java/c/c++/python/js软件开发工程师,外企德科数字技术有限公司,东莞·大朗镇,1.4-2.8万·14薪,经验不限,本科
Java/C/C++/Python/JS 软件开发测试工程师,外企德科数字技术有限公司,济南·历下·龙洞,1.5-2.8万·14薪,经验不限,本科
Java/C/C++/Python/JS 软件开发测试工程师,外企德科数字技术有限公司,济南·历下·龙洞,1.5-2.8万·14薪,经验不限,本科
Java/大数据开发工程师,外企德科数字技术有限公司,武汉·洪山·关山,1-1.7万,3-5年,本科
Java/大数据开发工程师,外企德科数字技术有限公司,武汉·洪山·关山,1-1.7万,3-5年,本科
软件岗（Java/Python/C/C++/软测/嵌入式等）,外企德科数字技术有限公司,苏州·工业园区,1.4-2.8万·14薪,经验不限,本科
软件岗（Java/Python/C/C++/软测/嵌入式等）,外企德科数字技术有限公司,苏州·工业园区,1.4-2.8万·14薪,经验不限,本科
Java/Python/C/C++/数开/测试/算法/前端岗,外企德科数字技术有限公司,成都·郫都·合作街道,1.5-3万·14薪,经验不限,本科
Java/Python/C/C++/数开/测试/算法/前端岗,外企德科数字技术有限公司,成都·郫都·合作街道,1.5-3万·14薪,经验不限,本科
Java/C/C++/python/GO/web/测试,外企德科数字技术有限公司,武汉·江夏·豹澥,1.2-2.4万·14薪,经验不限,本科
Java/C/C++/python/GO/web/测试,外企德科数字技术有限公司,武汉·江夏·豹澥,1.2-2.4万·14薪,经验不限,本科
Java开发工程师（14-16薪/线上面试）,外企德科数字技术有限公司,南京·雨花台·雨花,1.2-2.4万·14薪,经验不限,本科
Java开发工程师（14-16薪/线上面试）,外企德科数字技术有限公司,南京·雨花台·雨花,1.2-2.4万·14薪,经验不限,本科
C/JAVA/C++/Python/JS软件开发工程师,外企德科数字技术有限公司,济南·历下·龙洞,1.5-3万·14薪,无经验,本科
C/JAVA/C++/Python/JS软件开发工程师,外企德科数字技术有限公司,济南·历下·龙洞,1.5-3万·14薪,无经验,本科
Java,外企德科数字技术有限公司,上海·浦东·金桥,1.5-3万·14薪,1年以下,本科
Java,外企德科数字技术有限公司,上海·浦东·金桥,1.5-3万·14薪,1年以下,本科
java/Python/C/C++/JS/AI算法/软件测试,外企德科数字技术有限公司,成都·郫都·合作街道,1.5-3万,1-3年,本科
java/Python/C/C++/JS/AI算法/软件测试,外企德科数字技术有限公司,成都·郫都·合作街道,1.5-3万,1-3年,本科
java/python/C++/测试/C/GO/大数据开发 软件通用岗位/接受应届考研考公失败,外企德科数字技术有限公司,成都·郫都·合作街道,1.5-3万·14薪,经验不限,本科
java/python/C++/测试/C/GO/大数据开发 软件通用岗位/接受应届考研考公失败,外企德科数字技术有限公司,成都·郫都·合作街道,1.5-3万·14薪,经验不限,本科
C/C++/Java/Python/JS软件开发/算法/数据,外企德科数字技术有限公司,苏州·虎丘,1.7-3万·15薪,经验不限,本科
C/C++/Java/Python/JS软件开发/算法/数据,外企德科数字技术有限公司,苏州·虎丘,1.7-3万·15薪,经验不限,本科
java软件开发工程师,外企德科数字技术有限公司,上海·浦东·金桥,1.5-3万·15薪,3-5年,本科
java软件开发工程师,外企德科数字技术有限公司,上海·浦东·金桥,1.5-3万·15薪,3-5年,本科
C/C++、Java、Python、JS、测试等工程师,外企德科数字技术有限公司,上海·青浦·金泽,1.5-2.7万·16薪,经验不限,本科
C/C++、Java、Python、JS、测试等工程师,外企德科数字技术有限公司,上海·青浦·金泽,1.5-2.7万·16薪,经验不限,本科
JAVA/C/C++/Python/go/web开发工程师 全国岗14薪，全额社保公积金 应届生/考研/考公失败可投,外企德科数字技术有限公司,贵阳·花溪·孟关,1.5-3万·14薪,经验不限,本科
JAVA/C/C++/Python/go/web开发工程师 全国岗14薪，全额社保公积金 应届生/考研/考公失败可投,外企德科数字技术有限公司,贵阳·花溪·孟关,1.5-3万·14薪,经验不限,本科
Java软件开发工程师，应届生也可培养,外企德科数字技术有限公司,北京·海淀·上地,1.5-3万·14薪,无经验,本科
Java软件开发工程师，应届生也可培养,外企德科数字技术有限公司,北京·海淀·上地,1.5-3万·14薪,无经验,本科
前/后端开发 Java、C++、python、js,外企德科数字技术有限公司,上海·青浦·金泽,1.5-3万·14薪,无经验,本科
前/后端开发 Java、C++、python、js,外企德科数字技术有限公司,上海·青浦·金泽,1.5-3万·14薪,无经验,本科
Java/c++/前端/测试开发工程师（接受应届，导师带教）,外企德科数字技术有限公司,成都·郫都·合作街道,1.5-3万·14薪,经验不限,本科
Java/c++/前端/测试开发工程师（接受应届，导师带教）,外企德科数字技术有限公司,成都·郫都·合作街道,1.5-3万·14薪,经验不限,本科
JAVA/C++/C/Python 14薪双休 应届生可投,外企德科数字技术有限公司,苏州·昆山·玉山,1.5-3万,经验不限,本科
JAVA/C++/C/Python 14薪双休 应届生可投,外企德科数字技术有限公司,苏州·昆山·玉山,1.5-3万,经验不限,本科
Java/C++/C/Python/GO/JS,外企德科数字技术有限公司,东莞·大朗镇,1.2-2.4万·15薪,经验不限,本科
Java/C++/C/Python/GO/JS,外企德科数字技术有限公司,东莞·大朗镇,1.2-2.4万·15薪,经验不限,本科
软件开发工程师（Java/C/C++/python),外企德科数字技术有限公司,深圳·龙岗·坂田,1.5-3万·14薪,经验不限,本科
软件开发工程师（Java/C/C++/python),外企德科数字技术有限公司,深圳·龙岗·坂田,1.5-3万·14薪,经验不限,本科
软件开发工程师（Java/C/C++/python),外企德科数字技术有限公司,深圳·龙岗·坂田,1.5-3万·14薪,经验不限,本科
软件开发工程师（Java/C/C++/python),外企德科数字技术有限公司,深圳·龙岗·坂田,1.5-3万·14薪,经验不限,本科
Java/C/C++软件开发/测试工程师（双休+五险一金+年终奖）,外企德科数字技术有限公司,西安·雁塔·漳浒寨,1.9-3.5万·16薪,经验不限,本科
Java/C/C++软件开发/测试工程师（双休+五险一金+年终奖）,外企德科数字技术有限公司,西安·雁塔·漳浒寨,1.9-3.5万·16薪,经验不限,本科
Java/C++/C/Python/前端/测试（25届可投）,外企德科数字技术有限公司,上海·青浦·金泽,1.5-3万·15薪,经验不限,本科
Java/C++/C/Python/前端/测试（25届可投）,外企德科数字技术有限公司,上海·青浦·金泽,1.5-3万·15薪,经验不限,本科
测试/前端/后端开发工程师Java/C/C++/Python,外企德科数字技术有限公司,杭州·滨江·长河,1.5-2.8万·14薪,经验不限,本科
测试/前端/后端开发工程师Java/C/C++/Python,外企德科数字技术有限公司,杭州·滨江·长河,1.5-2.8万·14薪,经验不限,本科
软件开发工程师（java/c++/测试/算法）,外企德科数字技术有限公司,南京·雨花台·雨花,1.5-3万,无经验,本科
软件开发工程师（java/c++/测试/算法）,外企德科数字技术有限公司,南京·雨花台·雨花,1.5-3万,无经验,本科
java/c++/python后端开发/软件测试,外企德科数字技术有限公司,深圳·龙岗·坂田,1.5-3万·16薪,经验不限,本科
java/c++/python后端开发/软件测试,外企德科数字技术有限公司,深圳·龙岗·坂田,1.5-3万·16薪,经验不限,本科
软件开发工程师（Java/C/C++/python),外企德科数字技术有限公司,武汉·江夏·豹澥,1.5-3万·14薪,经验不限,本科
软件开发工程师（Java/C/C++/python),外企德科数字技术有限公司,武汉·江夏·豹澥,1.5-3万·14薪,经验不限,本科
Java/python/JS/C++/测试(核心项目 年终奖,外企德科数字技术有限公司,西安·雁塔·漳浒寨,1.8-3.5万·16薪,经验不限,本科
Java/python/JS/C++/测试(核心项目 年终奖,外企德科数字技术有限公司,西安·雁塔·漳浒寨,1.8-3.5万·16薪,经验不限,本科
高级java工程师,外企德科数字技术有限公司,深圳·龙岗·坂田,1.5-3万,经验不限,本科
高级java工程师,外企德科数字技术有限公司,深圳·龙岗·坂田,1.5-3万,经验不限,本科
java软件开发工程师,外企德科数字技术有限公司,西安·雁塔·漳浒寨,1.4-2.5万·14薪,1-3年,本科
java软件开发工程师,外企德科数字技术有限公司,西安·雁塔·漳浒寨,1.4-2.5万·14薪,1-3年,本科
软件研发工程师（有Java、C、C++、Python、go、JS等）,外企德科数字技术有限公司,上海·浦东·金桥,1.2-2.4万·14薪,经验不限,本科
软件研发工程师（有Java、C、C++、Python、go、JS等）,外企德科数字技术有限公司,上海·浦东·金桥,1.2-2.4万·14薪,经验不限,本科
软件研发工程师（有Java、C、C++、Python、go、JS等）,外企德科数字技术有限公司,苏州·工业园区,1.2-2.4万·14薪,经验不限,本科
软件研发工程师（有Java、C、C++、Python、go、JS等）,外企德科数字技术有限公司,苏州·工业园区,1.2-2.4万·14薪,经验不限,本科
Java开发工程师-上海,外企德科数字技术有限公司,上海·杨浦·大桥,1.7-1.8万,3-5年,本科
Java开发工程师-上海,外企德科数字技术有限公司,上海·杨浦·大桥,1.7-1.8万,3-5年,本科
java软件开发工程师,外企德科数字技术有限公司,武汉·江夏·豹澥,1.5-3万·14薪,经验不限,本科
java软件开发工程师,外企德科数字技术有限公司,武汉·江夏·豹澥,1.5-3万·14薪,经验不限,本科
前/后端开发工程师（Java / C/C++ / Python / JS 等方向）接受小白,外企德科数字技术有限公司,杭州·滨江·长河,1-1.1万·14薪,经验不限,本科
前/后端开发工程师（Java / C/C++ / Python / JS 等方向）接受小白,外企德科数字技术有限公司,杭州·滨江·长河,1-1.1万·14薪,经验不限,本科
前端后端开发测试招聘（java/C/js/python）,外企德科数字技术有限公司,深圳·龙岗·坂田,1.5-3万·14薪,经验不限,本科
前端后端开发测试招聘（java/C/js/python）,外企德科数字技术有限公司,深圳·龙岗·坂田,1.5-3万·14薪,经验不限,本科
Java/JS/Python/算法/C/C++工程师,外企德科数字技术有限公司,深圳·龙岗·坂田,1.2-2.4万·14薪,经验不限,本科
Java/JS/Python/算法/C/C++工程师,外企德科数字技术有限公司,深圳·龙岗·坂田,1.2-2.4万·14薪,经验不限,本科
Java/JS/Python/算法/C/C++工程师,外企德科数字技术有限公司,上海·浦东·金桥,1.2-2.4万·14薪,经验不限,本科
Java/JS/Python/算法/C/C++工程师,外企德科数字技术有限公司,上海·浦东·金桥,1.2-2.4万·14薪,经验不限,本科
Java/JS/Python/算法/C/C++工程师,外企德科数字技术有限公司,杭州·滨江·西兴,1.2-2.4万·14薪,经验不限,本科
Java/JS/Python/算法/C/C++工程师,外企德科数字技术有限公司,杭州·滨江·西兴,1.2-2.4万·14薪,经验不限,本科
JAVA/C/C++/Python/go/web开发工程师 全国岗，14薪，全额社保公积金 应届生/考研/考公失败可投,外企德科数字技术有限公司,上海·青浦·金泽,1.5-3万·14薪,经验不限,本科
JAVA/C/C++/Python/go/web开发工程师 全国岗，14薪，全额社保公积金 应届生/考研/考公失败可投,外企德科数字技术有限公司,上海·青浦·金泽,1.5-3万·14薪,经验不限,本科
高薪诚聘Java/c++/python后端开发/开发工程师 (高额年终奖),外企德科数字技术有限公司,西安·雁塔·丈八沟,1.5-3万·14薪,经验不限,本科
高薪诚聘Java/c++/python后端开发/开发工程师 (高额年终奖),外企德科数字技术有限公司,西安·雁塔·丈八沟,1.5-3万·14薪,经验不限,本科
高薪诚聘Java/c++/python后端开发/开发工程师 (高额年终奖),外企德科数字技术有限公司,西安·雁塔·丈八沟,1.5-3万·14薪,经验不限,本科
高薪诚聘Java/c++/python后端开发/开发工程师 (高额年终奖),外企德科数字技术有限公司,西安·雁塔·丈八沟,1.5-3万·14薪,经验不限,本科
Java/Python/C/C++/Web/测试工程师,外企德科数字技术有限公司,杭州·滨江·长河,1.3-2.6万·16薪,经验不限,本科
Java/Python/C/C++/Web/测试工程师,外企德科数字技术有限公司,杭州·滨江·长河,1.3-2.6万·16薪,经验不限,本科
java软件开发工程师,外企德科数字技术有限公司,北京·海淀,1-2万,经验不限,本科
java软件开发工程师,外企德科数字技术有限公司,北京·海淀,1-2万,经验不限,本科
Java软件开发工程师，应届生也可培养,外企德科数字技术有限公司,成都·郫都·合作街道,1.5-3万·14薪,无经验,本科
Java软件开发工程师，应届生也可培养,外企德科数字技术有限公司,成都·郫都·合作街道,1.5-3万·14薪,无经验,本科
JAVA/C++/C/Python 14薪双休 应届生可投,外企德科数字技术有限公司,成都·锦江·书院街,1.5-3万,经验不限,本科
JAVA/C++/C/Python 14薪双休 应届生可投,外企德科数字技术有限公司,成都·锦江·书院街,1.5-3万,经验不限,本科
Java/C++/python/c/算法岗位,外企德科数字技术有限公司,西安·雁塔·漳浒寨,1.5-3万,经验不限,本科
Java/C++/python/c/算法岗位,外企德科数字技术有限公司,西安·雁塔·漳浒寨,1.5-3万,经验不限,本科
c++/python/java/c/算法/测试,外企德科数字技术有限公司,武汉·江夏·豹澥,1.5-3万·14薪,经验不限,本科
c++/python/java/c/算法/测试,外企德科数字技术有限公司,武汉·江夏·豹澥,1.5-3万·14薪,经验不限,本科
c++/python/java/c/算法/测试,外企德科数字技术有限公司,成都·郫都·合作街道,1.5-3万·14薪,经验不限,本科
c++/python/java/c/算法/测试,外企德科数字技术有限公司,成都·郫都·合作街道,1.5-3万·14薪,经验不限,本科
Java,外企德科数字技术有限公司,苏州·工业园区,1.6-2.7万,经验不限,本科
Java,外企德科数字技术有限公司,苏州·工业园区,1.6-2.7万,经验不限,本科
Java（游戏电商行业外包）,外企德科数字技术有限公司,上海·浦东·曹路,1.5-2.5万,3-5年,本科
Java（游戏电商行业外包）,外企德科数字技术有限公司,上海·浦东·曹路,1.5-2.5万,3-5年,本科
Java/C/C++/Python/js前端,外企德科数字技术有限公司,苏州·工业园区,1.5-3万·14薪,经验不限,学历不限
Java/C/C++/Python/js前端,外企德科数字技术有限公司,苏州·工业园区,1.5-3万·14薪,经验不限,学历不限
java开发工程师,外企德科数字技术有限公司,南京·建邺·沙洲,8000-12000元,经验不限,本科
java开发工程师,外企德科数字技术有限公司,南京·建邺·沙洲,8000-12000元,经验不限,本科
资深java工程师（有go经验，视频面试）,外企德科数字技术有限公司,北京·朝阳,1.5-3万·15薪,3-5年,本科
资深java工程师（有go经验，视频面试）,外企德科数字技术有限公司,北京·朝阳,1.5-3万·15薪,3-5年,本科
java/c++/C/Python/前端开发工程师,外企德科数字技术有限公司,北京·海淀,1.5-3万·14薪,经验不限,本科
java/c++/C/Python/前端开发工程师,外企德科数字技术有限公司,北京·海淀,1.5-3万·14薪,经验不限,本科
java软件开发工程师,外企德科数字技术有限公司,北京·海淀,1.3-2.6万·14薪,经验不限,本科
java软件开发工程师,外企德科数字技术有限公司,北京·海淀,1.3-2.6万·14薪,经验不限,本科
java/c++/C/Python/前端开发工程师,外企德科数字技术有限公司,成都·郫都·合作街道,1.5-3万·14薪,经验不限,本科
java/c++/C/Python/前端开发工程师,外企德科数字技术有限公司,成都·郫都·合作街道,1.5-3万·14薪,经验不限,本科
java/Python/C/C++/JS/AI算法/软件测试,外企德科数字技术有限公司,深圳·龙岗·坂田,2-4万,经验不限,本科
java/Python/C/C++/JS/AI算法/软件测试,外企德科数字技术有限公司,深圳·龙岗·坂田,2-4万,经验不限,本科
Java/C/C++/Python/GO/JS,外企德科数字技术有限公司,杭州·滨江·长河,1.3-2.6万·14薪,经验不限,本科
Java/C/C++/Python/GO/JS,外企德科数字技术有限公司,杭州·滨江·长河,1.3-2.6万·14薪,经验不限,本科
Java开发工程师,外企德科数字技术有限公司,北京·海淀,1.6-3万·14薪,经验不限,本科
Java开发工程师,外企德科数字技术有限公司,北京·海淀,1.6-3万·14薪,经验不限,本科
java/c++/python后端开发/软件测试,外企德科数字技术有限公司,北京·朝阳,1.5-3万·16薪,经验不限,本科
java/c++/python后端开发/软件测试,外企德科数字技术有限公司,北京·朝阳,1.5-3万·16薪,经验不限,本科
Java/c/c++/python/js软件开发工程师,外企德科数字技术有限公司,西安·雁塔·漳浒寨,1.4-2.8万·14薪,经验不限,本科
Java/c/c++/python/js软件开发工程师,外企德科数字技术有限公司,西安·雁塔·漳浒寨,1.4-2.8万·14薪,经验不限,本科
Java/c/c++/python/js软件开发工程师,外企德科数字技术有限公司,西安·雁塔·漳浒寨,1.4-2.8万·14薪,经验不限,本科
Java/c/c++/python/js软件开发工程师,外企德科数字技术有限公司,西安·雁塔·漳浒寨,1.4-2.8万·14薪,经验不限,本科
Java/Python/C/C++/测试/算法/前端岗,外企德科数字技术有限公司,杭州·滨江·长河,1.2-2.4万·14薪,经验不限,本科
Java/Python/C/C++/测试/算法/前端岗,外企德科数字技术有限公司,杭州·滨江·长河,1.2-2.4万·14薪,经验不限,本科
Java/C/C++软件开发/测试工程师（双休+五险一金+年终奖）,外企德科数字技术有限公司,深圳·龙岗·坂田,1.9-3.5万·16薪,经验不限,本科
Java/C/C++软件开发/测试工程师（双休+五险一金+年终奖）,外企德科数字技术有限公司,深圳·龙岗·坂田,1.9-3.5万·16薪,经验不限,本科
Java中高级开发（14-16薪、15k-35k、双休）,外企德科数字技术有限公司,深圳·龙岗·坂田,1.5-3万·16薪,经验不限,本科
Java中高级开发（14-16薪、15k-35k、双休）,外企德科数字技术有限公司,深圳·龙岗·坂田,1.5-3万·16薪,经验不限,本科
Java/C/C++/Python/前端/测试（接受应届）,外企德科数字技术有限公司,上海·浦东·金桥,1.6-2.4万·14薪,经验不限,本科
Java/C/C++/Python/前端/测试（接受应届）,外企德科数字技术有限公司,上海·浦东·金桥,1.6-2.4万·14薪,经验不限,本科
Java开发工程师,外企德科数字技术有限公司,深圳·龙岗·坂田,1.3-2.6万·14薪,经验不限,本科
Java开发工程师,外企德科数字技术有限公司,深圳·龙岗·坂田,1.3-2.6万·14薪,经验不限,本科
Java软件开发工程师，应届生也可培养,外企德科数字技术有限公司,深圳·龙岗·坂田,1.5-3万·14薪,无经验,本科
Java软件开发工程师，应届生也可培养,外企德科数字技术有限公司,深圳·龙岗·坂田,1.5-3万·14薪,无经验,本科
Java/C++/python/c/算法岗位,外企德科数字技术有限公司,广州·白云·松洲,1.5-3万,经验不限,本科
Java/C++/python/c/算法岗位,外企德科数字技术有限公司,广州·白云·松洲,1.5-3万,经验不限,本科
c++/python/java/c/算法/测试,外企德科数字技术有限公司,北京·海淀,1.5-3万·14薪,经验不限,本科
c++/python/java/c/算法/测试,外企德科数字技术有限公司,北京·海淀,1.5-3万·14薪,经验不限,本科
Java/Python/C/C++/测试/算法/前端岗,外企德科数字技术有限公司,南京·雨花台·雨花,1.2-2.4万·14薪,经验不限,本科
Java/Python/C/C++/测试/算法/前端岗,外企德科数字技术有限公司,南京·雨花台·雨花,1.2-2.4万·14薪,经验不限,本科
软件开发/测试（JAVA/C/Python/web）等,外企德科数字技术有限公司,武汉·江夏·豹澥,1.4-2.7万·16薪,经验不限,本科
软件开发/测试（JAVA/C/Python/web）等,外企德科数字技术有限公司,武汉·江夏·豹澥,1.4-2.7万·16薪,经验不限,本科
java软件开发工程师,外企德科数字技术有限公司,上海·青浦·金泽,1.6-2.7万·14薪,1-3年,本科
java软件开发工程师,外企德科数字技术有限公司,上海·青浦·金泽,1.6-2.7万·14薪,1-3年,本科
c/c++/java/python开发/测试【base成都】,外企德科数字技术有限公司,成都·郫都·合作街道,1.1-2万·14薪,经验不限,本科
c/c++/java/python开发/测试【base成都】,外企德科数字技术有限公司,成都·郫都·合作街道,1.1-2万·14薪,经验不限,本科
c/c++/java/python开发/测试【base杭州】,外企德科数字技术有限公司,杭州·滨江·长河,1.2-2万·14薪,经验不限,本科
c/c++/java/python开发/测试【base杭州】,外企德科数字技术有限公司,杭州·滨江·长河,1.2-2万·14薪,经验不限,本科
测试/前端/后端开发工程师Java/C/C++/JS/Python,外企德科数字技术有限公司,西安·雁塔·漳浒寨,1.4-2.8万·14薪,经验不限,本科
测试/前端/后端开发工程师Java/C/C++/JS/Python,外企德科数字技术有限公司,西安·雁塔·漳浒寨,1.4-2.8万·14薪,经验不限,本科
java软件开发工程师,外企德科数字技术有限公司,南京·雨花台·雨花,1.3-1.5万,经验不限,学历不限
java软件开发工程师,外企德科数字技术有限公司,南京·雨花台·雨花,1.3-1.5万,经验不限,学历不限
c++/java 软件研发工程师,外企德科数字技术有限公司,东莞·大朗镇,1.3-2.6万,1-3年,本科
c++/java 软件研发工程师,外企德科数字技术有限公司,东莞·大朗镇,1.3-2.6万,1-3年,本科
软件岗（Java/Python/C/C++/软测/嵌入式等）,外企德科数字技术有限公司,东莞·大朗镇,1.4-2.8万·14薪,经验不限,本科
软件岗（Java/Python/C/C++/软测/嵌入式等）,外企德科数字技术有限公司,东莞·大朗镇,1.4-2.8万·14薪,经验不限,本科
软件岗（Java/Python/C/C++/软测/嵌入式等）,外企德科数字技术有限公司,广州·白云·松洲,1.2-2.4万·14薪,经验不限,本科
软件岗（Java/Python/C/C++/软测/嵌入式等）,外企德科数字技术有限公司,广州·白云·松洲,1.2-2.4万·14薪,经验不限,本科
软件开发工程师（C/C++、 Java、Scala、Python、go，JS/前后端/测试等）,外企德科数字技术有限公司,西安·雁塔·漳浒寨,1.2-2万·14薪,经验不限,本科
软件开发工程师（C/C++、 Java、Scala、Python、go，JS/前后端/测试等）,外企德科数字技术有限公司,西安·雁塔·漳浒寨,1.2-2万·14薪,经验不限,本科
java开发软件工程师,外企德科数字技术有限公司,北京·海淀,1.5-3万·15薪,经验不限,本科
java开发软件工程师,外企德科数字技术有限公司,北京·海淀,1.5-3万·15薪,经验不限,本科
java开发软件工程师,外企德科数字技术有限公司,北京·海淀,1.5-3万·15薪,经验不限,本科
java开发软件工程师,外企德科数字技术有限公司,北京·海淀,1.5-3万·15薪,经验不限,本科
Java/python/C/C++/JS前后端软件开发工程师,外企德科数字技术有限公司,上海·青浦·金泽,1.3-2.6万·14薪,经验不限,本科
Java/python/C/C++/JS前后端软件开发工程师,外企德科数字技术有限公司,上海·青浦·金泽,1.3-2.6万·14薪,经验不限,本科
java/Python/C/C++/JS/AI算法/软件测试,外企德科数字技术有限公司,长沙·岳麓·麓谷,2-4万,经验不限,本科
java/Python/C/C++/JS/AI算法/软件测试,外企德科数字技术有限公司,长沙·岳麓·麓谷,2-4万,经验不限,本科
(双休+六险一金，14-16薪）Java/Python/C/C++/JS,外企德科数字技术有限公司,上海·青浦·金泽,1.8-3.5万·14薪,经验不限,本科
(双休+六险一金，14-16薪）Java/Python/C/C++/JS,外企德科数字技术有限公司,上海·青浦·金泽,1.8-3.5万·14薪,经验不限,本科
Java开发工程师（14-16薪/线上面试）,外企德科数字技术有限公司,杭州·滨江·长河,1.2-2.4万·14薪,经验不限,本科
Java开发工程师（14-16薪/线上面试）,外企德科数字技术有限公司,杭州·滨江·长河,1.2-2.4万·14薪,经验不限,本科
java/c++/C/Python/前端开发工程师,外企德科数字技术有限公司,武汉·江夏·豹澥,1.5-3万·14薪,经验不限,本科
java/c++/C/Python/前端开发工程师,外企德科数字技术有限公司,武汉·江夏·豹澥,1.5-3万·14薪,经验不限,本科
Java/C/C++/Python/前端/测试（接受应届）,外企德科数字技术有限公司,南京·雨花台·雨花,1.5-3万·14薪,经验不限,本科
Java/C/C++/Python/前端/测试（接受应届）,外企德科数字技术有限公司,南京·雨花台·雨花,1.5-3万·14薪,经验不限,本科
java软件开发工程师,外企德科数字技术有限公司,杭州·滨江·长河,1.3-2.5万·14薪,经验不限,本科
java软件开发工程师,外企德科数字技术有限公司,杭州·滨江·长河,1.3-2.5万·14薪,经验不限,本科
C/C++/Java/Python/JS软件开发/算法/数据,外企德科数字技术有限公司,东莞·大朗镇,1.7-3万·15薪,经验不限,本科
C/C++/Java/Python/JS软件开发/算法/数据,外企德科数字技术有限公司,东莞·大朗镇,1.7-3万·15薪,经验不限,本科
Java/Python/C/C++/Web/测试工程师,外企德科数字技术有限公司,苏州·工业园区,1.4-2.8万·16薪,经验不限,本科
Java/Python/C/C++/Web/测试工程师,外企德科数字技术有限公司,苏州·工业园区,1.4-2.8万·16薪,经验不限,本科
java软件开发工程师,外企德科数字技术有限公司,深圳·龙岗·坂田,2.2-4万,5-10年,本科
java软件开发工程师,外企德科数字技术有限公司,深圳·龙岗·坂田,2.2-4万,5-10年,本科
C/C++/Java/JS/Python软件开发（全国有岗 接受应届）,外企德科数字技术有限公司,福州·仓山·金山,1.5-3万·14薪,经验不限,本科
C/C++/Java/JS/Python软件开发（全国有岗 接受应届）,外企德科数字技术有限公司,福州·仓山·金山,1.5-3万·14薪,经验不限,本科
软件开发（多语言 Java Python C/C++js等测试,外企德科数字技术有限公司,北京·海淀,1.2-2.4万,经验不限,本科
软件开发（多语言 Java Python C/C++js等测试,外企德科数字技术有限公司,北京·海淀,1.2-2.4万,经验不限,本科
股票+年终奖Java/C++/C/Python/Web,外企德科数字技术有限公司,上海·青浦·金泽,1.8-3.5万·14薪,经验不限,本科
股票+年终奖Java/C++/C/Python/Web,外企德科数字技术有限公司,上海·青浦·金泽,1.8-3.5万·14薪,经验不限,本科
JAVA/ Python/C/C++/GO/数据开发,外企德科数字技术有限公司,杭州·滨江·长河,1.5-3万,经验不限,本科
JAVA/ Python/C/C++/GO/数据开发,外企德科数字技术有限公司,杭州·滨江·长河,1.5-3万,经验不限,本科
Java/c/c++/python/js软件开发工程师,外企德科数字技术有限公司,深圳·龙岗·坂田,1.4-2.8万·14薪,经验不限,本科
Java/c/c++/python/js软件开发工程师,外企德科数字技术有限公司,深圳·龙岗·坂田,1.4-2.8万·14薪,经验不限,本科
Java/c/c++/python/js软件开发工程师,外企德科数字技术有限公司,北京·海淀,1.4-2.8万·14薪,经验不限,本科
Java/c/c++/python/js软件开发工程师,外企德科数字技术有限公司,北京·海淀,1.4-2.8万·14薪,经验不限,本科
java/c++/python后端开发/软件测试,外企德科数字技术有限公司,成都·郫都·合作街道,1.5-3万·16薪,经验不限,本科
java/c++/python后端开发/软件测试,外企德科数字技术有限公司,成都·郫都·合作街道,1.5-3万·16薪,经验不限,本科
月薪15-35k/java/c++/python后端开发/算法/测试,外企德科数字技术有限公司,深圳·龙岗·坂田,1.5-3万·14薪,经验不限,本科
月薪15-35k/java/c++/python后端开发/算法/测试,外企德科数字技术有限公司,深圳·龙岗·坂田,1.5-3万·14薪,经验不限,本科
java软件开发工程师,外企德科数字技术有限公司,北京·海淀,1.6-3万,经验不限,本科
java软件开发工程师,外企德科数字技术有限公司,北京·海淀,1.6-3万,经验不限,本科
java软件开发工程师,外企德科数字技术有限公司,武汉·江夏·豹澥,1.5-3万·14薪,经验不限,本科
java软件开发工程师,外企德科数字技术有限公司,武汉·江夏·豹澥,1.5-3万·14薪,经验不限,本科
java软件开发工程师,外企德科数字技术有限公司,武汉·江夏·豹澥,1.5-3万·14薪,经验不限,本科
java软件开发工程师,外企德科数字技术有限公司,武汉·江夏·豹澥,1.5-3万·14薪,经验不限,本科
Java开发工程师/大厂自研核心自研项目,外企德科数字技术有限公司,武汉·江夏·豹澥,1.4-2.8万·15薪,1-3年,硕士
Java开发工程师/大厂自研核心自研项目,外企德科数字技术有限公司,武汉·江夏·豹澥,1.4-2.8万·15薪,1-3年,硕士
java软件开发工程师,外企德科数字技术有限公司,南京·雨花台·雨花,1.5-3万·14薪,经验不限,本科
java软件开发工程师,外企德科数字技术有限公司,南京·雨花台·雨花,1.5-3万·14薪,经验不限,本科
JAVA（杭州）考公考研失败可，无经验可,外企德科数字技术有限公司,杭州·滨江·长河,1.5-3万·14薪,无经验,本科
JAVA（杭州）考公考研失败可，无经验可,外企德科数字技术有限公司,杭州·滨江·长河,1.5-3万·14薪,无经验,本科
Java软件开发工程师，应届生也可培养,外企德科数字技术有限公司,广州·越秀·建设街道,1.5-3万·14薪,无经验,本科
Java软件开发工程师，应届生也可培养,外企德科数字技术有限公司,广州·越秀·建设街道,1.5-3万·14薪,无经验,本科
前/后端开发 Java、C++、python、js,外企德科数字技术有限公司,深圳·龙岗·坂田,1.5-3万·14薪,无经验,本科
前/后端开发 Java、C++、python、js,外企德科数字技术有限公司,深圳·龙岗·坂田,1.5-3万·14薪,无经验,本科
软件开发（多语言 Java Python C/C++js等测试,外企德科数字技术有限公司,上海·青浦·金泽,1.2-2.4万,经验不限,本科
软件开发（多语言 Java Python C/C++js等测试,外企德科数字技术有限公司,上海·青浦·金泽,1.2-2.4万,经验不限,本科
软件开发工程师（Java/C/C++/python),外企德科数字技术有限公司,北京·海淀·上地,1.5-3万·14薪,经验不限,本科
软件开发工程师（Java/C/C++/python),外企德科数字技术有限公司,北京·海淀·上地,1.5-3万·14薪,经验不限,本科
软件开发工程师(Java/C/C++/Python/Js),外企德科数字技术有限公司,东莞·大朗镇,1.5-3万,经验不限,本科
软件开发工程师(Java/C/C++/Python/Js),外企德科数字技术有限公司,东莞·大朗镇,1.5-3万,经验不限,本科
java/python/c/c++/算法/测试,外企德科数字技术有限公司,南京·雨花台·雨花,1.5-3万·14薪,经验不限,本科
java/python/c/c++/算法/测试,外企德科数字技术有限公司,南京·雨花台·雨花,1.5-3万·14薪,经验不限,本科
JAVA/JS/C/C++/Python/go/测试,外企德科数字技术有限公司,东莞·大朗镇,1.5-3万·14薪,经验不限,本科
JAVA/JS/C/C++/Python/go/测试,外企德科数字技术有限公司,东莞·大朗镇,1.5-3万·14薪,经验不限,本科
java/python/c/c++/算法/测试,外企德科数字技术有限公司,武汉·江夏·豹澥,1.5-3万·14薪,经验不限,本科
java/python/c/c++/算法/测试,外企德科数字技术有限公司,武汉·江夏·豹澥,1.5-3万·14薪,经验不限,本科
JAVA/JS/C/C++/Python/go/测试,外企德科数字技术有限公司,苏州·工业园区,1.5-3万·14薪,经验不限,本科
JAVA/JS/C/C++/Python/go/测试,外企德科数字技术有限公司,苏州·工业园区,1.5-3万·14薪,经验不限,本科
java开发（阿里系正编/统本）,外企德科数字技术有限公司,西安·雁塔·丈八沟,1.2-1.8万,3-5年,本科
java开发（阿里系正编/统本）,外企德科数字技术有限公司,西安·雁塔·丈八沟,1.2-1.8万,3-5年,本科
后/前端开发、测试【24/25/无经验也可投】接受java、c＋＋、js不限语言,外企德科数字技术有限公司,苏州·工业园区,1.5-3万·14薪,经验不限,本科
后/前端开发、测试【24/25/无经验也可投】接受java、c＋＋、js不限语言,外企德科数字技术有限公司,苏州·工业园区,1.5-3万·14薪,经验不限,本科
软件岗（Java/Python/C/C++/软测/嵌入式等）,外企德科数字技术有限公司,上海·浦东·金桥,1.4-2.8万·14薪,经验不限,本科
软件岗（Java/Python/C/C++/软测/嵌入式等）,外企德科数字技术有限公司,上海·浦东·金桥,1.4-2.8万·14薪,经验不限,本科
java软件开发工程师,外企德科数字技术有限公司,北京·海淀,1.3-2.4万,经验不限,本科
java软件开发工程师,外企德科数字技术有限公司,北京·海淀,1.3-2.4万,经验不限,本科
高级Java开发工程师（驻场）,外企德科数字技术有限公司,成都·武侯·桂溪,1.2-1.5万,经验不限,本科
高级Java开发工程师（驻场）,外企德科数字技术有限公司,成都·武侯·桂溪,1.2-1.5万,经验不限,本科
java开发软件工程师,外企德科数字技术有限公司,西安·雁塔·漳浒寨,1.5-3万·15薪,经验不限,本科
java开发软件工程师,外企德科数字技术有限公司,西安·雁塔·漳浒寨,1.5-3万·15薪,经验不限,本科
java/c++/C/Python/前端开发工程师,外企德科数字技术有限公司,东莞·大朗镇,1.5-3万·14薪,经验不限,本科
java/c++/C/Python/前端开发工程师,外企德科数字技术有限公司,东莞·大朗镇,1.5-3万·14薪,经验不限,本科
Java开发工程师（初中高级均有岗位）,外企德科数字技术有限公司,西安·雁塔·漳浒寨,1.5-3万·14薪,经验不限,本科
Java开发工程师（初中高级均有岗位）,外企德科数字技术有限公司,西安·雁塔·漳浒寨,1.5-3万·14薪,经验不限,本科
Java开发工程师（初中高级均有岗位）,外企德科数字技术有限公司,西安·雁塔·漳浒寨,1.5-3万·14薪,经验不限,本科
Java开发工程师（初中高级均有岗位）,外企德科数字技术有限公司,西安·雁塔·漳浒寨,1.5-3万·14薪,经验不限,本科
C/C++/Java/JS/Python软件开发（全国有岗 接受应届）,外企德科数字技术有限公司,西安·雁塔·漳浒寨,1.5-3万·14薪,经验不限,本科
C/C++/Java/JS/Python软件开发（全国有岗 接受应届）,外企德科数字技术有限公司,西安·雁塔·漳浒寨,1.5-3万·14薪,经验不限,本科
java/c++/python后端开发 双休 高薪 五险一金,外企德科数字技术有限公司,东莞·大朗镇,1.5-3万·14薪,经验不限,本科
java/c++/python后端开发 双休 高薪 五险一金,外企德科数字技术有限公司,东莞·大朗镇,1.5-3万·14薪,经验不限,本科
java/python/c/c++ 应届可培养,外企德科数字技术有限公司,深圳·龙岗·坂田,1.6-2.4万·16薪,经验不限,本科
java/python/c/c++ 应届可培养,外企德科数字技术有限公司,深圳·龙岗·坂田,1.6-2.4万·16薪,经验不限,本科
java、C/C++、python等个后端开发,外企德科数字技术有限公司,深圳·龙岗·坂田,1.6-3万·14薪,经验不限,本科
java、C/C++、python等个后端开发,外企德科数字技术有限公司,深圳·龙岗·坂田,1.6-3万·14薪,经验不限,本科
C/C++、Java、Scala、Python、JS等后端开发,外企德科数字技术有限公司,杭州·滨江·长河,1.7-3万·16薪,经验不限,本科
C/C++、Java、Scala、Python、JS等后端开发,外企德科数字技术有限公司,杭州·滨江·长河,1.7-3万·16薪,经验不限,本科
java、C/C++、python等个后端开发,外企德科数字技术有限公司,上海·浦东·金桥,1.6-3万·16薪,经验不限,本科
java、C/C++、python等个后端开发,外企德科数字技术有限公司,上海·浦东·金桥,1.6-3万·16薪,经验不限,本科
月薪15-35k/java/c++/python后端开发/,外企德科数字技术有限公司,上海·浦东·金桥,1.6-3万·14薪,经验不限,本科
月薪15-35k/java/c++/python后端开发/,外企德科数字技术有限公司,上海·浦东·金桥,1.6-3万·14薪,经验不限,本科
月薪15-35k/java/c++/python后端开发/算法/测试,外企德科数字技术有限公司,南京·雨花台·雨花,1.5-3万·14薪,经验不限,本科
月薪15-35k/java/c++/python后端开发/算法/测试,外企德科数字技术有限公司,南京·雨花台·雨花,1.5-3万·14薪,经验不限,本科
Java/C++开发工程师（接受25届，导师带教）,外企德科数字技术有限公司,南京·雨花台·雨花,1.6-3万·14薪,经验不限,本科
Java/C++开发工程师（接受25届，导师带教）,外企德科数字技术有限公司,南京·雨花台·雨花,1.6-3万·14薪,经验不限,本科
java软件开发工程师,外企德科数字技术有限公司,北京·海淀,1.5-3万·14薪,经验不限,本科
java软件开发工程师,外企德科数字技术有限公司,北京·海淀,1.5-3万·14薪,经验不限,本科
Java/C/C++/Python/Go开发工程师,外企德科数字技术有限公司,西安·雁塔·漳浒寨,1.3-2.6万·14薪,经验不限,本科
Java/C/C++/Python/Go开发工程师,外企德科数字技术有限公司,西安·雁塔·漳浒寨,1.3-2.6万·14薪,经验不限,本科
Java/C/C++/Python/JS 软件开发测试工程师,外企德科数字技术有限公司,长沙·岳麓·麓谷,1.5-2.8万·14薪,经验不限,本科
Java/C/C++/Python/JS 软件开发测试工程师,外企德科数字技术有限公司,长沙·岳麓·麓谷,1.5-2.8万·14薪,经验不限,本科
c++/python/java/c/算法/测试,外企德科数字技术有限公司,杭州·滨江·长河,1.5-3万·14薪,经验不限,本科
c++/python/java/c/算法/测试,外企德科数字技术有限公司,杭州·滨江·长河,1.5-3万·14薪,经验不限,本科
Java/C/C++/Python/前端/测试（接受应届）,外企德科数字技术有限公司,杭州·滨江·长河,1.5-3万·14薪,经验不限,本科
Java/C/C++/Python/前端/测试（接受应届）,外企德科数字技术有限公司,杭州·滨江·长河,1.5-3万·14薪,经验不限,本科
java开发,外企德科数字技术有限公司,武汉·洪山·关山,1.3-1.4万,3-5年,大专
java开发,外企德科数字技术有限公司,武汉·洪山·关山,1.3-1.4万,3-5年,大专
测试/前端/后端开发工程师Java/C/C++/Python,外企德科数字技术有限公司,长沙·开福·月湖,1.5-2.8万·14薪,经验不限,本科
测试/前端/后端开发工程师Java/C/C++/Python,外企德科数字技术有限公司,长沙·开福·月湖,1.5-2.8万·14薪,经验不限,本科
java后端工程师,外企德科数字技术有限公司,武汉·江夏·豹澥,1.2-2.4万·14薪,经验不限,本科
java后端工程师,外企德科数字技术有限公司,武汉·江夏·豹澥,1.2-2.4万·14薪,经验不限,本科
Java/C/C++/Python/前端/测试（接受应届）,外企德科数字技术有限公司,西安·雁塔·漳浒寨,1.5-3万·14薪,经验不限,本科
Java/C/C++/Python/前端/测试（接受应届）,外企德科数字技术有限公司,西安·雁塔·漳浒寨,1.5-3万·14薪,经验不限,本科
java软件开发工程师,外企德科数字技术有限公司,杭州·滨江·长河,1.5-3万·14薪,经验不限,本科
java软件开发工程师,外企德科数字技术有限公司,杭州·滨江·长河,1.5-3万·14薪,经验不限,本科
java/C++软件开发工程师,外企德科数字技术有限公司,东莞·大朗镇,1.2-2.3万,经验不限,本科
java/C++软件开发工程师,外企德科数字技术有限公司,东莞·大朗镇,1.2-2.3万,经验不限,本科
java/C++软件开发工程师,外企德科数字技术有限公司,东莞·大朗镇,1.2-2.3万,经验不限,本科
java/C++软件开发工程师,外企德科数字技术有限公司,东莞·大朗镇,1.2-2.3万,经验不限,本科
java开发/CPP/C/软件测试（接受0经验转行 考研失败）,外企德科数字技术有限公司,苏州·工业园区,1.3-2.6万·14薪,经验不限,本科
java开发/CPP/C/软件测试（接受0经验转行 考研失败）,外企德科数字技术有限公司,苏州·工业园区,1.3-2.6万·14薪,经验不限,本科
大数据开发（Java）,外企德科数字技术有限公司,上海·杨浦·大桥,1.2-2万,3-5年,大专
大数据开发（Java）,外企德科数字技术有限公司,上海·杨浦·大桥,1.2-2万,3-5年,大专
c/c++/java/python开发/测试【base南京】,外企德科数字技术有限公司,南京·雨花台·雨花,1.2-1.8万·14薪,经验不限,本科
c/c++/java/python开发/测试【base南京】,外企德科数字技术有限公司,南京·雨花台·雨花,1.2-1.8万·14薪,经验不限,本科
[Java/C/C++/Python/前端/测试（接受应届/无经验\考研考公失败过渡）大厂＋双休＋14~16薪open],外企德科数字技术有限公司,上海·浦东·金桥,1.5-3万·14薪,经验不限,本科
[Java/C/C++/Python/前端/测试（接受应届/无经验\考研考公失败过渡）大厂＋双休＋14~16薪open],外企德科数字技术有限公司,上海·浦东·金桥,1.5-3万·14薪,经验不限,本科
java软件开发工程师，应届生也可培养,外企德科数字技术有限公司,深圳·龙岗·坂田,1.5-3万·14薪,无经验,本科
java软件开发工程师，应届生也可培养,外企德科数字技术有限公司,深圳·龙岗·坂田,1.5-3万·14薪,无经验,本科
c/c++/java/python开发/测试【base北京】,外企德科数字技术有限公司,北京·海淀·上地,1.2-1.8万·14薪,经验不限,本科
c/c++/java/python开发/测试【base北京】,外企德科数字技术有限公司,北京·海淀·上地,1.2-1.8万·14薪,经验不限,本科
c/c++/java/python开发/测试【base武汉】,外企德科数字技术有限公司,武汉·江夏·豹澥,1.2-1.8万·14薪,经验不限,本科
c/c++/java/python开发/测试【base武汉】,外企德科数字技术有限公司,武汉·江夏·豹澥,1.2-1.8万·14薪,经验不限,本科
Java开发工程师,外企德科数字技术有限公司,北京·朝阳,1.5-3万·15薪,1-3年,本科
Java开发工程师,外企德科数字技术有限公司,北京·朝阳,1.5-3万·15薪,1-3年,本科
Java/JS/Python/算法/C/C++工程师,外企德科数字技术有限公司,南京·雨花台·雨花,1.2-2.4万·14薪,经验不限,本科
Java/JS/Python/算法/C/C++工程师,外企德科数字技术有限公司,南京·雨花台·雨花,1.2-2.4万·14薪,经验不限,本科
C/C++/Java/Python/GO/算法/web前端开发,外企德科数字技术有限公司,西安·雁塔·漳浒寨,1.6-3万·14薪,经验不限,本科
C/C++/Java/Python/GO/算法/web前端开发,外企德科数字技术有限公司,西安·雁塔·漳浒寨,1.6-3万·14薪,经验不限,本科
java、C/C++、js、python等后端开发,外企德科数字技术有限公司,合肥·蜀山·荷叶地,1.4-2.8万·16薪,经验不限,本科
java、C/C++、js、python等后端开发,外企德科数字技术有限公司,合肥·蜀山·荷叶地,1.4-2.8万·16薪,经验不限,本科
java/c++/C/Python/前端开发工程师,外企德科数字技术有限公司,上海·青浦·金泽,1.5-3万·14薪,经验不限,本科
java/c++/C/Python/前端开发工程师,外企德科数字技术有限公司,上海·青浦·金泽,1.5-3万·14薪,经验不限,本科
java开发软件工程师,外企德科数字技术有限公司,杭州·滨江·长河,1.5-3万·15薪,经验不限,本科
java开发软件工程师,外企德科数字技术有限公司,杭州·滨江·长河,1.5-3万·15薪,经验不限,本科
JAVA/ Python/C/C++/GO/数据开发,外企德科数字技术有限公司,上海·浦东·金桥,1.7-3万,经验不限,本科
JAVA/ Python/C/C++/GO/数据开发,外企德科数字技术有限公司,上海·浦东·金桥,1.7-3万,经验不限,本科
软件开发（多语言 Java Python C/C++js等测试,外企德科数字技术有限公司,武汉·江夏·豹澥,1.2-2.4万,经验不限,本科
软件开发（多语言 Java Python C/C++js等测试,外企德科数字技术有限公司,武汉·江夏·豹澥,1.2-2.4万,经验不限,本科
java软件开发工程师,外企德科数字技术有限公司,上海·青浦·金泽,2-4万·14薪,经验不限,本科
java软件开发工程师,外企德科数字技术有限公司,上海·青浦·金泽,2-4万·14薪,经验不限,本科
java软件开发工程师,外企德科数字技术有限公司,上海·浦东·金桥,1.2-2.4万·15薪,经验不限,本科
java软件开发工程师,外企德科数字技术有限公司,上海·浦东·金桥,1.2-2.4万·15薪,经验不限,本科
Java/C/C++/Python/Go开发工程师,外企德科数字技术有限公司,武汉·江夏·豹澥,1.3-2.6万,1-3年,本科
Java/C/C++/Python/Go开发工程师,外企德科数字技术有限公司,武汉·江夏·豹澥,1.3-2.6万,1-3年,本科
软件开发工程师（Java/C/C++/python),外企德科数字技术有限公司,成都·郫都·合作街道,1.5-3万·14薪,经验不限,本科
软件开发工程师（Java/C/C++/python),外企德科数字技术有限公司,成都·郫都·合作街道,1.5-3万·14薪,经验不限,本科
Java/Python/C/C++/测试/算法/前端岗,外企德科数字技术有限公司,苏州·工业园区,1.2-2.4万·14薪,经验不限,本科
Java/Python/C/C++/测试/算法/前端岗,外企德科数字技术有限公司,苏州·工业园区,1.2-2.4万·14薪,经验不限,本科
Java/Python/C/C++/测试/算法/前端岗,外企德科数字技术有限公司,苏州·工业园区,1.2-2.4万·14薪,经验不限,本科
Java/Python/C/C++/测试/算法/前端岗,外企德科数字技术有限公司,苏州·工业园区,1.2-2.4万·14薪,经验不限,本科
软件开发工程师（Java/C/C++/python),外企德科数字技术有限公司,苏州·工业园区,1.5-3万·14薪,经验不限,本科
软件开发工程师（Java/C/C++/python),外企德科数字技术有限公司,苏州·工业园区,1.5-3万·14薪,经验不限,本科
java/c++/C/Python/前端开发工程师,外企德科数字技术有限公司,西安·雁塔·漳浒寨,1.5-3万·14薪,经验不限,本科
java/c++/C/Python/前端开发工程师,外企德科数字技术有限公司,西安·雁塔·漳浒寨,1.5-3万·14薪,经验不限,本科
Java/ Web/ C开发/ 测试/算法/数据开发,外企德科数字技术有限公司,南京·雨花台·雨花,1.4-2.8万·14薪,经验不限,本科
Java/ Web/ C开发/ 测试/算法/数据开发,外企德科数字技术有限公司,南京·雨花台·雨花,1.4-2.8万·14薪,经验不限,本科
JAVA开发工程师,外企德科数字技术有限公司,深圳·龙岗·坂田,1.5-3万·14薪,经验不限,本科
JAVA开发工程师,外企德科数字技术有限公司,深圳·龙岗·坂田,1.5-3万·14薪,经验不限,本科
软件开发（多语言 Java Python C/C++js等测试,外企德科数字技术有限公司,南京·雨花台·雨花,1.2-2.4万,经验不限,本科
软件开发（多语言 Java Python C/C++js等测试,外企德科数字技术有限公司,南京·雨花台·雨花,1.2-2.4万,经验不限,本科
软件开发（多语言 Java Python C/C++js等测试,外企德科数字技术有限公司,深圳·龙岗·坂田,1.2-2.4万,经验不限,本科
软件开发（多语言 Java Python C/C++js等测试,外企德科数字技术有限公司,深圳·龙岗·坂田,1.2-2.4万,经验不限,本科
C/C++/Java/Python/Go通用软件开发/测试,外企德科数字技术有限公司,上海·浦东·金桥,1.5-3万,经验不限,本科
C/C++/Java/Python/Go通用软件开发/测试,外企德科数字技术有限公司,上海·浦东·金桥,1.5-3万,经验不限,本科
高薪社保公积金java/C/C++/开发测试工程师,外企德科数字技术有限公司,上海·杨浦·大桥,1-2万,1-3年,大专
高薪社保公积金java/C/C++/开发测试工程师,外企德科数字技术有限公司,上海·杨浦·大桥,1-2万,1-3年,大专
Java/C/C++/Python/前端/测试（接受应届）,外企德科数字技术有限公司,深圳·龙岗·坂田,1.6-3万,经验不限,本科
Java/C/C++/Python/前端/测试（接受应届）,外企德科数字技术有限公司,深圳·龙岗·坂田,1.6-3万,经验不限,本科
中级Java开发工程师,外企德科数字技术有限公司,北京·海淀,1.5-2.5万·15薪,3-5年,本科
中级Java开发工程师,外企德科数字技术有限公司,北京·海淀,1.5-2.5万·15薪,3-5年,本科
Java/python/JS/C++/测试(核心项目 年终奖,外企德科数字技术有限公司,苏州·工业园区,1.8-3.5万·16薪,经验不限,本科
Java/python/JS/C++/测试(核心项目 年终奖,外企德科数字技术有限公司,苏州·工业园区,1.8-3.5万·16薪,经验不限,本科
java/c++/python后端开发/软件测试,外企德科数字技术有限公司,西安·雁塔·丈八沟,1.5-3万·16薪,经验不限,本科
java/c++/python后端开发/软件测试,外企德科数字技术有限公司,西安·雁塔·丈八沟,1.5-3万·16薪,经验不限,本科
Java/C++中高级开发（线上面试，待遇可谈）,外企德科数字技术有限公司,杭州·滨江·长河,1.5-3万,3-5年,本科
Java/C++中高级开发（线上面试，待遇可谈）,外企德科数字技术有限公司,杭州·滨江·长河,1.5-3万,3-5年,本科
Java/C++/C/Python/GO/JS,外企德科数字技术有限公司,南京·江宁·秣陵,1.2-2.4万·15薪,经验不限,本科
Java/C++/C/Python/GO/JS,外企德科数字技术有限公司,南京·江宁·秣陵,1.2-2.4万·15薪,经验不限,本科
Java/C/C++/Python/JS 软件开发（多部门推荐）,外企德科数字技术有限公司,成都·郫都·合作街道,1.6-3万·14薪,经验不限,本科
Java/C/C++/Python/JS 软件开发（多部门推荐）,外企德科数字技术有限公司,成都·郫都·合作街道,1.6-3万·14薪,经验不限,本科
Java/C/C++/Python/前端/测试（接受应届）,外企德科数字技术有限公司,苏州·工业园区,1.5-3万·14薪,经验不限,本科
Java/C/C++/Python/前端/测试（接受应届）,外企德科数字技术有限公司,苏州·工业园区,1.5-3万·14薪,经验不限,本科
Java开发工程师（五险一金，双休）,外企德科数字技术有限公司,北京·朝阳,1.5-3万,经验不限,本科
Java开发工程师（五险一金，双休）,外企德科数字技术有限公司,北京·朝阳,1.5-3万,经验不限,本科
软件开发工程师(Java/C/C++/Python/Js),外企德科数字技术有限公司,苏州·工业园区,1.5-3万,经验不限,本科
软件开发工程师(Java/C/C++/Python/Js),外企德科数字技术有限公司,苏州·工业园区,1.5-3万,经验不限,本科
软件开发工程师(Java/C/C++/Python/Js),外企德科数字技术有限公司,成都·都江堰·聚源,1.5-3万,经验不限,本科
软件开发工程师(Java/C/C++/Python/Js),外企德科数字技术有限公司,成都·都江堰·聚源,1.5-3万,经验不限,本科
Java/python/JS/C++/C#\开发测试都可投递,外企德科数字技术有限公司,深圳·龙岗·坂田,1.5-3万,无经验,本科
Java/python/JS/C++/C#\开发测试都可投递,外企德科数字技术有限公司,深圳·龙岗·坂田,1.5-3万,无经验,本科
Java/python/JS/C++/C#\开发测试都可投递,外企德科数字技术有限公司,深圳·龙岗·坂田,1.5-3万,无经验,本科
Java/python/JS/C++/C#\开发测试都可投递,外企德科数字技术有限公司,深圳·龙岗·坂田,1.5-3万,无经验,本科
软件开发/测试（JAVA/C/Python/web）等,外企德科数字技术有限公司,北京·海淀,1.4-2.7万·16薪,经验不限,本科
软件开发/测试（JAVA/C/Python/web）等,外企德科数字技术有限公司,北京·海淀,1.4-2.7万·16薪,经验不限,本科
软件开发/测试（JAVA/C/Python/web）等,外企德科数字技术有限公司,西安·雁塔·漳浒寨,1.4-2.7万·16薪,经验不限,本科
软件开发/测试（JAVA/C/Python/web）等,外企德科数字技术有限公司,西安·雁塔·漳浒寨,1.4-2.7万·16薪,经验不限,本科
Java开发工程师,外企德科数字技术有限公司,南京·雨花台·雨花,1.3-2.6万,经验不限,本科
Java开发工程师,外企德科数字技术有限公司,南京·雨花台·雨花,1.3-2.6万,经验不限,本科
java软件开发工程师(不限经验、线上面试）,外企德科数字技术有限公司,南京·雨花台·雨花,1.5-3万,经验不限,本科
java软件开发工程师(不限经验、线上面试）,外企德科数字技术有限公司,南京·雨花台·雨花,1.5-3万,经验不限,本科
Java,外企德科数字技术有限公司,南京·雨花台·铁心桥,1.6-2.7万,经验不限,本科
Java,外企德科数字技术有限公司,南京·雨花台·铁心桥,1.6-2.7万,经验不限,本科
Java开发工程师,外企德科数字技术有限公司,上海·青浦·金泽,1.6-3万,经验不限,本科
Java开发工程师,外企德科数字技术有限公司,上海·青浦·金泽,1.6-3万,经验不限,本科
后/前段开发、测试【24/25/无经验可投】接受java、c++、js不限语言,外企德科数字技术有限公司,西安·雁塔·漳浒寨,1.4-2.8万·14薪,经验不限,本科
后/前段开发、测试【24/25/无经验可投】接受java、c++、js不限语言,外企德科数字技术有限公司,西安·雁塔·漳浒寨,1.4-2.8万·14薪,经验不限,本科
java软件开发工程师,外企德科数字技术有限公司,成都·郫都·合作街道,1.5-3万·14薪,经验不限,本科
java软件开发工程师,外企德科数字技术有限公司,成都·郫都·合作街道,1.5-3万·14薪,经验不限,本科
软件开发工程师（c++ Java python),外企德科数字技术有限公司,武汉·江夏·豹澥,1.2-2.4万·14薪,经验不限,本科
软件开发工程师（c++ Java python),外企德科数字技术有限公司,武汉·江夏·豹澥,1.2-2.4万·14薪,经验不限,本科
软件工程师（Java/python/JS/C++）,外企德科数字技术有限公司,杭州·滨江·长河,1.5-3万·14薪,经验不限,本科
软件工程师（Java/python/JS/C++）,外企德科数字技术有限公司,杭州·滨江·长河,1.5-3万·14薪,经验不限,本科
Java/C/C++软件开发/测试工程师（双休+五险一金+年终奖）,外企德科数字技术有限公司,武汉·江夏·豹澥,1.9-3.5万·16薪,经验不限,本科
Java/C/C++软件开发/测试工程师（双休+五险一金+年终奖）,外企德科数字技术有限公司,武汉·江夏·豹澥,1.9-3.5万·16薪,经验不限,本科
java软件开发工程师,外企德科数字技术有限公司,北京·朝阳,1.5-2.5万·15薪,经验不限,本科
java软件开发工程师,外企德科数字技术有限公司,北京·朝阳,1.5-2.5万·15薪,经验不限,本科
月薪15-35k/java/c++/python后端开发/算法、测试,外企德科数字技术有限公司,武汉·江夏·豹澥,1.5-3万·14薪,经验不限,学历不限
月薪15-35k/java/c++/python后端开发/算法、测试,外企德科数字技术有限公司,武汉·江夏·豹澥,1.5-3万·14薪,经验不限,学历不限
软件研发工程师（有Java、C、C++、Python、go、JS等）,外企德科数字技术有限公司,深圳·龙岗·坂田,1.2-2.4万·14薪,经验不限,本科
软件研发工程师（有Java、C、C++、Python、go、JS等）,外企德科数字技术有限公司,深圳·龙岗·坂田,1.2-2.4万·14薪,经验不限,本科
Java/python/C/C++/JS前后端软件开发工程师,外企德科数字技术有限公司,东莞·大朗镇,1.3-2.6万·14薪,经验不限,本科
Java/python/C/C++/JS前后端软件开发工程师,外企德科数字技术有限公司,东莞·大朗镇,1.3-2.6万·14薪,经验不限,本科
C/C++/Java/Python/JS软件开发/算法/数据,外企德科数字技术有限公司,广州·白云·松洲,1.7-3万·15薪,经验不限,本科
C/C++/Java/Python/JS软件开发/算法/数据,外企德科数字技术有限公司,广州·白云·松洲,1.7-3万·15薪,经验不限,本科
C/C++/Java/Python/JS软件开发/算法/数据,外企德科数字技术有限公司,深圳·龙岗·坂田,1.7-3万·15薪,经验不限,本科
C/C++/Java/Python/JS软件开发/算法/数据,外企德科数字技术有限公司,深圳·龙岗·坂田,1.7-3万·15薪,经验不限,本科
java开发软件工程师,外企德科数字技术有限公司,深圳·龙岗·坂田,1.5-3万·15薪,经验不限,本科
java开发软件工程师,外企德科数字技术有限公司,深圳·龙岗·坂田,1.5-3万·15薪,经验不限,本科
java/c++/C/Python/前端开发工程师,外企德科数字技术有限公司,杭州·滨江·长河,1.5-3万·14薪,经验不限,本科
java/c++/C/Python/前端开发工程师,外企德科数字技术有限公司,杭州·滨江·长河,1.5-3万·14薪,经验不限,本科
Java开发工程师（14-16薪/线上面试）,外企德科数字技术有限公司,西安·雁塔·漳浒寨,1.5-3万·14薪,经验不限,本科
Java开发工程师（14-16薪/线上面试）,外企德科数字技术有限公司,西安·雁塔·漳浒寨,1.5-3万·14薪,经验不限,本科
Java开发工程师（14-16薪/线上面试）,外企德科数字技术有限公司,西安·雁塔·漳浒寨,1.5-3万·14薪,经验不限,本科
Java开发工程师（14-16薪/线上面试）,外企德科数字技术有限公司,西安·雁塔·漳浒寨,1.5-3万·14薪,经验不限,本科
Java/C++/C/Python/前端/测试（接受应届）,外企德科数字技术有限公司,武汉·江夏·豹澥,1.4-2.1万·14薪,经验不限,本科
Java/C++/C/Python/前端/测试（接受应届）,外企德科数字技术有限公司,武汉·江夏·豹澥,1.4-2.1万·14薪,经验不限,本科
Java开发工程师（初中高级均有岗位）,外企德科数字技术有限公司,武汉·江夏·豹澥,1.5-3万·14薪,经验不限,本科
Java开发工程师（初中高级均有岗位）,外企德科数字技术有限公司,武汉·江夏·豹澥,1.5-3万·14薪,经验不限,本科
软件开发（多语言 Java Python C/C++js等测试）,外企德科数字技术有限公司,成都·郫都·合作街道,1.2-2.4万,经验不限,本科
软件开发（多语言 Java Python C/C++js等测试）,外企德科数字技术有限公司,成都·郫都·合作街道,1.2-2.4万,经验不限,本科
Java开发工程师,外企德科数字技术有限公司,上海·杨浦·大桥,1-1.7万,3-5年,本科
Java开发工程师,外企德科数字技术有限公司,上海·杨浦·大桥,1-1.7万,3-5年,本科
Java软件开发工程师，应届生也可培养,外企德科数字技术有限公司,南京·雨花台·雨花,1.5-3万·14薪,无经验,本科
Java软件开发工程师，应届生也可培养,外企德科数字技术有限公司,南京·雨花台·雨花,1.5-3万·14薪,无经验,本科
Java中高级开发（14-16薪、15k-35k、双休）,外企德科数字技术有限公司,成都·郫都·合作街道,1.5-3万·16薪,经验不限,本科
Java中高级开发（14-16薪、15k-35k、双休）,外企德科数字技术有限公司,成都·郫都·合作街道,1.5-3万·16薪,经验不限,本科
java软件开发工程师,外企德科数字技术有限公司,苏州·虎丘,1.5-3万·14薪,经验不限,本科
java软件开发工程师,外企德科数字技术有限公司,苏州·虎丘,1.5-3万·14薪,经验不限,本科
JAVA（北京）考公考研失败可，无经验可,外企德科数字技术有限公司,北京·海淀·上地,1.5-3万·14薪,无经验,本科
JAVA（北京）考公考研失败可，无经验可,外企德科数字技术有限公司,北京·海淀·上地,1.5-3万·14薪,无经验,本科
JAVA/C++/C/Python 14薪双休 应届生可投,外企德科数字技术有限公司,南京·秦淮·五老村,1.5-3万,经验不限,本科
JAVA/C++/C/Python 14薪双休 应届生可投,外企德科数字技术有限公司,南京·秦淮·五老村,1.5-3万,经验不限,本科
Java/C/C++/Python/前端/测试（接受应届）,外企德科数字技术有限公司,深圳·龙岗·坂田,1.3-2.6万·14薪,经验不限,本科
Java/C/C++/Python/前端/测试（接受应届）,外企德科数字技术有限公司,深圳·龙岗·坂田,1.3-2.6万·14薪,经验不限,本科
Java\C\C++\Python软件开发工程师,外企德科数字技术有限公司,杭州·滨江·长河,1.2-2.4万·14薪,经验不限,本科
Java\C\C++\Python软件开发工程师,外企德科数字技术有限公司,杭州·滨江·长河,1.2-2.4万·14薪,经验不限,本科
java开发工程师,外企德科数字技术有限公司,苏州·虎丘,1.3-2.6万,1-3年,本科
java开发工程师,外企德科数字技术有限公司,苏州·虎丘,1.3-2.6万,1-3年,本科
Java,外企德科数字技术有限公司,北京·昌平·北七家,1.6-2.7万,经验不限,本科
Java,外企德科数字技术有限公司,北京·昌平·北七家,1.6-2.7万,经验不限,本科
Java软件开发工程师,外企德科数字技术有限公司,上海·浦东·金桥,1.5-3万·14薪,无经验,本科
Java软件开发工程师,外企德科数字技术有限公司,上海·浦东·金桥,1.5-3万·14薪,无经验,本科
java软件开发工程师,外企德科数字技术有限公司,南京·雨花台·铁心桥,1.4-2.5万,1-3年,本科
java软件开发工程师,外企德科数字技术有限公司,南京·雨花台·铁心桥,1.4-2.5万,1-3年,本科
软件岗（Java/Python/C/C++/软测/嵌入式等）,外企德科数字技术有限公司,南京·雨花台·雨花,1.4-2.8万·14薪,经验不限,本科
软件岗（Java/Python/C/C++/软测/嵌入式等）,外企德科数字技术有限公司,南京·雨花台·雨花,1.4-2.8万·14薪,经验不限,本科
中高级Java,外企德科数字技术有限公司,武汉·洪山·关山,9000-13000元,3-5年,学历不限
中高级Java,外企德科数字技术有限公司,武汉·洪山·关山,9000-13000元,3-5年,学历不限
java开发工程师,外企德科数字技术有限公司,济南·历下·姚家,1.4-2.5万,经验不限,本科
java开发工程师,外企德科数字技术有限公司,济南·历下·姚家,1.4-2.5万,经验不限,本科
Java/Python/C/C++/数开/测试/算法/前端岗,外企德科数字技术有限公司,东莞·大朗镇,1.5-3万·14薪,经验不限,本科
Java/Python/C/C++/数开/测试/算法/前端岗,外企德科数字技术有限公司,东莞·大朗镇,1.5-3万·14薪,经验不限,本科
java软件开发工程师,外企德科数字技术有限公司,长沙·岳麓·麓谷,2-3.5万,经验不限,本科
java软件开发工程师,外企德科数字技术有限公司,长沙·岳麓·麓谷,2-3.5万,经验不限,本科
java软件开发工程师,外企德科数字技术有限公司,长沙·岳麓·麓谷,2-3.5万,经验不限,本科
java软件开发工程师,外企德科数字技术有限公司,长沙·岳麓·麓谷,2-3.5万,经验不限,本科
Java/C/C++/python/GO/web/测试,外企德科数字技术有限公司,杭州·滨江·长河,1.3-2.6万,经验不限,本科
Java/C/C++/python/GO/web/测试,外企德科数字技术有限公司,杭州·滨江·长河,1.3-2.6万,经验不限,本科
java软件开发工程师,外企德科数字技术有限公司,南京·雨花台·雨花,1.4-2.8万,经验不限,本科
java软件开发工程师,外企德科数字技术有限公司,南京·雨花台·雨花,1.4-2.8万,经验不限,本科
Java/python/JS/GO/算法/测试/c ++,外企德科数字技术有限公司,深圳·龙岗·坂田,1.3-2.6万·14薪,无经验,本科
Java/python/JS/GO/算法/测试/c ++,外企德科数字技术有限公司,深圳·龙岗·坂田,1.3-2.6万·14薪,无经验,本科
Java开发工程师（初中高级均有岗位）,外企德科数字技术有限公司,成都·郫都·合作街道,1.4-2.8万,经验不限,本科
Java开发工程师（初中高级均有岗位）,外企德科数字技术有限公司,成都·郫都·合作街道,1.4-2.8万,经验不限,本科
JAVA/C++/C/Python 14薪双休 应届生可投,外企德科数字技术有限公司,北京·朝阳·建外,1.5-3万,经验不限,本科
JAVA/C++/C/Python 14薪双休 应届生可投,外企德科数字技术有限公司,北京·朝阳·建外,1.5-3万,经验不限,本科
Java/c/c++/python/js软件开发工程师,外企德科数字技术有限公司,南京·雨花台·雨花,1.4-2.8万·14薪,经验不限,本科
Java/c/c++/python/js软件开发工程师,外企德科数字技术有限公司,南京·雨花台·雨花,1.4-2.8万·14薪,经验不限,本科
Java/Python/C/C++/数开/测试/算法/前端岗,外企德科数字技术有限公司,苏州·工业园区,1.5-3万·14薪,经验不限,本科
Java/Python/C/C++/数开/测试/算法/前端岗,外企德科数字技术有限公司,苏州·工业园区,1.5-3万·14薪,经验不限,本科
Java/Python/C/C++/Web/测试开发,外企德科数字技术有限公司,东莞·大朗镇,1.3-2.6万·16薪,经验不限,本科
Java/Python/C/C++/Web/测试开发,外企德科数字技术有限公司,东莞·大朗镇,1.3-2.6万·16薪,经验不限,本科
java软件开发工程师,外企德科数字技术有限公司,北京·朝阳,1.5-3万·15薪,1-3年,本科
java软件开发工程师,外企德科数字技术有限公司,北京·朝阳,1.5-3万·15薪,1-3年,本科
Java开发工程师（互联网项目）,外企德科数字技术有限公司,武汉·洪山·九峰,1.1-1.4万,5-10年,大专
Java开发工程师（互联网项目）,外企德科数字技术有限公司,武汉·洪山·九峰,1.1-1.4万,5-10年,大专
测试/前端/后端开发工程师Java/C/C++/JS/Python,外企德科数字技术有限公司,深圳·龙岗·坂田,1.4-2.8万·14薪,经验不限,本科
测试/前端/后端开发工程师Java/C/C++/JS/Python,外企德科数字技术有限公司,深圳·龙岗·坂田,1.4-2.8万·14薪,经验不限,本科
Java软件开发工程师，应届生也可以培养,外企德科数字技术有限公司,北京·海淀,1.5-3万·14薪,无经验,本科
Java软件开发工程师，应届生也可以培养,外企德科数字技术有限公司,北京·海淀,1.5-3万·14薪,无经验,本科
测试工程师/软件开发（C/C++、Java、Scala、Python、go，JS/前端/测试等）,外企德科数字技术有限公司,深圳·龙岗·坂田,1.2-2万·14薪,经验不限,本科
测试工程师/软件开发（C/C++、Java、Scala、Python、go，JS/前端/测试等）,外企德科数字技术有限公司,深圳·龙岗·坂田,1.2-2万·14薪,经验不限,本科
java软件开发工程师,外企德科数字技术有限公司,广州·白云·松洲,1.4-2.4万,经验不限,本科
java软件开发工程师,外企德科数字技术有限公司,广州·白云·松洲,1.4-2.4万,经验不限,本科
java软件开发工程师,外企德科数字技术有限公司,杭州·滨江·长河,1.4-2.5万,1-3年,本科
java软件开发工程师,外企德科数字技术有限公司,杭州·滨江·长河,1.4-2.5万,1-3年,本科
java开发工程师,外企德科数字技术有限公司,东莞·大朗镇,1.1-1.9万,3-5年,本科
java开发工程师,外企德科数字技术有限公司,东莞·大朗镇,1.1-1.9万,3-5年,本科
C++/前端/Java/Python/C/go开发工程师,外企德科数字技术有限公司,苏州·虎丘,1.5-3万·14薪,经验不限,本科
C++/前端/Java/Python/C/go开发工程师,外企德科数字技术有限公司,苏州·虎丘,1.5-3万·14薪,经验不限,本科
java开发软件工程师,外企德科数字技术有限公司,南京·雨花台·雨花,1.5-3万·15薪,经验不限,本科
java开发软件工程师,外企德科数字技术有限公司,南京·雨花台·雨花,1.5-3万·15薪,经验不限,本科
Java/Python/C/C++/Web/测试工程师,外企德科数字技术有限公司,深圳·龙岗·坂田,1.4-2.8万·16薪,经验不限,本科
Java/Python/C/C++/Web/测试工程师,外企德科数字技术有限公司,深圳·龙岗·坂田,1.4-2.8万·16薪,经验不限,本科
java大数据开发工程师,外企德科数字技术有限公司,东莞·寮步镇,1.4-2.8万,经验不限,本科
java大数据开发工程师,外企德科数字技术有限公司,东莞·寮步镇,1.4-2.8万,经验不限,本科
java大数据开发工程师,外企德科数字技术有限公司,东莞·寮步镇,1.4-2.8万,经验不限,本科
java大数据开发工程师,外企德科数字技术有限公司,东莞·寮步镇,1.4-2.8万,经验不限,本科
Java中高级开发（14-16薪、15k-35k、双休）,外企德科数字技术有限公司,西安·雁塔·漳浒寨,1.8-3.5万·16薪,经验不限,本科
Java中高级开发（14-16薪、15k-35k、双休）,外企德科数字技术有限公司,西安·雁塔·漳浒寨,1.8-3.5万·16薪,经验不限,本科
Java开发工程师,外企德科数字技术有限公司,深圳·龙岗·坂田,1.5-3万·14薪,经验不限,本科
Java开发工程师,外企德科数字技术有限公司,深圳·龙岗·坂田,1.5-3万·14薪,经验不限,本科
C/C++/Java/Python/Go通用软件开发/测试,外企德科数字技术有限公司,广州·白云·松洲,1.5-3万,经验不限,本科
C/C++/Java/Python/Go通用软件开发/测试,外企德科数字技术有限公司,广州·白云·松洲,1.5-3万,经验不限,本科
Java/C/C++/Python/JS 软件开发（多部门推荐）,外企德科数字技术有限公司,东莞·大朗镇,1.6-3万·14薪,经验不限,本科
Java/C/C++/Python/JS 软件开发（多部门推荐）,外企德科数字技术有限公司,东莞·大朗镇,1.6-3万·14薪,经验不限,本科
Java/go开发工程师,外企德科数字技术有限公司,北京·海淀,1.5-3万·14薪,1-3年,本科
Java/go开发工程师,外企德科数字技术有限公司,北京·海淀,1.5-3万·14薪,1-3年,本科
Java/C/C++/Python/JS 软件开发（多部门推荐）,外企德科数字技术有限公司,南京·雨花台·雨花,1.6-3万·14薪,经验不限,本科
Java/C/C++/Python/JS 软件开发（多部门推荐）,外企德科数字技术有限公司,南京·雨花台·雨花,1.6-3万·14薪,经验不限,本科
Java开发工程师,外企德科数字技术有限公司,上海·浦东·金桥,1.3-2.6万·14薪,经验不限,本科
Java开发工程师,外企德科数字技术有限公司,上海·浦东·金桥,1.3-2.6万·14薪,经验不限,本科
测试/前端/后端开发工程师Java/C/C++/Python,外企德科数字技术有限公司,成都·武侯·桂溪,1.5-2.8万·14薪,经验不限,本科
测试/前端/后端开发工程师Java/C/C++/Python,外企德科数字技术有限公司,成都·武侯·桂溪,1.5-2.8万·14薪,经验不限,本科
Java/C/C++/Python/Go+前端+算法+测试+全国,外企德科数字技术有限公司,上海·浦东·金桥,1.5-3万·16薪,经验不限,本科
Java/C/C++/Python/Go+前端+算法+测试+全国,外企德科数字技术有限公司,上海·浦东·金桥,1.5-3万·16薪,经验不限,本科
软件开发工程师(Java/C/C++/Python/Js),外企德科数字技术有限公司,北京·昌平·史各庄,1.5-3万,经验不限,本科
软件开发工程师(Java/C/C++/Python/Js),外企德科数字技术有限公司,北京·昌平·史各庄,1.5-3万,经验不限,本科
月薪15-35k/java/c++/python后端开发/,外企德科数字技术有限公司,深圳·龙岗·坂田,1.5-3万·14薪,经验不限,本科
月薪15-35k/java/c++/python后端开发/,外企德科数字技术有限公司,深圳·龙岗·坂田,1.5-3万·14薪,经验不限,本科
Java开发工程师（初中高级均有岗位）,外企德科数字技术有限公司,上海·浦东·金桥,1.7-3万·14薪,经验不限,本科
Java开发工程师（初中高级均有岗位）,外企德科数字技术有限公司,上海·浦东·金桥,1.7-3万·14薪,经验不限,本科
c++/python/java/c/算法/测试,外企德科数字技术有限公司,深圳·龙岗·坂田,1.5-3万·14薪,经验不限,本科
c++/python/java/c/算法/测试,外企德科数字技术有限公司,深圳·龙岗·坂田,1.5-3万·14薪,经验不限,本科
c++/python/java/c/算法/测试,外企德科数字技术有限公司,西安·雁塔·漳浒寨,1.5-3万·14薪,经验不限,本科
c++/python/java/c/算法/测试,外企德科数字技术有限公司,西安·雁塔·漳浒寨,1.5-3万·14薪,经验不限,本科
java软件开发工程师(不限经验、线上面试）,外企德科数字技术有限公司,武汉·江夏·豹澥,1.5-3万,经验不限,本科
java软件开发工程师(不限经验、线上面试）,外企德科数字技术有限公司,武汉·江夏·豹澥,1.5-3万,经验不限,本科
c/c++/java/python开发/测试【base上海】,外企德科数字技术有限公司,上海·浦东·金桥,1.2-2万·14薪,经验不限,本科
c/c++/java/python开发/测试【base上海】,外企德科数字技术有限公司,上海·浦东·金桥,1.2-2万·14薪,经验不限,本科
java软件开发工程师/C++,外企德科数字技术有限公司,武汉·江夏·豹澥,1.7-2.5万,经验不限,本科
java软件开发工程师/C++,外企德科数字技术有限公司,武汉·江夏·豹澥,1.7-2.5万,经验不限,本科
算法工程师/C/C#/C++/java/python/js,外企德科数字技术有限公司,西安·雁塔·漳浒寨,1.3-2.6万·14薪,经验不限,本科
算法工程师/C/C#/C++/java/python/js,外企德科数字技术有限公司,西安·雁塔·漳浒寨,1.3-2.6万·14薪,经验不限,本科
C/C++/Java/Python/JS软件开发/算法/数据,外企德科数字技术有限公司,南昌·红谷滩,1.7-3万·15薪,经验不限,本科
C/C++/Java/Python/JS软件开发/算法/数据,外企德科数字技术有限公司,南昌·红谷滩,1.7-3万·15薪,经验不限,本科
Java/前端/Python/C/C++/go开发工程师,外企德科数字技术有限公司,南京·雨花台·雨花,1.5-3万·14薪,经验不限,本科
Java/前端/Python/C/C++/go开发工程师,外企德科数字技术有限公司,南京·雨花台·雨花,1.5-3万·14薪,经验不限,本科
Java/前端/Python/C/C++/go开发工程师,外企德科数字技术有限公司,南京·雨花台·雨花,1.5-3万·14薪,经验不限,本科
Java/前端/Python/C/C++/go开发工程师,外企德科数字技术有限公司,南京·雨花台·雨花,1.5-3万·14薪,经验不限,本科
JAVA/C/C++/Python/go/web开发工程师 全国岗14薪，全额社保公积金 应届生/考研/考公失败可投,外企德科数字技术有限公司,广州·白云·松洲,1.5-3万·14薪,经验不限,本科
JAVA/C/C++/Python/go/web开发工程师 全国岗14薪，全额社保公积金 应届生/考研/考公失败可投,外企德科数字技术有限公司,广州·白云·松洲,1.5-3万·14薪,经验不限,本科
Java/C/C++/Python/前端/测试（接受应届）,外企德科数字技术有限公司,上海·浦东·金桥,1.5-3万·14薪,经验不限,本科
Java/C/C++/Python/前端/测试（接受应届）,外企德科数字技术有限公司,上海·浦东·金桥,1.5-3万·14薪,经验不限,本科
C/C++/Java/Python/Go通用软件开发/测试,外企德科数字技术有限公司,杭州·滨江·长河,1.5-3万,经验不限,本科
C/C++/Java/Python/Go通用软件开发/测试,外企德科数字技术有限公司,杭州·滨江·长河,1.5-3万,经验不限,本科
Java开发工程师（初中高级均有岗位）,外企德科数字技术有限公司,深圳·龙岗·坂田,1.7-3万·14薪,经验不限,本科
Java开发工程师（初中高级均有岗位）,外企德科数字技术有限公司,深圳·龙岗·坂田,1.7-3万·14薪,经验不限,本科
Java/c/c++/python/js软件开发工程师,外企德科数字技术有限公司,杭州·滨江·长河,1.4-2.8万·14薪,经验不限,本科
Java/c/c++/python/js软件开发工程师,外企德科数字技术有限公司,杭州·滨江·长河,1.4-2.8万·14薪,经验不限,本科
JAVA（南京）考公考研失败可，无经验可,外企德科数字技术有限公司,南京·雨花台·雨花,1.5-3万·14薪,经验不限,本科
JAVA（南京）考公考研失败可，无经验可,外企德科数字技术有限公司,南京·雨花台·雨花,1.5-3万·14薪,经验不限,本科
Java开发工程师/大厂自研核心自研项目,外企德科数字技术有限公司,苏州·工业园区,1.4-2.8万·14薪,经验不限,本科
Java开发工程师/大厂自研核心自研项目,外企德科数字技术有限公司,苏州·工业园区,1.4-2.8万·14薪,经验不限,本科
java/c/c++/python/测试 双休 高薪 五险一金,外企德科数字技术有限公司,南京·雨花台·雨花,1.5-3万·16薪,经验不限,本科
java/c/c++/python/测试 双休 高薪 五险一金,外企德科数字技术有限公司,南京·雨花台·雨花,1.5-3万·16薪,经验不限,本科
java软件开发工程师,外企德科数字技术有限公司,西安·雁塔·漳浒寨,1.5-3万·14薪,经验不限,本科
java软件开发工程师,外企德科数字技术有限公司,西安·雁塔·漳浒寨,1.5-3万·14薪,经验不限,本科
JAVA/C++/C/Python 14薪双休 应届生可投,外企德科数字技术有限公司,西安·雁塔·漳浒寨,1.5-3万,经验不限,本科
JAVA/C++/C/Python 14薪双休 应届生可投,外企德科数字技术有限公司,西安·雁塔·漳浒寨,1.5-3万,经验不限,本科
C/C++/Java/JS/Python软件开发（全国有岗 接受应届）,外企德科数字技术有限公司,长沙·岳麓·麓谷,1.5-3万·14薪,经验不限,本科
C/C++/Java/JS/Python软件开发（全国有岗 接受应届）,外企德科数字技术有限公司,长沙·岳麓·麓谷,1.5-3万·14薪,经验不限,本科
java开发工程师,外企德科数字技术有限公司,深圳·龙岗·坂田,1.5-3万·14薪,3-5年,本科
java开发工程师,外企德科数字技术有限公司,深圳·龙岗·坂田,1.5-3万·14薪,3-5年,本科
JAVA开发工程师,外企德科数字技术有限公司,杭州·滨江·长河,1.5-3万·14薪,经验不限,本科
JAVA开发工程师,外企德科数字技术有限公司,杭州·滨江·长河,1.5-3万·14薪,经验不限,本科
Java后端研发-北京,外企德科数字技术有限公司,北京·朝阳,1.5-1.8万,5-10年,大专
Java后端研发-北京,外企德科数字技术有限公司,北京·朝阳,1.5-1.8万,5-10年,大专
C/C++/Java/Python/JS软件开发/算法/数据,外企德科数字技术有限公司,北京·海淀,1.5-3万·15薪,经验不限,本科
C/C++/Java/Python/JS软件开发/算法/数据,外企德科数字技术有限公司,北京·海淀,1.5-3万·15薪,经验不限,本科
C++/C/Java/python/GO/JS/算法,外企德科数字技术有限公司,杭州·滨江·长河,1.4-2.8万·15薪,经验不限,本科
C++/C/Java/python/GO/JS/算法,外企德科数字技术有限公司,杭州·滨江·长河,1.4-2.8万·15薪,经验不限,本科
软件开发（多语言 Java Python C/C++js等测试,外企德科数字技术有限公司,济南·历下·龙洞,1.2-2.4万,经验不限,本科
软件开发（多语言 Java Python C/C++js等测试,外企德科数字技术有限公司,济南·历下·龙洞,1.2-2.4万,经验不限,本科
java软件开发工程师,外企德科数字技术有限公司,武汉·江夏·豹澥,1.2-2.4万·14薪,经验不限,本科
java软件开发工程师,外企德科数字技术有限公司,武汉·江夏·豹澥,1.2-2.4万·14薪,经验不限,本科
Java/python/JS/C++/C#\开发测试，均有岗位在招聘,外企德科数字技术有限公司,深圳·龙岗·坂田,1.5-3万,无经验,本科
Java/python/JS/C++/C#\开发测试，均有岗位在招聘,外企德科数字技术有限公司,深圳·龙岗·坂田,1.5-3万,无经验,本科
Java/C/C++/Python/JS 软件开发（多部门推荐）,外企德科数字技术有限公司,北京·海淀·花园路,1.8-3.5万·14薪,经验不限,本科
Java/C/C++/Python/JS 软件开发（多部门推荐）,外企德科数字技术有限公司,北京·海淀·花园路,1.8-3.5万·14薪,经验不限,本科
Java/C/C++/Python/JS 软件开发（多部门推荐）,外企德科数字技术有限公司,北京·海淀·花园路,1.8-3.5万·14薪,经验不限,本科
Java/C/C++/Python/JS 软件开发（多部门推荐）,外企德科数字技术有限公司,北京·海淀·花园路,1.8-3.5万·14薪,经验不限,本科
Java,外企德科数字技术有限公司,杭州·滨江·长河,1.6-2.7万,经验不限,本科
Java,外企德科数字技术有限公司,杭州·滨江·长河,1.6-2.7万,经验不限,本科
后/前端开发、测试【24/25/无经验也可投】接受java、c＋＋、js不限语言,外企德科数字技术有限公司,北京·海淀,1.5-3万·14薪,经验不限,本科
后/前端开发、测试【24/25/无经验也可投】接受java、c＋＋、js不限语言,外企德科数字技术有限公司,北京·海淀,1.5-3万·14薪,经验不限,本科
软件岗（Java/Python/C/C++/软测/嵌入式等）,外企德科数字技术有限公司,成都·郫都·合作街道,1.4-2.8万·14薪,经验不限,本科
软件岗（Java/Python/C/C++/软测/嵌入式等）,外企德科数字技术有限公司,成都·郫都·合作街道,1.4-2.8万·14薪,经验不限,本科
软件开发/测试（JAVA/C/Python/web）等,外企德科数字技术有限公司,深圳·龙岗·坂田,1.4-2.7万·16薪,经验不限,本科
软件开发/测试（JAVA/C/Python/web）等,外企德科数字技术有限公司,深圳·龙岗·坂田,1.4-2.7万·16薪,经验不限,本科
后/前端开发、测试【24/25/无经验也可投】接受java、c＋＋、js不限语言,外企德科数字技术有限公司,深圳·龙岗·坂田,1.5-3万·14薪,经验不限,本科
后/前端开发、测试【24/25/无经验也可投】接受java、c＋＋、js不限语言,外企德科数字技术有限公司,深圳·龙岗·坂田,1.5-3万·14薪,经验不限,本科
字节od Java后端开发,外企德科数字技术有限公司,北京·朝阳,1.5-3万·15薪,经验不限,本科
字节od Java后端开发,外企德科数字技术有限公司,北京·朝阳,1.5-3万·15薪,经验不限,本科
Java开发（统招本）,外企德科数字技术有限公司,武汉·洪山·关山,1.2-1.4万,3-5年,本科
Java开发（统招本）,外企德科数字技术有限公司,武汉·洪山·关山,1.2-1.4万,3-5年,本科
C/C++/Java/Python/JS软件开发/算法/数据,外企德科数字技术有限公司,杭州·滨江·长河,1.7-3万·15薪,经验不限,本科
C/C++/Java/Python/JS软件开发/算法/数据,外企德科数字技术有限公司,杭州·滨江·长河,1.7-3万·15薪,经验不限,本科
java/Python/C/C++/JS/AI算法/软件测试,外企德科数字技术有限公司,南京·雨花台·铁心桥,2-4万·14薪,经验不限,本科
java/Python/C/C++/JS/AI算法/软件测试,外企德科数字技术有限公司,南京·雨花台·铁心桥,2-4万·14薪,经验不限,本科
java/c/C++/测试,外企德科数字技术有限公司,杭州·滨江·长河,1.4-2.8万,经验不限,本科
java/c/C++/测试,外企德科数字技术有限公司,杭州·滨江·长河,1.4-2.8万,经验不限,本科
C/C++/Java/JS/Python软件开发（全国有岗 接受应届）,外企德科数字技术有限公司,武汉·江夏·豹澥,1.5-3万·14薪,经验不限,本科
C/C++/Java/JS/Python软件开发（全国有岗 接受应届）,外企德科数字技术有限公司,武汉·江夏·豹澥,1.5-3万·14薪,经验不限,本科
Java/Python/C/C++/Web/测试工程师,外企德科数字技术有限公司,武汉·江夏·豹澥,1.4-2.8万·16薪,经验不限,本科
Java/Python/C/C++/Web/测试工程师,外企德科数字技术有限公司,武汉·江夏·豹澥,1.4-2.8万·16薪,经验不限,本科
Java/C++/C/Python/web/Go/测试/安卓,外企德科数字技术有限公司,东莞·大朗镇,1-2万,经验不限,本科
Java/C++/C/Python/web/Go/测试/安卓,外企德科数字技术有限公司,东莞·大朗镇,1-2万,经验不限,本科
java/python/C++/测试/C/GO/大数据开发 软件通用岗位/接受应届考研考公失败,外企德科数字技术有限公司,南京·雨花台·雨花,1.5-3万·14薪,经验不限,本科
java/python/C++/测试/C/GO/大数据开发 软件通用岗位/接受应届考研考公失败,外企德科数字技术有限公司,南京·雨花台·雨花,1.5-3万·14薪,经验不限,本科
java后端工程师（本科）,外企德科数字技术有限公司,上海·杨浦·大桥,1.7-1.8万,3-5年,本科
java后端工程师（本科）,外企德科数字技术有限公司,上海·杨浦·大桥,1.7-1.8万,3-5年,本科
java、C/C++、python等个后端开发,外企德科数字技术有限公司,南京·雨花台·雨花,1.6-3万·16薪,经验不限,本科
java、C/C++、python等个后端开发,外企德科数字技术有限公司,南京·雨花台·雨花,1.6-3万·16薪,经验不限,本科
C/C++/Java/Python/JS软件开发/算法/数据,外企德科数字技术有限公司,重庆·渝中·七星岗,1.5-3万·15薪,经验不限,本科
C/C++/Java/Python/JS软件开发/算法/数据,外企德科数字技术有限公司,重庆·渝中·七星岗,1.5-3万·15薪,经验不限,本科
Java/Python/C/C++/Web/测试工程师,外企德科数字技术有限公司,成都·郫都·合作街道,1.4-2.8万·16薪,经验不限,本科
Java/Python/C/C++/Web/测试工程师,外企德科数字技术有限公司,成都·郫都·合作街道,1.4-2.8万·16薪,经验不限,本科
软件开发工程师(C/C++/ Java/Python),外企德科数字技术有限公司,广州·白云·松洲,2-2.8万·16薪,经验不限,本科
软件开发工程师(C/C++/ Java/Python),外企德科数字技术有限公司,广州·白云·松洲,2-2.8万·16薪,经验不限,本科
go语言开发工程师,徽通科技集团有限公司,广州·天河·冼村,1.5-2.1万·13薪,3-5年,本科
go语言开发工程师,徽通科技集团有限公司,广州·天河·冼村,1.5-2.1万·13薪,3-5年,本科
go语言开发工程师,徽通科技集团有限公司,广州·天河·冼村,1.5-2.1万·13薪,3-5年,本科
go语言开发工程师,徽通科技集团有限公司,广州·天河·冼村,1.5-2.1万·13薪,3-5年,本科
后端工程师GO\PHP【top电商平台+自研项目+晋升快】,山西坦重晟文化传媒有限公司,太原·小店·平阳路,8000-11000元,3-5年,大专
后端工程师GO\PHP【top电商平台+自研项目+晋升快】,山西坦重晟文化传媒有限公司,太原·小店·平阳路,8000-11000元,3-5年,大专
GO 月入5万以上 入职五险一金 无责底薪4.5k,北京智信达远通讯有限公司,广州·天河·冼村,1.5-3万,经验不限,中专/中技
GO 月入5万以上 入职五险一金 无责底薪4.5k,北京智信达远通讯有限公司,广州·天河·冼村,1.5-3万,经验不限,中专/中技
Java/C/C++/Python/Go开发工程师,郑州煦秋信息科技有限公司,洛阳·偃师,6000-9000元·13薪,经验不限,本科
Java/C/C++/Python/Go开发工程师,郑州煦秋信息科技有限公司,洛阳·偃师,6000-9000元·13薪,经验不限,本科
后端研发工程师（GO),西安和信科技有限公司,西安·长安·王寺,1-1.4万,1-3年,本科
后端研发工程师（GO),西安和信科技有限公司,西安·长安·王寺,1-1.4万,1-3年,本科
软件研发工程师（有Java、C、C++、Python、go、JS等）,外企德科数字技术有限公司,南京·雨花台·雨花,1.2-2.4万·14薪,经验不限,本科
软件研发工程师（有Java、C、C++、Python、go、JS等）,外企德科数字技术有限公司,南京·雨花台·雨花,1.2-2.4万·14薪,经验不限,本科
高级go后端开发工程师（外派驻场）,四川省信达恒创科技有限责任公司,杭州·西湖·翠苑,1.8-2万,3-5年,本科
高级go后端开发工程师（外派驻场）,四川省信达恒创科技有限责任公司,杭州·西湖·翠苑,1.8-2万,3-5年,本科
go开发工程师,首聘(北京)科技有限公司,西安·雁塔·漳浒寨,1.3-1.5万,1-3年,大专
go开发工程师,首聘(北京)科技有限公司,西安·雁塔·漳浒寨,1.3-1.5万,1-3年,大专
软件研发工程师（有Java、C、C++、Python、go、JS等）,外企德科数字技术有限公司,武汉·江夏·豹澥,1.2-2.4万·14薪,经验不限,本科
软件研发工程师（有Java、C、C++、Python、go、JS等）,外企德科数字技术有限公司,武汉·江夏·豹澥,1.2-2.4万·14薪,经验不限,本科
Go语言高级开发工程师（无人机软件方向）,乙宙科技(四川)有限公司,成都·成华·龙潭,1.4-2万,3-5年,本科
Go语言高级开发工程师（无人机软件方向）,乙宙科技(四川)有限公司,成都·成华·龙潭,1.4-2万,3-5年,本科
GO开发工程师,中电福富信息科技有限公司,南京·玄武·玄武门,1-1.5万,3-5年,本科
GO开发工程师,中电福富信息科技有限公司,南京·玄武·玄武门,1-1.5万,3-5年,本科
C/C++、Java、Scala、Python、go，JS/前端/测试等,外企德科数字技术有限公司,西安·雁塔·漳浒寨,1.2-2万·14薪,经验不限,本科
C/C++、Java、Scala、Python、go，JS/前端/测试等,外企德科数字技术有限公司,西安·雁塔·漳浒寨,1.2-2万·14薪,经验不限,本科
go开发（接受Java转go）,博彦科技承德有限公司,武汉·洪山·关山,1.2-1.7万,5-10年,大专
go开发（接受Java转go）,博彦科技承德有限公司,武汉·洪山·关山,1.2-1.7万,5-10年,大专
后端工程师-PHP/GO开发-自研大平台,山西坦重晟文化传媒有限公司,太原·小店·平阳路,8000-11000元,3-5年,大专
后端工程师-PHP/GO开发-自研大平台,山西坦重晟文化传媒有限公司,太原·小店·平阳路,8000-11000元,3-5年,大专
软件研发工程师（有Java、C、C++、Python、go、JS等）,外企德科数字技术有限公司,东莞·大朗镇,1.2-2.4万·14薪,经验不限,本科
软件研发工程师（有Java、C、C++、Python、go、JS等）,外企德科数字技术有限公司,东莞·大朗镇,1.2-2.4万·14薪,经验不限,本科
Go工程师,深圳市紫川软件有限公司,成都·锦江·柳江,1.9-2万,5-10年,本科
Go工程师,深圳市紫川软件有限公司,成都·锦江·柳江,1.9-2万,5-10年,本科
GO/C/C++工程师（数据采集解析）,上海新炬网络信息技术股份有限公司,广州·天河·石牌,1.5-3万·13薪,1-3年,大专
GO/C/C++工程师（数据采集解析）,上海新炬网络信息技术股份有限公司,广州·天河·石牌,1.5-3万·13薪,1-3年,大专
JAVA/ Python/C/C++/GO/数据开发,外企德科数字技术有限公司,武汉·江夏·豹澥,1.8-3万,经验不限,本科
JAVA/ Python/C/C++/GO/数据开发,外企德科数字技术有限公司,武汉·江夏·豹澥,1.8-3万,经验不限,本科
Java（武汉，后期转go）,博彦科技承德有限公司,武汉·洪山·关山,1.5-1.8万,3-5年,本科
Java（武汉，后期转go）,博彦科技承德有限公司,武汉·洪山·关山,1.5-1.8万,3-5年,本科
急招GO！！面试反馈快！,软通动力信息技术(集团)股份有限公司,西安·雁塔·漳浒寨,1.2-1.3万,3-5年,大专
急招GO！！面试反馈快！,软通动力信息技术(集团)股份有限公司,西安·雁塔·漳浒寨,1.2-1.3万,3-5年,大专
JAVA/ Python/C/C++/Go/测试-智能汽车解决方案BU,外企德科数字技术有限公司,苏州·工业园区,1.5-3万·14薪,经验不限,本科
JAVA/ Python/C/C++/Go/测试-智能汽车解决方案BU,外企德科数字技术有限公司,苏州·工业园区,1.5-3万·14薪,经验不限,本科
JAVA/ Python/C/C++/Go/测试-智能汽车解决方案BU,外企德科数字技术有限公司,苏州·工业园区,1.5-3万·14薪,经验不限,本科
JAVA/ Python/C/C++/Go/测试-智能汽车解决方案BU,外企德科数字技术有限公司,苏州·工业园区,1.5-3万·14薪,经验不限,本科
后端开发工程师（Go/Go-zero/微服务方向）,星辰飞行(深圳)跨境电商有限公司,深圳·福田·福田街道,1.2-2万,经验不限,大专
后端开发工程师（Go/Go-zero/微服务方向）,星辰飞行(深圳)跨境电商有限公司,深圳·福田·福田街道,1.2-2万,经验不限,大专
go语言开发工程师,软通动力信息技术(集团)股份有限公司,青岛·崂山·中韩,1.2-1.5万,1-3年,本科
go语言开发工程师,软通动力信息技术(集团)股份有限公司,青岛·崂山·中韩,1.2-1.5万,1-3年,本科
JAVA/ Python/C/C++/GO/数据开发,外企德科数字技术有限公司,南京·雨花台·雨花,1.7-3万,经验不限,本科
JAVA/ Python/C/C++/GO/数据开发,外企德科数字技术有限公司,南京·雨花台·雨花,1.7-3万,经验不限,本科
营销平台go开发,苏州人瑞普惠人力资源服务有限公司,杭州·萧山·新街,3.5-5万,3-5年,本科
营销平台go开发,苏州人瑞普惠人力资源服务有限公司,杭州·萧山·新街,3.5-5万,3-5年,本科
中级go开发工程师,厦门星纵数字科技有限公司,厦门·集美·后溪,1-1.5万·15薪,3-5年,本科
中级go开发工程师,厦门星纵数字科技有限公司,厦门·集美·后溪,1-1.5万·15薪,3-5年,本科
JAVA/ Python/C/C++/GO/数据开发/测试,外企德科数字技术有限公司,成都·郫都·合作街道,1.5-3万·14薪,无经验,本科
JAVA/ Python/C/C++/GO/数据开发/测试,外企德科数字技术有限公司,成都·郫都·合作街道,1.5-3万·14薪,无经验,本科
go,上海微创软件股份有限公司,大连·甘井子·凌水,1.7-1.8万,1-3年,大专
go,上海微创软件股份有限公司,大连·甘井子·凌水,1.7-1.8万,1-3年,大专
Go 后端开发⼯程师 （⾼级 ）,广州崇实自动控制科技有限公司,广州·番禺·钟村,1.6-2万,3-5年,本科
Go 后端开发⼯程师 （⾼级 ）,广州崇实自动控制科技有限公司,广州·番禺·钟村,1.6-2万,3-5年,本科
JAVA/C/C++/Python/go/web开发工程师 全国岗14薪，全额社保公积金 应届生/考研/考公失败可投,外企德科数字技术有限公司,深圳·龙岗·坂田,1.5-3万·14薪,经验不限,本科
JAVA/C/C++/Python/go/web开发工程师 全国岗14薪，全额社保公积金 应届生/考研/考公失败可投,外企德科数字技术有限公司,深圳·龙岗·坂田,1.5-3万·14薪,经验不限,本科
java +go 开发（统招本科学信网）,亿达信息,大连·沙河口·南沙河口,1-1.2万,3-5年,本科
java +go 开发（统招本科学信网）,亿达信息,大连·沙河口·南沙河口,1-1.2万,3-5年,本科
go开发工程师（北京）,南京绛门信息科技有限公司,北京·西城·展览路,1.5-2万,3-5年,本科
go开发工程师（北京）,南京绛门信息科技有限公司,北京·西城·展览路,1.5-2万,3-5年,本科
软件通用岗位/接受应届考研考公失败 java/python/C++/测试/C/GO/大数据开发,外企德科数字技术有限公司,上海·浦东·金桥,1.5-3万·14薪,经验不限,本科
软件通用岗位/接受应届考研考公失败 java/python/C++/测试/C/GO/大数据开发,外企德科数字技术有限公司,上海·浦东·金桥,1.5-3万·14薪,经验不限,本科
go开发,中电金信软件有限公司,深圳·南山·粤海,1.1-2.1万,经验不限,大专
go开发,中电金信软件有限公司,深圳·南山·粤海,1.1-2.1万,经验不限,大专
Go 语言中高级开发工程师（缴纳五险一金）,陕西尚品信息科技有限公司,西安·雁塔·丈八沟,9000-12000元,1-3年,大专
Go 语言中高级开发工程师（缴纳五险一金）,陕西尚品信息科技有限公司,西安·雁塔·丈八沟,9000-12000元,1-3年,大专
JAVA/C/C++/Python/go/web开发工程师 全国岗14薪，全额社保公积金 应届生/考研/考公失败可投,外企德科数字技术有限公司,苏州·虎丘,1.5-3万·14薪,经验不限,本科
JAVA/C/C++/Python/go/web开发工程师 全国岗14薪，全额社保公积金 应届生/考研/考公失败可投,外企德科数字技术有限公司,苏州·虎丘,1.5-3万·14薪,经验不限,本科
高级Go开发工程师（网络安全方向）,南京基久网络科技有限公司,南京·建邺·莫愁湖,2-3万,3-5年,本科
高级Go开发工程师（网络安全方向）,南京基久网络科技有限公司,南京·建邺·莫愁湖,2-3万,3-5年,本科
go开发工程师,软通动力信息技术(集团)股份有限公司,青岛·崂山·中韩,1.3-1.6万,3-5年,本科
go开发工程师,软通动力信息技术(集团)股份有限公司,青岛·崂山·中韩,1.3-1.6万,3-5年,本科
JAVA/C/C++/Python/go/web开发工程师 全国岗14薪，全额社保公积金 应届生/考研/考公失败可投,外企德科数字技术有限公司,武汉·江夏·豹澥,1.5-3万·14薪,经验不限,本科
JAVA/C/C++/Python/go/web开发工程师 全国岗14薪，全额社保公积金 应届生/考研/考公失败可投,外企德科数字技术有限公司,武汉·江夏·豹澥,1.5-3万·14薪,经验不限,本科
高级go开发工程师,厦门星纵数字科技有限公司,厦门·集美·后溪,1.5-2.5万·15薪,5-10年,本科
高级go开发工程师,厦门星纵数字科技有限公司,厦门·集美·后溪,1.5-2.5万·15薪,5-10年,本科
go开发-驻场青岛,软通动力信息技术(集团)股份有限公司,南京·江宁·禄口,1.2-1.6万,3-5年,本科
go开发-驻场青岛,软通动力信息技术(集团)股份有限公司,南京·江宁·禄口,1.2-1.6万,3-5年,本科
go开发-驻场青岛,软通动力信息技术(集团)股份有限公司,南京·江宁·禄口,1.2-1.6万,3-5年,本科
go开发-驻场青岛,软通动力信息技术(集团)股份有限公司,南京·江宁·禄口,1.2-1.6万,3-5年,本科
java/go后端开发工程师-北京-互联网大厂OD,外企德科数字技术有限公司,北京·海淀·学院路,2-3万,3-5年,本科
java/go后端开发工程师-北京-互联网大厂OD,外企德科数字技术有限公司,北京·海淀·学院路,2-3万,3-5年,本科
Go/C#开发工程师,西安立讯信息技术有限公司,昆明·呈贡·马金铺,1.8-3.5万·14薪,5-10年,本科
Go/C#开发工程师,西安立讯信息技术有限公司,昆明·呈贡·马金铺,1.8-3.5万·14薪,5-10年,本科
go开发-驻场青岛,软通动力信息技术(集团)股份有限公司,北京·海淀·马连洼,1.2-1.6万,3-5年,本科
go开发-驻场青岛,软通动力信息技术(集团)股份有限公司,北京·海淀·马连洼,1.2-1.6万,3-5年,本科
JAVA/JS/C/C++/Python/go/测试,外企德科数字技术有限公司,成都·郫都·合作街道,1.5-3万·14薪,经验不限,本科
JAVA/JS/C/C++/Python/go/测试,外企德科数字技术有限公司,成都·郫都·合作街道,1.5-3万·14薪,经验不限,本科
go语言开发工程师,合肥丰实网络科技有限公司,合肥·蜀山·莲花社区,6000-12000元·13薪,1-3年,大专
go语言开发工程师,合肥丰实网络科技有限公司,合肥·蜀山·莲花社区,6000-12000元·13薪,1-3年,大专
go开发-驻场青岛,软通动力信息技术(集团)股份有限公司,济南·历下·龙洞,1.2-1.6万,3-5年,本科
go开发-驻场青岛,软通动力信息技术(集团)股份有限公司,济南·历下·龙洞,1.2-1.6万,3-5年,本科
JAVA/C/C++/Python/go/web开发工程师,外企德科数字技术有限公司,上海·青浦·金泽,1.8-3.5万·15薪,经验不限,本科
JAVA/C/C++/Python/go/web开发工程师,外企德科数字技术有限公司,上海·青浦·金泽,1.8-3.5万·15薪,经验不限,本科
Go后端工程师,西安宝威信息技术有限公司,西安·长安·郭杜,1.3-1.8万,1-3年,本科
Go后端工程师,西安宝威信息技术有限公司,西安·长安·郭杜,1.3-1.8万,1-3年,本科
GO开发（双休-长期项目）,软通动力信息技术(集团)股份有限公司,北京·朝阳·奥运村,1.4-1.6万,3-5年,大专
GO开发（双休-长期项目）,软通动力信息技术(集团)股份有限公司,北京·朝阳·奥运村,1.4-1.6万,3-5年,大专
JAVA/ Python/C/C++/GO/数据开发,外企德科数字技术有限公司,北京·海淀,1.5-3万,经验不限,本科
JAVA/ Python/C/C++/GO/数据开发,外企德科数字技术有限公司,北京·海淀,1.5-3万,经验不限,本科
go开发,博彦科技承德有限公司,武汉·洪山·关山,1.3-1.7万,1-3年,本科
go开发,博彦科技承德有限公司,武汉·洪山·关山,1.3-1.7万,1-3年,本科
go后端架构师,珠海新海通电子商务有限公司,成都·双流·华阳,2.5-3.5万,5-10年,本科
go后端架构师,珠海新海通电子商务有限公司,成都·双流·华阳,2.5-3.5万,5-10年,本科
java/python/C++/测试/C/GO/大数据开发 软件通用岗位/接受应届考研考公失败,外企德科数字技术有限公司,杭州·滨江·长河,1.5-3万·14薪,经验不限,本科
java/python/C++/测试/C/GO/大数据开发 软件通用岗位/接受应届考研考公失败,外企德科数字技术有限公司,杭州·滨江·长河,1.5-3万·14薪,经验不限,本科
后端开发 Java转go,博彦科技承德有限公司,武汉·洪山·关山,1.2-1.7万,3-5年,大专
后端开发 Java转go,博彦科技承德有限公司,武汉·洪山·关山,1.2-1.7万,3-5年,大专
Go开发工程师,珠海新海通电子商务有限公司,成都·双流·华阳,1.2-1.8万,3-5年,本科
Go开发工程师,珠海新海通电子商务有限公司,成都·双流·华阳,1.2-1.8万,3-5年,本科
JAVA/C/C++/Python/go/web开发工程师 全国岗14薪，全额社保公积金 应届生/考研/考公失败可投,外企德科数字技术有限公司,西安·雁塔·漳浒寨,1.5-3万·14薪,经验不限,本科
JAVA/C/C++/Python/go/web开发工程师 全国岗14薪，全额社保公积金 应届生/考研/考公失败可投,外企德科数字技术有限公司,西安·雁塔·漳浒寨,1.5-3万·14薪,经验不限,本科
go开发工程师,首聘(北京)科技有限公司,北京·海淀·马连洼,1.7-2万,经验不限,学历不限
go开发工程师,首聘(北京)科技有限公司,北京·海淀·马连洼,1.7-2万,经验不限,学历不限
Go 后端开发工程师 （初级）,广州崇实自动控制科技有限公司,广州·番禺·钟村,8000-12000元,1-3年,本科
Go 后端开发工程师 （初级）,广州崇实自动控制科技有限公司,广州·番禺·钟村,8000-12000元,1-3年,本科
C/C++/Java/Python/Go通用软件开发/测试,外企德科数字技术有限公司,北京·海淀,1.5-3万,经验不限,本科
C/C++/Java/Python/Go通用软件开发/测试,外企德科数字技术有限公司,北京·海淀,1.5-3万,经验不限,本科
赴日GO开发工程师（全程日语面试）,株式会社GSD,日本,1-2万,1-3年,本科
赴日GO开发工程师（全程日语面试）,株式会社GSD,日本,1-2万,1-3年,本科
赴日GO开发工程师（全程日语面试）,株式会社GSD,日本,1-2万,1-3年,本科
赴日GO开发工程师（全程日语面试）,株式会社GSD,日本,1-2万,1-3年,本科
go开发,软通动力信息技术(集团)股份有限公司,北京·朝阳·亚运村,1.5-2万,3-5年,本科
go开发,软通动力信息技术(集团)股份有限公司,北京·朝阳·亚运村,1.5-2万,3-5年,本科
C/C++/Java/Python/Go通用软件开发/测试,外企德科数字技术有限公司,西安·雁塔·漳浒寨,1.6-3万,经验不限,本科
C/C++/Java/Python/Go通用软件开发/测试,外企德科数字技术有限公司,西安·雁塔·漳浒寨,1.6-3万,经验不限,本科
go开发工程师,上海朗裕信息科技有限公司,上海·静安·曹家渡,1.5-1.8万,5-10年,大专
go开发工程师,上海朗裕信息科技有限公司,上海·静安·曹家渡,1.5-1.8万,5-10年,大专
GO开发工程师,软通动力信息技术(集团)股份有限公司,北京·朝阳·亚运村,1.5-1.8万,3-5年,本科
GO开发工程师,软通动力信息技术(集团)股份有限公司,北京·朝阳·亚运村,1.5-1.8万,3-5年,本科
Java/C++/C/Python/GO/JS,外企德科数字技术有限公司,西安·雁塔·漳浒寨,1.2-2.4万·15薪,经验不限,本科
Java/C++/C/Python/GO/JS,外企德科数字技术有限公司,西安·雁塔·漳浒寨,1.2-2.4万·15薪,经验不限,本科
GO技术后端开发,武汉第拾智慧信息科技有限公司,武汉·江岸,9000-16000元,3-5年,大专
GO技术后端开发,武汉第拾智慧信息科技有限公司,武汉·江岸,9000-16000元,3-5年,大专
软件工程师（.NET/Go/Python方向）,广东南方通信建设有限公司八分公司,呼和浩特·赛罕,8000-9000元,1-3年,大专
软件工程师（.NET/Go/Python方向）,广东南方通信建设有限公司八分公司,呼和浩特·赛罕,8000-9000元,1-3年,大专
Java/C/C++/python/GO/web/测试,外企德科数字技术有限公司,武汉·江夏·豹澥,1.2-2.4万·14薪,经验不限,本科
Java/C/C++/python/GO/web/测试,外企德科数字技术有限公司,武汉·江夏·豹澥,1.2-2.4万·14薪,经验不限,本科
Go语言开发,东软集团,武汉·汉阳·四新,1.7-1.9万·14薪,3-5年,本科
Go语言开发,东软集团,武汉·汉阳·四新,1.7-1.9万·14薪,3-5年,本科
GO工程师,河北源达信息技术股份有限公司,石家庄·长安·跃进,6000-12000元,3-5年,本科
GO工程师,河北源达信息技术股份有限公司,石家庄·长安·跃进,6000-12000元,3-5年,本科
JAVA/C/C++/Python/go/web开发工程师 全国岗14薪，全额社保公积金 应届生/考研/考公失败可投,外企德科数字技术有限公司,贵阳·花溪·孟关,1.5-3万·14薪,经验不限,本科
JAVA/C/C++/Python/go/web开发工程师 全国岗14薪，全额社保公积金 应届生/考研/考公失败可投,外企德科数字技术有限公司,贵阳·花溪·孟关,1.5-3万·14薪,经验不限,本科
GO开发工程师,京北方,北京·朝阳·建外,1.6-2万,5-10年,本科
GO开发工程师,京北方,北京·朝阳·建外,1.6-2万,5-10年,本科
GO语言高级程序员（包吃）,合肥丰实网络科技有限公司,合肥·蜀山·莲花社区,5000-10000元·13薪,1-3年,大专
GO语言高级程序员（包吃）,合肥丰实网络科技有限公司,合肥·蜀山·莲花社区,5000-10000元·13薪,1-3年,大专
资深java工程师（有go经验，视频面试）,外企德科数字技术有限公司,北京·朝阳,1.5-3万·15薪,3-5年,本科
资深java工程师（有go经验，视频面试）,外企德科数字技术有限公司,北京·朝阳,1.5-3万·15薪,3-5年,本科
高级GO开发工程师(J10017),深圳市众云网科技有限公司,深圳·南山·粤海,2-3.5万,3-5年,本科
高级GO开发工程师(J10017),深圳市众云网科技有限公司,深圳·南山·粤海,2-3.5万,3-5年,本科
GO后端开发工程师（可接受JAVA）,博彦科技承德有限公司,武汉·洪山·关山,1.3-1.5万,3-5年,大专
GO后端开发工程师（可接受JAVA）,博彦科技承德有限公司,武汉·洪山·关山,1.3-1.5万,3-5年,大专
Java/C/C++/Python/GO/JS,外企德科数字技术有限公司,杭州·滨江·长河,1.3-2.6万·14薪,经验不限,本科
Java/C/C++/Python/GO/JS,外企德科数字技术有限公司,杭州·滨江·长河,1.3-2.6万·14薪,经验不限,本科
GO开发,软通动力信息技术(集团)股份有限公司,北京·海淀·马连洼,1.1-1.8万,3-5年,本科
GO开发,软通动力信息技术(集团)股份有限公司,北京·海淀·马连洼,1.1-1.8万,3-5年,本科
go语言架构师,湖南高达创新产业园发展有限公司,长沙·岳麓·麓谷,1-1.6万,1-3年,大专
go语言架构师,湖南高达创新产业园发展有限公司,长沙·岳麓·麓谷,1-1.6万,1-3年,大专
java/python/C++/测试/C/GO/大数据开发 软件通用岗位/接受应届考研考公失败,外企德科数字技术有限公司,成都·郫都·合作街道,1.5-3万·14薪,经验不限,本科
java/python/C++/测试/C/GO/大数据开发 软件通用岗位/接受应届考研考公失败,外企德科数字技术有限公司,成都·郫都·合作街道,1.5-3万·14薪,经验不限,本科
java/python/C++/测试/C/GO/大数据开发 软件通用岗位/接受应届考研考公失败,外企德科数字技术有限公司,成都·郫都·合作街道,1.5-3万·14薪,经验不限,本科
java/python/C++/测试/C/GO/大数据开发 软件通用岗位/接受应届考研考公失败,外企德科数字技术有限公司,成都·郫都·合作街道,1.5-3万·14薪,经验不限,本科
go语言开发工程师,南京迈特望科技股份有限公司,南京·雨花台·雨花,1.1-1.6万,5-10年,本科
go语言开发工程师,南京迈特望科技股份有限公司,南京·雨花台·雨花,1.1-1.6万,5-10年,本科
Go后端工程师,中科启智(山东)信息有限公司,潍坊·奎文·新城,9000-10000元,3-5年,本科
Go后端工程师,中科启智(山东)信息有限公司,潍坊·奎文·新城,9000-10000元,3-5年,本科
JAVA/C/C++/Python/go/web开发工程师 全国岗，14薪，全额社保公积金 应届生/考研/考公失败可投,外企德科数字技术有限公司,上海·青浦·金泽,1.5-3万·14薪,经验不限,本科
JAVA/C/C++/Python/go/web开发工程师 全国岗，14薪，全额社保公积金 应届生/考研/考公失败可投,外企德科数字技术有限公司,上海·青浦·金泽,1.5-3万·14薪,经验不限,本科
go应用开发工程师(J10985),广州极飞科技股份有限公司,广州·天河·新塘,1.5-2.5万,3-5年,本科
go应用开发工程师(J10985),广州极飞科技股份有限公司,广州·天河·新塘,1.5-2.5万,3-5年,本科
Go开发工程师,辽宁岳能科技有限公司,沈阳·浑南·浑河站东,8000-12000元,3-5年,本科
Go开发工程师,辽宁岳能科技有限公司,沈阳·浑南·浑河站东,8000-12000元,3-5年,本科
Java/C++/C/Python/GO/JS,外企德科数字技术有限公司,东莞·大朗镇,1.2-2.4万·15薪,经验不限,本科
Java/C++/C/Python/GO/JS,外企德科数字技术有限公司,东莞·大朗镇,1.2-2.4万·15薪,经验不限,本科
高级go语言开发工程师（外包）,大数华创,青岛·崂山·中韩,1.7-2.5万,5-10年,大专
高级go语言开发工程师（外包）,大数华创,青岛·崂山·中韩,1.7-2.5万,5-10年,大专
GO研发工程师,南京鹤梦信息技术有限公司,南京·江宁·秣陵,1.6-2.2万,5-10年,本科
GO研发工程师,南京鹤梦信息技术有限公司,南京·江宁·秣陵,1.6-2.2万,5-10年,本科
软件研发工程师（有Java、C、C++、Python、go、JS等）,外企德科数字技术有限公司,苏州·工业园区,1.2-2.4万·14薪,经验不限,本科
软件研发工程师（有Java、C、C++、Python、go、JS等）,外企德科数字技术有限公司,苏州·工业园区,1.2-2.4万·14薪,经验不限,本科
后端开发工程师（GO/C++/Python全额公积金-北京）,菁沐人力资源服务(沧州)有限公司,北京·海淀·马连洼,1.4-1.7万,3-5年,本科
后端开发工程师（GO/C++/Python全额公积金-北京）,菁沐人力资源服务(沧州)有限公司,北京·海淀·马连洼,1.4-1.7万,3-5年,本科
GO开发工程师,软通动力信息技术(集团)股份有限公司,郑州·金水·祭城路,1-1.7万,3-5年,大专
GO开发工程师,软通动力信息技术(集团)股份有限公司,郑州·金水·祭城路,1-1.7万,3-5年,大专
软件研发工程师（有Java、C、C++、Python、go、JS等）,外企德科数字技术有限公司,上海·浦东·金桥,1.2-2.4万·14薪,经验不限,本科
软件研发工程师（有Java、C、C++、Python、go、JS等）,外企德科数字技术有限公司,上海·浦东·金桥,1.2-2.4万·14薪,经验不限,本科
go开发（包三餐，五险一金）,博彦科技承德有限公司,上海·徐汇·虹梅路,1.5-2万,1-3年,本科
go开发（包三餐，五险一金）,博彦科技承德有限公司,上海·徐汇·虹梅路,1.5-2万,1-3年,本科
Go 后端开发工程师+外包+六险一金周末双休,武汉佰钧成技术有限责任公司,西安·雁塔·漳浒寨,1-1.5万,3-5年,本科
Go 后端开发工程师+外包+六险一金周末双休,武汉佰钧成技术有限责任公司,西安·雁塔·漳浒寨,1-1.5万,3-5年,本科
JAVA/ Python/C/C++/GO/数据开发,外企德科数字技术有限公司,杭州·滨江·长河,1.5-3万,经验不限,本科
JAVA/ Python/C/C++/GO/数据开发,外企德科数字技术有限公司,杭州·滨江·长河,1.5-3万,经验不限,本科
go开发工程师,中电金信软件有限公司,北京·昌平·北七家,1-1.3万,1-3年,大专
go开发工程师,中电金信软件有限公司,北京·昌平·北七家,1-1.3万,1-3年,大专
数据工程师【 Python、Java、Go至少会一个】,博彦科技承德有限公司,北京·朝阳·酒仙桥,1.7-2.5万,3-5年,本科
数据工程师【 Python、Java、Go至少会一个】,博彦科技承德有限公司,北京·朝阳·酒仙桥,1.7-2.5万,3-5年,本科
JAVA/JS/C/C++/Python/go/测试,外企德科数字技术有限公司,东莞·大朗镇,1.5-3万·14薪,经验不限,本科
JAVA/JS/C/C++/Python/go/测试,外企德科数字技术有限公司,东莞·大朗镇,1.5-3万·14薪,经验不限,本科
GO语言开发（中高级&架构）,中国电信重庆分公司,重庆·渝中·石油路,1.2-1.8万,5-10年,本科
GO语言开发（中高级&架构）,中国电信重庆分公司,重庆·渝中·石油路,1.2-1.8万,5-10年,本科
Go开发工程师,武汉佰钧成技术有限责任公司,西安·雁塔·漳浒寨,7000-10000元,1-3年,本科
Go开发工程师,武汉佰钧成技术有限责任公司,西安·雁塔·漳浒寨,7000-10000元,1-3年,本科
Go开发工程师,武汉佰钧成技术有限责任公司,西安·雁塔·漳浒寨,7000-10000元,1-3年,本科
Go开发工程师,武汉佰钧成技术有限责任公司,西安·雁塔·漳浒寨,7000-10000元,1-3年,本科
软件开发工程师（C/C++、 Java、Scala、Python、go，JS/前后端/测试等）,外企德科数字技术有限公司,西安·雁塔·漳浒寨,1.2-2万·14薪,经验不限,本科
软件开发工程师（C/C++、 Java、Scala、Python、go，JS/前后端/测试等）,外企德科数字技术有限公司,西安·雁塔·漳浒寨,1.2-2万·14薪,经验不限,本科
GO开发,浪潮集团,深圳·南山·粤海,1-1.5万,3-5年,大专
GO开发,浪潮集团,深圳·南山·粤海,1-1.5万,3-5年,大专
go/python,武汉绒花树网络技术有限公司,北京·朝阳·六里屯,1.5-2万,3-5年,本科
go/python,武汉绒花树网络技术有限公司,北京·朝阳·六里屯,1.5-2万,3-5年,本科
JAVA/JS/C/C++/Python/go/测试,外企德科数字技术有限公司,苏州·工业园区,1.5-3万·14薪,经验不限,本科
JAVA/JS/C/C++/Python/go/测试,外企德科数字技术有限公司,苏州·工业园区,1.5-3万·14薪,经验不限,本科
go开发,软通动力信息技术(集团)股份有限公司,深圳·南山·西丽,1.2-1.7万,3-5年,本科
go开发,软通动力信息技术(集团)股份有限公司,深圳·南山·西丽,1.2-1.7万,3-5年,本科
GO,浪潮集团,北京·海淀·花园路,1.3-1.7万,3-5年,本科
GO,浪潮集团,北京·海淀·花园路,1.3-1.7万,3-5年,本科
Java/C++/C/Python/web/Go/测试/安卓,外企德科数字技术有限公司,杭州·滨江·长河,1-2万,经验不限,本科
Java/C++/C/Python/web/Go/测试/安卓,外企德科数字技术有限公司,杭州·滨江·长河,1-2万,经验不限,本科
Java/Go后端开发岗,长沙市卓驰电子科技有限公司,长沙·芙蓉·东岸,9000-14000元,5-10年,本科
Java/Go后端开发岗,长沙市卓驰电子科技有限公司,长沙·芙蓉·东岸,9000-14000元,5-10年,本科
高级go语言开发工程师,大数华创,青岛·崂山·中韩,1.5-2.5万,3-5年,大专
高级go语言开发工程师,大数华创,青岛·崂山·中韩,1.5-2.5万,3-5年,大专
Java/C++/C/Python/GO/JS,外企德科数字技术有限公司,武汉·江夏·豹澥,1.2-2.4万·15薪,经验不限,本科
Java/C++/C/Python/GO/JS,外企德科数字技术有限公司,武汉·江夏·豹澥,1.2-2.4万·15薪,经验不限,本科
Go 开发工程师,中竞发信息科技(合肥)有限公司,合肥·蜀山·南岗,1.3-1.7万,5-10年,本科
Go 开发工程师,中竞发信息科技(合肥)有限公司,合肥·蜀山·南岗,1.3-1.7万,5-10年,本科
Java/Python/Go/Rust软件开发工程师,智联猎头,广州·白云·松洲,1.5-3万·14薪,1-3年,本科
Java/Python/Go/Rust软件开发工程师,智联猎头,广州·白云·松洲,1.5-3万·14薪,1-3年,本科
JAVA/C++/C/Python/GO,外企德科数字技术有限公司,深圳·龙岗·坂田,1.5-2.6万·15薪,经验不限,本科
JAVA/C++/C/Python/GO,外企德科数字技术有限公司,深圳·龙岗·坂田,1.5-2.6万·15薪,经验不限,本科
go开发工程师,首聘(北京)科技有限公司,北京·海淀·上地,1.6-1.7万,1-3年,大专
go开发工程师,首聘(北京)科技有限公司,北京·海淀·上地,1.6-1.7万,1-3年,大专
Java/Python/Go/Rust软件开发工程师,智联猎头,南京·雨花台·雨花,1.5-3万·14薪,1-3年,本科
Java/Python/Go/Rust软件开发工程师,智联猎头,南京·雨花台·雨花,1.5-3万·14薪,1-3年,本科
JAVA/JS/C/C++/Python/go/测试,外企德科数字技术有限公司,深圳·龙岗·坂田,1.5-3万·14薪,经验不限,本科
JAVA/JS/C/C++/Python/go/测试,外企德科数字技术有限公司,深圳·龙岗·坂田,1.5-3万·14薪,经验不限,本科
软件工程师（.NET/Go/Python方向）,内蒙古博驰能源科技有限公司,呼和浩特·玉泉·小黑河,6000-9000元,5-10年,本科
软件工程师（.NET/Go/Python方向）,内蒙古博驰能源科技有限公司,呼和浩特·玉泉·小黑河,6000-9000元,5-10年,本科
Java/Python/Go/Rust软件开发工程师,智联猎头,杭州·滨江·长河,1.5-3万·14薪,1-3年,本科
Java/Python/Go/Rust软件开发工程师,智联猎头,杭州·滨江·长河,1.5-3万·14薪,1-3年,本科
JAVA/JS/C/C++/Python/go/测试,外企德科数字技术有限公司,西安·雁塔·漳浒寨,1.5-3万·14薪,经验不限,本科
JAVA/JS/C/C++/Python/go/测试,外企德科数字技术有限公司,西安·雁塔·漳浒寨,1.5-3万·14薪,经验不限,本科
GO开发工程师,上海微创软件股份有限公司,深圳·南山·粤海,1.2-1.5万,1-3年,大专
GO开发工程师,上海微创软件股份有限公司,深圳·南山·粤海,1.2-1.5万,1-3年,大专
GO开发工程师,上海微创软件股份有限公司,深圳·南山·粤海,1.2-1.5万,1-3年,大专
GO开发工程师,上海微创软件股份有限公司,深圳·南山·粤海,1.2-1.5万,1-3年,大专
Java/Python/Go/Rust软件开发工程师,智联猎头,东莞·大朗镇,1.5-3万·14薪,1-3年,本科
Java/Python/Go/Rust软件开发工程师,智联猎头,东莞·大朗镇,1.5-3万·14薪,1-3年,本科
JAVA/JS/C/C++/Python/go/测试,外企德科数字技术有限公司,北京·海淀,1.5-3万·14薪,经验不限,本科
JAVA/JS/C/C++/Python/go/测试,外企德科数字技术有限公司,北京·海淀,1.5-3万·14薪,经验不限,本科
GO后端开发,博彦科技承德有限公司,北京·海淀·马连洼,1.5-1.7万,1-3年,本科
GO后端开发,博彦科技承德有限公司,北京·海淀·马连洼,1.5-1.7万,1-3年,本科
Java/Python/Go/Rust软件开发工程师,智联猎头,武汉·江夏·豹澥,1.5-3万·14薪,1-3年,本科
Java/Python/Go/Rust软件开发工程师,智联猎头,武汉·江夏·豹澥,1.5-3万·14薪,1-3年,本科
软件研发工程师（有Java、C、C++、Python、go、JS等）,外企德科数字技术有限公司,西安·雁塔·漳浒寨,1.2-2.4万·14薪,经验不限,本科
软件研发工程师（有Java、C、C++、Python、go、JS等）,外企德科数字技术有限公司,西安·雁塔·漳浒寨,1.2-2.4万·14薪,经验不限,本科
go开发（现场复试）外派丰台央企,软通动力信息技术(集团)股份有限公司,北京·丰台·看丹,1.3-1.6万,3-5年,大专
go开发（现场复试）外派丰台央企,软通动力信息技术(集团)股份有限公司,北京·丰台·看丹,1.3-1.6万,3-5年,大专
Java/Python/Go/Rust软件开发工程师,智联猎头,上海·浦东·金桥,1.5-3万·14薪,1-3年,本科
Java/Python/Go/Rust软件开发工程师,智联猎头,上海·浦东·金桥,1.5-3万·14薪,1-3年,本科
JAVA/C/C++/Python/go/web开发工程师,外企德科数字技术有限公司,成都·郫都·合作街道,1.8-3.5万·15薪,经验不限,本科
JAVA/C/C++/Python/go/web开发工程师,外企德科数字技术有限公司,成都·郫都·合作街道,1.8-3.5万·15薪,经验不限,本科
Go后端开发工程师,博彦科技承德有限公司,北京·海淀·马连洼,1.6-1.7万,1-3年,本科
Go后端开发工程师,博彦科技承德有限公司,北京·海淀·马连洼,1.6-1.7万,1-3年,本科
Java/Python/Go/Rust软件开发工程师,智联猎头,成都·郫都·合作街道,1.5-3万·14薪,1-3年,本科
Java/Python/Go/Rust软件开发工程师,智联猎头,成都·郫都·合作街道,1.5-3万·14薪,1-3年,本科
Java/C++/C/Python/GO/JS,外企德科数字技术有限公司,北京·海淀·上地,1.2-2.4万·15薪,经验不限,本科
Java/C++/C/Python/GO/JS,外企德科数字技术有限公司,北京·海淀·上地,1.2-2.4万·15薪,经验不限,本科
Go后端开发工程师,博彦科技承德有限公司,北京·海淀·马连洼,1.6-1.7万,1-3年,本科
Go后端开发工程师,博彦科技承德有限公司,北京·海淀·马连洼,1.6-1.7万,1-3年,本科
Go开发工程师,北京岳能科技股份有限公司,沈阳·浑南·浑河站东,8000-12000元,3-5年,本科
Go开发工程师,北京岳能科技股份有限公司,沈阳·浑南·浑河站东,8000-12000元,3-5年,本科
JAVA/JS/C/C++/Python/go/测试,外企德科数字技术有限公司,上海·浦东·金桥,1.5-3万·14薪,经验不限,本科
JAVA/JS/C/C++/Python/go/测试,外企德科数字技术有限公司,上海·浦东·金桥,1.5-3万·14薪,经验不限,本科
后端开发工程师（GO）,博彦科技承德有限公司,北京·海淀·马连洼,1.6-1.7万,1-3年,本科
后端开发工程师（GO）,博彦科技承德有限公司,北京·海淀·马连洼,1.6-1.7万,1-3年,本科
高级WEB后端开发工程师（go/php),湖南拓维云创科技有限责任公司,厦门·思明·莲前,1.4-2.5万,5-10年,本科
高级WEB后端开发工程师（go/php),湖南拓维云创科技有限责任公司,厦门·思明·莲前,1.4-2.5万,5-10年,本科
Java/C/C++/Python/Go开发工程师,外企德科数字技术有限公司,成都·郫都·合作街道,1.3-2.6万,3-5年,本科
Java/C/C++/Python/Go开发工程师,外企德科数字技术有限公司,成都·郫都·合作街道,1.3-2.6万,3-5年,本科
Java（转go）,博彦科技承德有限公司,武汉·洪山·关山,1.3-1.5万,3-5年,大专
Java（转go）,博彦科技承德有限公司,武汉·洪山·关山,1.3-1.5万,3-5年,大专
CS go 上一休一,成都泰盈科技有限公司,成都·成华·跳蹬河,5000-7000元,经验不限,学历不限
CS go 上一休一,成都泰盈科技有限公司,成都·成华·跳蹬河,5000-7000元,经验不限,学历不限
JAVA/C++/JS/python/GO等通用开发工程师,外企德科数字技术有限公司,上海·浦东·金桥,1.5-3万·14薪,经验不限,本科
JAVA/C++/JS/python/GO等通用开发工程师,外企德科数字技术有限公司,上海·浦东·金桥,1.5-3万·14薪,经验不限,本科
JAVA/C++/JS/python/GO等通用开发工程师,外企德科数字技术有限公司,上海·浦东·金桥,1.5-3万·14薪,经验不限,本科
JAVA/C++/JS/python/GO等通用开发工程师,外企德科数字技术有限公司,上海·浦东·金桥,1.5-3万·14薪,经验不限,本科
数据平台研发工程师【python/go】,博彦科技承德有限公司,西安·雁塔·漳浒寨,1.5-1.6万,3-5年,本科
数据平台研发工程师【python/go】,博彦科技承德有限公司,西安·雁塔·漳浒寨,1.5-1.6万,3-5年,本科
GO全栈开发工程师,北京联创信安科技股份有限公司,北京·昌平·史各庄,1.2-2万,3-5年,本科
GO全栈开发工程师,北京联创信安科技股份有限公司,北京·昌平·史各庄,1.2-2万,3-5年,本科
JAVA/C/C++/Python/go/web开发工程师,外企德科数字技术有限公司,北京·海淀·上地,1.8-3.5万·15薪,经验不限,本科
JAVA/C/C++/Python/go/web开发工程师,外企德科数字技术有限公司,北京·海淀·上地,1.8-3.5万·15薪,经验不限,本科
后端开发工程师（python/go）,博彦科技承德有限公司,西安·雁塔·漳浒寨,1.3-1.6万,3-5年,本科
后端开发工程师（python/go）,博彦科技承德有限公司,西安·雁塔·漳浒寨,1.3-1.6万,3-5年,本科
Go开发工程师（核心网开发）,软通动力信息技术(集团)股份有限公司,北京·朝阳·亚运村,1-1.8万,3-5年,大专
Go开发工程师（核心网开发）,软通动力信息技术(集团)股份有限公司,北京·朝阳·亚运村,1-1.8万,3-5年,大专
软件研发工程师（有Java、C、C++、Python、go、JS等）,外企德科数字技术有限公司,成都·郫都·合作街道,1.2-2.4万·14薪,经验不限,本科
软件研发工程师（有Java、C、C++、Python、go、JS等）,外企德科数字技术有限公司,成都·郫都·合作街道,1.2-2.4万·14薪,经验不限,本科
Go后端,博彦科技承德有限公司,北京·海淀·上地,1.8-1.9万,3-5年,本科
Go后端,博彦科技承德有限公司,北京·海淀·上地,1.8-1.9万,3-5年,本科
GO/Python后端开发,中电金信软件有限公司,深圳·南山·粤海,1-1.8万·14薪,1-3年,大专
GO/Python后端开发,中电金信软件有限公司,深圳·南山·粤海,1-1.8万·14薪,1-3年,大专
C/C++/python/js/GO/测试（所有语言都有招聘）,外企德科数字技术有限公司,上海·青浦·金泽,1.3-2.6万·14薪,经验不限,本科
C/C++/python/js/GO/测试（所有语言都有招聘）,外企德科数字技术有限公司,上海·青浦·金泽,1.3-2.6万·14薪,经验不限,本科
Java开发（是转go开发，手机放在柜子里）,博彦科技承德有限公司,武汉·洪山·关山,1.2-1.7万,3-5年,本科
Java开发（是转go开发，手机放在柜子里）,博彦科技承德有限公司,武汉·洪山·关山,1.2-1.7万,3-5年,本科
GO开发,中电金信软件有限公司,深圳·南山·粤海,1.4-1.7万,3-5年,大专
GO开发,中电金信软件有限公司,深圳·南山·粤海,1.4-1.7万,3-5年,大专
Java/C++/C/Python/web/Go/测试/安卓,外企德科数字技术有限公司,苏州·工业园区,1-2万,经验不限,本科
Java/C++/C/Python/web/Go/测试/安卓,外企德科数字技术有限公司,苏州·工业园区,1-2万,经验不限,本科
后端开发（JAVA转Go）,博彦科技承德有限公司,武汉·洪山·关山,1.2-1.7万,1-3年,本科
后端开发（JAVA转Go）,博彦科技承德有限公司,武汉·洪山·关山,1.2-1.7万,1-3年,本科
全栈开发工程师（前端 Vue + 后端 Go）,上海康威淇新能源科技有限公司,苏州·昆山·花桥,1.6-2.6万,3-5年,本科
全栈开发工程师（前端 Vue + 后端 Go）,上海康威淇新能源科技有限公司,苏州·昆山·花桥,1.6-2.6万,3-5年,本科
java\python\c\c++\go\js(双休五险一金年终奖),外企德科数字技术有限公司,上海·青浦·金泽,1.5-3万·14薪,经验不限,本科
java\python\c\c++\go\js(双休五险一金年终奖),外企德科数字技术有限公司,上海·青浦·金泽,1.5-3万·14薪,经验不限,本科
后端开发（Java/go）,博彦科技承德有限公司,武汉·洪山·关山,1.2-1.7万,5-10年,大专
后端开发（Java/go）,博彦科技承德有限公司,武汉·洪山·关山,1.2-1.7万,5-10年,大专
GO开发工程师,中电金信软件有限公司,深圳·南山·粤海,1.4-2万,3-5年,大专
GO开发工程师,中电金信软件有限公司,深圳·南山·粤海,1.4-2万,3-5年,大专
JAVA/JS/C/C++/Python/go/测试,外企德科数字技术有限公司,南京·雨花台·雨花,1.5-3万·14薪,经验不限,本科
JAVA/JS/C/C++/Python/go/测试,外企德科数字技术有限公司,南京·雨花台·雨花,1.5-3万·14薪,经验不限,本科
Go云原生开发工程师,深圳市法本信息技术股份有限公司,成都·武侯·桂溪,1-1.6万,3-5年,大专
Go云原生开发工程师,深圳市法本信息技术股份有限公司,成都·武侯·桂溪,1-1.6万,3-5年,大专
高级go开发研究员,软通动力信息技术(集团)股份有限公司,北京·昌平,1.5-1.7万,5-10年,大专
高级go开发研究员,软通动力信息技术(集团)股份有限公司,北京·昌平,1.5-1.7万,5-10年,大专
高级go开发研究员,软通动力信息技术(集团)股份有限公司,北京·昌平,1.5-1.7万,5-10年,大专
高级go开发研究员,软通动力信息技术(集团)股份有限公司,北京·昌平,1.5-1.7万,5-10年,大专
JAVA/ Python/C/C++/GO/数据开发,外企德科数字技术有限公司,上海·浦东·金桥,1.7-3万,经验不限,本科
JAVA/ Python/C/C++/GO/数据开发,外企德科数字技术有限公司,上海·浦东·金桥,1.7-3万,经验不限,本科
go开发工程师,四川沐升隆科技有限公司,成都·双流·华阳,1.5-3万,3-5年,本科
go开发工程师,四川沐升隆科技有限公司,成都·双流·华阳,1.5-3万,3-5年,本科
Go开发工程师,软通动力信息技术(集团)股份有限公司,深圳·南山·桃源,1.4-1.8万,3-5年,本科
Go开发工程师,软通动力信息技术(集团)股份有限公司,深圳·南山·桃源,1.4-1.8万,3-5年,本科
Java/C/C++/Python/Go开发工程师,外企德科数字技术有限公司,西安·雁塔·漳浒寨,1.3-2.6万·14薪,经验不限,本科
Java/C/C++/Python/Go开发工程师,外企德科数字技术有限公司,西安·雁塔·漳浒寨,1.3-2.6万·14薪,经验不限,本科
go开发,上海微创软件股份有限公司,上海·闵行·吴泾,1.5-2.2万,3-5年,大专
go开发,上海微创软件股份有限公司,上海·闵行·吴泾,1.5-2.2万,3-5年,大专
开发工程师（Java/Python/Go）,江苏未来网络集团有限公司,南京·江宁·秣陵,1-1.5万,1-3年,本科
开发工程师（Java/Python/Go）,江苏未来网络集团有限公司,南京·江宁·秣陵,1-1.5万,1-3年,本科
Java/C/C++/Python/Go开发工程师,外企德科数字技术有限公司,武汉·江夏·豹澥,1.3-2.6万,1-3年,本科
Java/C/C++/Python/Go开发工程师,外企德科数字技术有限公司,武汉·江夏·豹澥,1.3-2.6万,1-3年,本科
GO,软通动力信息技术(集团)股份有限公司,深圳·南山·西丽,8000-14000元,经验不限,本科
GO,软通动力信息技术(集团)股份有限公司,深圳·南山·西丽,8000-14000元,经验不限,本科
go开发工程师,中电金信软件有限公司,杭州·萧山·闻堰,1.1-1.3万,1-3年,本科
go开发工程师,中电金信软件有限公司,杭州·萧山·闻堰,1.1-1.3万,1-3年,本科
C/C++/Java/Python/GO/算法/web前端开发,外企德科数字技术有限公司,西安·雁塔·漳浒寨,1.6-3万·14薪,经验不限,本科
C/C++/Java/Python/GO/算法/web前端开发,外企德科数字技术有限公司,西安·雁塔·漳浒寨,1.6-3万·14薪,经验不限,本科
后端开发工程师（go）,深圳市沐腾科技有限公司,成都·武侯·桂溪,2-3万,3-5年,本科
后端开发工程师（go）,深圳市沐腾科技有限公司,成都·武侯·桂溪,2-3万,3-5年,本科
GO/JAVA后端开发工程师,博彦科技承德有限公司,武汉·洪山·关山,1.4-1.5万,3-5年,本科
GO/JAVA后端开发工程师,博彦科技承德有限公司,武汉·洪山·关山,1.4-1.5万,3-5年,本科
C/C++/Java/Python/Go通用软件开发/测试,外企德科数字技术有限公司,上海·浦东·金桥,1.5-3万,经验不限,本科
C/C++/Java/Python/Go通用软件开发/测试,外企德科数字技术有限公司,上海·浦东·金桥,1.5-3万,经验不限,本科
开发工程师（Java/Python/Go）,江苏未来网络集团有限公司,南京·江宁·秣陵,1-1.5万,1-3年,本科
开发工程师（Java/Python/Go）,江苏未来网络集团有限公司,南京·江宁·秣陵,1-1.5万,1-3年,本科
GO开发工程（需要会GO和K8S）,北京南天软件有限公司,北京·丰台·五里店,1.5-2万,5-10年,本科
GO开发工程（需要会GO和K8S）,北京南天软件有限公司,北京·丰台·五里店,1.5-2万,5-10年,本科
Java/C++/C/Python/GO/JS,外企德科数字技术有限公司,南京·江宁·秣陵,1.2-2.4万·15薪,经验不限,本科
Java/C++/C/Python/GO/JS,外企德科数字技术有限公司,南京·江宁·秣陵,1.2-2.4万·15薪,经验不限,本科
软件开发工程师（C/C++/Go/Java方向）(J10067),深圳市众云网科技有限公司,深圳·南山·粤海,1-1.5万,经验不限,本科
软件开发工程师（C/C++/Go/Java方向）(J10067),深圳市众云网科技有限公司,深圳·南山·粤海,1-1.5万,经验不限,本科
后端开发工程师【python/go】,博彦科技承德有限公司,西安·雁塔·漳浒寨,1.4-1.5万,3-5年,本科
后端开发工程师【python/go】,博彦科技承德有限公司,西安·雁塔·漳浒寨,1.4-1.5万,3-5年,本科
软件研发工程师（有Java、C、C++、Python、go、JS等）,外企德科数字技术有限公司,深圳·龙岗·坂田,1.2-2.4万·14薪,经验不限,本科
软件研发工程师（有Java、C、C++、Python、go、JS等）,外企德科数字技术有限公司,深圳·龙岗·坂田,1.2-2.4万·14薪,经验不限,本科
go开发工程师,中电金信软件有限公司,深圳·南山·粤海,1-1.6万,3-5年,大专
go开发工程师,中电金信软件有限公司,深圳·南山·粤海,1-1.6万,3-5年,大专
go开发工程师,中电金信软件有限公司,深圳·南山·粤海,1-1.6万,3-5年,大专
go开发工程师,中电金信软件有限公司,深圳·南山·粤海,1-1.6万,3-5年,大专
后端开发工程师【python/go】,博彦科技承德有限公司,北京·海淀·马连洼,1.4-1.5万,3-5年,本科
后端开发工程师【python/go】,博彦科技承德有限公司,北京·海淀·马连洼,1.4-1.5万,3-5年,本科
Go开发工程师（大厂双休）-北京,外企德科数字技术有限公司,北京·朝阳,1.8-3.5万·15薪,1-3年,本科
Go开发工程师（大厂双休）-北京,外企德科数字技术有限公司,北京·朝阳,1.8-3.5万·15薪,1-3年,本科
go语言开发工程师,上海术丛智能科技有限责任公司,上海·徐汇·湖南路,1.5-1.8万,3-5年,本科
go语言开发工程师,上海术丛智能科技有限责任公司,上海·徐汇·湖南路,1.5-1.8万,3-5年,本科
后端开发（python/go）,博彦科技承德有限公司,北京·海淀·马连洼,1.4-1.5万,3-5年,本科
后端开发（python/go）,博彦科技承德有限公司,北京·海淀·马连洼,1.4-1.5万,3-5年,本科
Java/前端/Python/C/C++/go开发工程师,外企德科数字技术有限公司,南京·雨花台·雨花,1.5-3万·14薪,经验不限,本科
Java/前端/Python/C/C++/go开发工程师,外企德科数字技术有限公司,南京·雨花台·雨花,1.5-3万·14薪,经验不限,本科
go开发（线上面试）,深圳市法本信息技术股份有限公司,深圳·南山·西丽,2.1-2.6万,3-5年,本科
go开发（线上面试）,深圳市法本信息技术股份有限公司,深圳·南山·西丽,2.1-2.6万,3-5年,本科
后端开发（python/go）,博彦科技承德有限公司,西安·雁塔·漳浒寨,1.4-1.5万,3-5年,本科
后端开发（python/go）,博彦科技承德有限公司,西安·雁塔·漳浒寨,1.4-1.5万,3-5年,本科
C/C++/Java/Python/Go通用软件开发/测试,外企德科数字技术有限公司,杭州·滨江·长河,1.5-3万,经验不限,本科
C/C++/Java/Python/Go通用软件开发/测试,外企德科数字技术有限公司,杭州·滨江·长河,1.5-3万,经验不限,本科
高级研发工程师(go/Java),中电信量子信息科技集团有限公司,合肥·蜀山·南岗,1.5-3万,3-5年,本科
高级研发工程师(go/Java),中电信量子信息科技集团有限公司,合肥·蜀山·南岗,1.5-3万,3-5年,本科
中级GO开发工程师,四川沐升隆科技有限公司,成都·双流·华阳,1-1.8万,3-5年,本科
中级GO开发工程师,四川沐升隆科技有限公司,成都·双流·华阳,1-1.8万,3-5年,本科
软件研发工程师（有Java、C、C++、Python、go、JS等）,外企德科数字技术有限公司,杭州·滨江·长河,1.2-2.4万·14薪,经验不限,本科
软件研发工程师（有Java、C、C++、Python、go、JS等）,外企德科数字技术有限公司,杭州·滨江·长河,1.2-2.4万·14薪,经验不限,本科
go后端开发,博彦科技承德有限公司,北京·海淀·上地,1.7-1.8万,1-3年,大专
go后端开发,博彦科技承德有限公司,北京·海淀·上地,1.7-1.8万,1-3年,大专
对游戏感兴趣的 go！老板人好话不多H,河北鸿联九五信息产业有限公司,石家庄·裕华·槐底,4000-6000元,经验不限,学历不限
对游戏感兴趣的 go！老板人好话不多H,河北鸿联九五信息产业有限公司,石家庄·裕华·槐底,4000-6000元,经验不限,学历不限
Java/C/C++/python/GO/web/测试,外企德科数字技术有限公司,杭州·滨江·长河,1.3-2.6万,经验不限,本科
Java/C/C++/python/GO/web/测试,外企德科数字技术有限公司,杭州·滨江·长河,1.3-2.6万,经验不限,本科
GO研发工程师,博彦科技承德有限公司,北京·海淀·上地,1.8-1.9万,1-3年,本科
GO研发工程师,博彦科技承德有限公司,北京·海淀·上地,1.8-1.9万,1-3年,本科
高级go语言开发工程师,全讯汇聚网络科技(北京)有限公司,北京·丰台·看丹,2-4万,5-10年,本科
高级go语言开发工程师,全讯汇聚网络科技(北京)有限公司,北京·丰台·看丹,2-4万,5-10年,本科
Java/python/JS/GO/算法/测试/c ++,外企德科数字技术有限公司,深圳·龙岗·坂田,1.3-2.6万·14薪,无经验,本科
Java/python/JS/GO/算法/测试/c ++,外企德科数字技术有限公司,深圳·龙岗·坂田,1.3-2.6万·14薪,无经验,本科
律师助理-五险高新法定假GO,保定吉聚知识产权服务有限公司,保定·竞秀·富昌,6000-12000元,经验不限,大专
律师助理-五险高新法定假GO,保定吉聚知识产权服务有限公司,保定·竞秀·富昌,6000-12000元,经验不限,大专
go开发,博彦科技承德有限公司,北京·海淀·海淀街道,1.5-1.9万,3-5年,大专
go开发,博彦科技承德有限公司,北京·海淀·海淀街道,1.5-1.9万,3-5年,大专
C++/前端/Java/Python/C/go开发工程师,外企德科数字技术有限公司,苏州·虎丘,1.5-3万·14薪,经验不限,本科
C++/前端/Java/Python/C/go开发工程师,外企德科数字技术有限公司,苏州·虎丘,1.5-3万·14薪,经验不限,本科
C++/前端/Java/Python/C/go开发工程师,外企德科数字技术有限公司,苏州·虎丘,1.5-3万·14薪,经验不限,本科
C++/前端/Java/Python/C/go开发工程师,外企德科数字技术有限公司,苏州·虎丘,1.5-3万·14薪,经验不限,本科
go语言高级开发工程师（数字智能）,中国恩菲工程技术有限公司,北京·海淀·羊坊店,1.2-2.4万,3-5年,本科
go语言高级开发工程师（数字智能）,中国恩菲工程技术有限公司,北京·海淀·羊坊店,1.2-2.4万,3-5年,本科
go语言开发工程师,大连同方软银科技股份有限公司,北京·西城·金融街,1.1-2万,1-3年,大专
go语言开发工程师,大连同方软银科技股份有限公司,北京·西城·金融街,1.1-2万,1-3年,大专
JAVA/C/C++/Python/go/web开发工程师 全国岗14薪，全额社保公积金 应届生/考研/考公失败可投,外企德科数字技术有限公司,广州·白云·松洲,1.5-3万·14薪,经验不限,本科
JAVA/C/C++/Python/go/web开发工程师 全国岗14薪，全额社保公积金 应届生/考研/考公失败可投,外企德科数字技术有限公司,广州·白云·松洲,1.5-3万·14薪,经验不限,本科
Go语言网络安全工程师（防护/攻击应对）,四川沐升隆科技有限公司,成都·双流·华阳,1.5-3万,3-5年,本科
Go语言网络安全工程师（防护/攻击应对）,四川沐升隆科技有限公司,成都·双流·华阳,1.5-3万,3-5年,本科
go 开发,软通动力信息技术(集团)股份有限公司,北京·朝阳·酒仙桥,1.3-1.4万,3-5年,大专
go 开发,软通动力信息技术(集团)股份有限公司,北京·朝阳·酒仙桥,1.3-1.4万,3-5年,大专
C/C++/Java/Python/Go通用软件开发/测试,外企德科数字技术有限公司,广州·白云·松洲,1.5-3万,经验不限,本科
C/C++/Java/Python/Go通用软件开发/测试,外企德科数字技术有限公司,广州·白云·松洲,1.5-3万,经验不限,本科
研发工程师（java/python/C/C++/GO】）,山东中网云安智能科技有限公司,济南·历下·龙洞,5000-10000元,经验不限,本科
研发工程师（java/python/C/C++/GO】）,山东中网云安智能科技有限公司,济南·历下·龙洞,5000-10000元,经验不限,本科
go开发 现场面试 早九晚六 双休 统本,翰竺科技(北京)有限公司,深圳·南山·西丽,5000-7000元,1-3年,本科
go开发 现场面试 早九晚六 双休 统本,翰竺科技(北京)有限公司,深圳·南山·西丽,5000-7000元,1-3年,本科
Java/go开发工程师,外企德科数字技术有限公司,北京·海淀,1.5-3万·14薪,1-3年,本科
Java/go开发工程师,外企德科数字技术有限公司,北京·海淀,1.5-3万·14薪,1-3年,本科
GO开发工程师,上海通立信息科技有限公司,上海·闵行·颛桥,1-2万,1-3年,本科
GO开发工程师,上海通立信息科技有限公司,上海·闵行·颛桥,1-2万,1-3年,本科
Python/Go全栈开发工程师,上海复微迅捷数字科技股份有限公司,上海·杨浦·新江湾城,1.5-2.4万,3-5年,本科
Python/Go全栈开发工程师,上海复微迅捷数字科技股份有限公司,上海·杨浦·新江湾城,1.5-2.4万,3-5年,本科
测试工程师/软件开发（C/C++、Java、Scala、Python、go，JS/前端/测试等）,外企德科数字技术有限公司,深圳·龙岗·坂田,1.2-2万·14薪,经验不限,本科
测试工程师/软件开发（C/C++、Java、Scala、Python、go，JS/前端/测试等）,外企德科数字技术有限公司,深圳·龙岗·坂田,1.2-2万·14薪,经验不限,本科
GO,博彦科技承德有限公司,北京·朝阳·酒仙桥,1.4-1.6万,1-3年,本科
GO,博彦科技承德有限公司,北京·朝阳·酒仙桥,1.4-1.6万,1-3年,本科
GO开发工程师(J10036),深圳市众云网科技有限公司,深圳·南山·粤海,1-1.8万,无经验,本科
GO开发工程师(J10036),深圳市众云网科技有限公司,深圳·南山·粤海,1-1.8万,无经验,本科
JAVA/C/C++/Python/go/web开发工程师,外企德科数字技术有限公司,武汉·江夏·豹澥,1.8-3.5万·15薪,经验不限,本科
JAVA/C/C++/Python/go/web开发工程师,外企德科数字技术有限公司,武汉·江夏·豹澥,1.8-3.5万·15薪,经验不限,本科
go开发,博彦科技承德有限公司,成都·金牛·金泉,1.1-1.3万,3-5年,本科
go开发,博彦科技承德有限公司,成都·金牛·金泉,1.1-1.3万,3-5年,本科
go后端开发工程师,软通动力信息技术(集团)股份有限公司,北京·海淀·中关村,1.1-2万,经验不限,大专
go后端开发工程师,软通动力信息技术(集团)股份有限公司,北京·海淀·中关村,1.1-2万,经验不限,大专
C/C++/Java/JS/Python/Go软件开发【全国有岗位 可接受应届】,外企德科数字技术有限公司,杭州·滨江·西兴,1.5-3万·14薪,经验不限,本科
C/C++/Java/JS/Python/Go软件开发【全国有岗位 可接受应届】,外企德科数字技术有限公司,杭州·滨江·西兴,1.5-3万·14薪,经验不限,本科
GO开发工程师,四川格锐乾图科技有限公司,北京·通州·潞城,1.2-2万·13薪,经验不限,本科
GO开发工程师,四川格锐乾图科技有限公司,北京·通州·潞城,1.2-2万·13薪,经验不限,本科
Go后端开发工程师,软通动力信息技术(集团)股份有限公司,北京·海淀·上地,1.2-1.4万,1-3年,大专
Go后端开发工程师,软通动力信息技术(集团)股份有限公司,北京·海淀·上地,1.2-1.4万,1-3年,大专
Go后端开发工程师,软通动力信息技术(集团)股份有限公司,北京·海淀·上地,1.2-1.4万,1-3年,大专
Go后端开发工程师,软通动力信息技术(集团)股份有限公司,北京·海淀·上地,1.2-1.4万,1-3年,大专
C++/C/Java/python/GO/JS/算法（所有语言都有招聘）,外企德科数字技术有限公司,武汉·江夏·豹澥,1.3-2.6万·15薪,经验不限,本科
C++/C/Java/python/GO/JS/算法（所有语言都有招聘）,外企德科数字技术有限公司,武汉·江夏·豹澥,1.3-2.6万·15薪,经验不限,本科
爬虫开发工程师（互联网大厂经验优先）,博彦科技承德有限公司,成都·成华·跳蹬河,1.1-1.3万,1-3年,本科
爬虫开发工程师（互联网大厂经验优先）,博彦科技承德有限公司,成都·成华·跳蹬河,1.1-1.3万,1-3年,本科
Golang 后端开发工程师（AI产品),外企德科,北京·海淀·海淀街道,2-4万,经验不限,本科
Golang 后端开发工程师（AI产品),外企德科,北京·海淀·海淀街道,2-4万,经验不限,本科
JAVA/C/C++/Python/go/web开发工程师 全国岗14薪，全额社保公积金 应届生/考研/考公失败可投,外企德科数字技术有限公司,北京·海淀·上地,1.5-3万·14薪,经验不限,本科
JAVA/C/C++/Python/go/web开发工程师 全国岗14薪，全额社保公积金 应届生/考研/考公失败可投,外企德科数字技术有限公司,北京·海淀·上地,1.5-3万·14薪,经验不限,本科
it技术经理,合肥三高信息科技有限公司,合肥·蜀山·南岗,1.5-3万,3-5年,本科
it技术经理,合肥三高信息科技有限公司,合肥·蜀山·南岗,1.5-3万,3-5年,本科
golang,诚迈科技股份有限公司,青岛·崂山·中韩,1.5-2万,3-5年,本科
golang,诚迈科技股份有限公司,青岛·崂山·中韩,1.5-2万,3-5年,本科
Java/C/C++/Python/Go开发工程师,外企德科数字技术有限公司,南京·雨花台·雨花,1.3-2.6万,1-3年,本科
Java/C/C++/Python/Go开发工程师,外企德科数字技术有限公司,南京·雨花台·雨花,1.3-2.6万,1-3年,本科
后端工程师技术合伙人,沈阳锐澜文化传媒科技有限公司,沈阳·和平·南湖,8000-10000元,经验不限,本科
后端工程师技术合伙人,沈阳锐澜文化传媒科技有限公司,沈阳·和平·南湖,8000-10000元,经验不限,本科
高级平台开发工程师,山东通圆共和生物科技有限公司,烟台·福山·臧家庄,5000-7000元,3-5年,本科
高级平台开发工程师,山东通圆共和生物科技有限公司,烟台·福山·臧家庄,5000-7000元,3-5年,本科
Java/C++/C/Python/GO/JS,外企德科数字技术有限公司,上海·浦东·金桥,1.2-2.4万·15薪,经验不限,本科
Java/C++/C/Python/GO/JS,外企德科数字技术有限公司,上海·浦东·金桥,1.2-2.4万·15薪,经验不限,本科
UI交互工程师,湖南乐孚信息技术有限公司,长沙·岳麓·银盆岭,1.5-2.5万,5-10年,本科
UI交互工程师,湖南乐孚信息技术有限公司,长沙·岳麓·银盆岭,1.5-2.5万,5-10年,本科
golang开发助理工程师(RD45),浙江宇视科技有限公司,西安·长安·韦曲,7000-14000元,1年以下,本科
golang开发助理工程师(RD45),浙江宇视科技有限公司,西安·长安·韦曲,7000-14000元,1年以下,本科
前端/Java/Python/C/C++/go开发工程师,外企德科数字技术有限公司,合肥·蜀山·笔架山,2-4万·14薪,经验不限,本科
前端/Java/Python/C/C++/go开发工程师,外企德科数字技术有限公司,合肥·蜀山·笔架山,2-4万·14薪,经验不限,本科
Golang 开发,诚迈科技股份有限公司,西安·雁塔·漳浒寨,1-1.5万,3-5年,大专
Golang 开发,诚迈科技股份有限公司,西安·雁塔·漳浒寨,1-1.5万,3-5年,大专
golang开发工程师(RD43),浙江宇视科技有限公司,济南·历城·港沟,1-1.5万,1-3年,本科
golang开发工程师(RD43),浙江宇视科技有限公司,济南·历城·港沟,1-1.5万,1-3年,本科
Java/C++/C/Python/GO/JS,外企德科数字技术有限公司,成都·郫都·合作街道,1.2-2.4万·15薪,经验不限,本科
Java/C++/C/Python/GO/JS,外企德科数字技术有限公司,成都·郫都·合作街道,1.2-2.4万·15薪,经验不限,本科
后端开发工程师,量极智控(洛阳)信息技术有限公司,洛阳·洛龙,1-2万,3-5年,本科
后端开发工程师,量极智控(洛阳)信息技术有限公司,洛阳·洛龙,1-2万,3-5年,本科
算法工程师,北京互联新世纪科技有限公司,北京·朝阳,1.5-3万·14薪,经验不限,硕士
算法工程师,北京互联新世纪科技有限公司,北京·朝阳,1.5-3万·14薪,经验不限,硕士
Java/C/C++/python/GO/web/测试,外企德科数字技术有限公司,东莞·大朗镇,1.2-2.4万,经验不限,本科
Java/C/C++/python/GO/web/测试,外企德科数字技术有限公司,东莞·大朗镇,1.2-2.4万,经验不限,本科
Golang 开发,诚迈科技股份有限公司,南京·建邺·沙洲,1-1.5万,3-5年,大专
Golang 开发,诚迈科技股份有限公司,南京·建邺·沙洲,1-1.5万,3-5年,大专
Golang 开发,诚迈科技股份有限公司,南京·建邺·沙洲,1-1.5万,3-5年,大专
Golang 开发,诚迈科技股份有限公司,南京·建邺·沙洲,1-1.5万,3-5年,大专
后端开发,博彦科技承德有限公司,武汉·洪山·关山,1.2-1.7万,3-5年,本科
后端开发,博彦科技承德有限公司,武汉·洪山·关山,1.2-1.7万,3-5年,本科
软件通用岗位/接受应届考研考公失败 java/python/C++/测试/C/GO/大数据开发,外企德科数字技术有限公司,深圳·龙岗·坂田,1.5-3万·14薪,经验不限,本科
软件通用岗位/接受应届考研考公失败 java/python/C++/测试/C/GO/大数据开发,外企德科数字技术有限公司,深圳·龙岗·坂田,1.5-3万·14薪,经验不限,本科
研发经理,北京瑞纳慧信息技术有限公司,北京·通州·台湖,2-3万·13薪,3-5年,大专
研发经理,北京瑞纳慧信息技术有限公司,北京·通州·台湖,2-3万·13薪,3-5年,大专
智能体应用开发工程师,西安大江腾龙软件技术服务有限公司,西安·雁塔·电子城,1.2-2万,5-10年,本科
智能体应用开发工程师,西安大江腾龙软件技术服务有限公司,西安·雁塔·电子城,1.2-2万,5-10年,本科
C/C++/Java/JS/Python/Go软件开发【全国有岗位 可接受应届】,外企德科数字技术有限公司,南京·雨花台·雨花,1.5-3万·14薪,经验不限,本科
C/C++/Java/JS/Python/Go软件开发【全国有岗位 可接受应届】,外企德科数字技术有限公司,南京·雨花台·雨花,1.5-3万·14薪,经验不限,本科
python开发(会算法),深圳市紫川软件有限公司,成都·锦江·柳江,1.5-2.5万,5-10年,本科
python开发(会算法),深圳市紫川软件有限公司,成都·锦江·柳江,1.5-2.5万,5-10年,本科
UI交互工程师,湖南乐孚信息技术有限公司,济南·槐荫·美里湖,1.5-2.5万,5-10年,本科
UI交互工程师,湖南乐孚信息技术有限公司,济南·槐荫·美里湖,1.5-2.5万,5-10年,本科
JAVA/C/C++/Python/go/web开发工程师 全国岗14薪，全额社保公积金 应届生/考研/考公失败可投,外企德科数字技术有限公司,成都·郫都·合作街道,1.5-3万·14薪,经验不限,本科
JAVA/C/C++/Python/go/web开发工程师 全国岗14薪，全额社保公积金 应届生/考研/考公失败可投,外企德科数字技术有限公司,成都·郫都·合作街道,1.5-3万·14薪,经验不限,本科
人工智能架构师,联通(吉林)产业互联网有限公司,长春·朝阳·永昌,2.5-3万,10年以上,本科
人工智能架构师,联通(吉林)产业互联网有限公司,长春·朝阳·永昌,2.5-3万,10年以上,本科
nlp算法工程师,深圳市紫川软件有限公司,成都·锦江·柳江,1.5-3万,5-10年,本科
nlp算法工程师,深圳市紫川软件有限公司,成都·锦江·柳江,1.5-3万,5-10年,本科
C/C++/Java/Python/Go通用软件开发/测试,外企德科数字技术有限公司,深圳·龙岗·坂田,1.5-3万,经验不限,本科
C/C++/Java/Python/Go通用软件开发/测试,外企德科数字技术有限公司,深圳·龙岗·坂田,1.5-3万,经验不限,本科
java开发工程师-甲方正编自研,合肥吾恒信息科技有限公司,上海·浦东·金桥,2-4万,3-5年,硕士
java开发工程师-甲方正编自研,合肥吾恒信息科技有限公司,上海·浦东·金桥,2-4万,3-5年,硕士
服务端开发工程师/后端开发,广州道云信息科技有限公司,广州·越秀·六榕,1.8-2.5万,3-5年,本科
服务端开发工程师/后端开发,广州道云信息科技有限公司,广州·越秀·六榕,1.8-2.5万,3-5年,本科
JAVA/JS/C/C++/Python/go/测试,外企德科数字技术有限公司,杭州·滨江·长河,1.5-3万·14薪,经验不限,本科
JAVA/JS/C/C++/Python/go/测试,外企德科数字技术有限公司,杭州·滨江·长河,1.5-3万·14薪,经验不限,本科
软件开发工程师,深圳市理诚科技有限公司,长沙·雨花·砂子塘,1-1.5万·13薪,3-5年,本科
软件开发工程师,深圳市理诚科技有限公司,长沙·雨花·砂子塘,1-1.5万·13薪,3-5年,本科
高级架构师,软通动力信息技术(集团)股份有限公司,南京·建邺·沙洲,3-4.5万,10年以上,本科
高级架构师,软通动力信息技术(集团)股份有限公司,南京·建邺·沙洲,3-4.5万,10年以上,本科
JAVA/JS/C/C++/Python/go/测试,外企德科数字技术有限公司,武汉·江夏·豹澥,1.5-3万·14薪,经验不限,本科
JAVA/JS/C/C++/Python/go/测试,外企德科数字技术有限公司,武汉·江夏·豹澥,1.5-3万·14薪,经验不限,本科
软件架构师/软件研发主管,瑞合玄武(成都)科技有限公司,成都·龙泉驿·大面,2-4万,5-10年,本科
软件架构师/软件研发主管,瑞合玄武(成都)科技有限公司,成都·龙泉驿·大面,2-4万,5-10年,本科
大连后端开发工程师（Go+Java),亿达信息,大连·沙河口·黑石礁,1-1.2万,5-10年,本科
大连后端开发工程师（Go+Java),亿达信息,大连·沙河口·黑石礁,1-1.2万,5-10年,本科
Java/C++/C/Python/web/Go/测试/安卓,外企德科数字技术有限公司,东莞·大朗镇,1-2万,经验不限,本科
Java/C++/C/Python/web/Go/测试/安卓,外企德科数字技术有限公司,东莞·大朗镇,1-2万,经验不限,本科
Java/C++/C/Python/web/Go/测试/安卓,外企德科数字技术有限公司,东莞·大朗镇,1-2万,经验不限,本科
Java/C++/C/Python/web/Go/测试/安卓,外企德科数字技术有限公司,东莞·大朗镇,1-2万,经验不限,本科
对日AS400构筑,杭州优灿科技有限公司,大连·沙河口·西安路,1.5-3万,5-10年,学历不限
对日AS400构筑,杭州优灿科技有限公司,大连·沙河口·西安路,1.5-3万,5-10年,学历不限
后台开发工程师,某大厂旗下控股子公司,深圳·南山·南山,1.7-2.7万·16薪,1-3年,本科
后台开发工程师,某大厂旗下控股子公司,深圳·南山·南山,1.7-2.7万·16薪,1-3年,本科
java/python/C++/测试/C/GO/大数据开发 软件通用岗位/接受应届考研考公失败,外企德科数字技术有限公司,南京·雨花台·雨花,1.5-3万·14薪,经验不限,本科
java/python/C++/测试/C/GO/大数据开发 软件通用岗位/接受应届考研考公失败,外企德科数字技术有限公司,南京·雨花台·雨花,1.5-3万·14薪,经验不限,本科
服务端开发,悠派才选(上海)人力资源有限公司,北京·朝阳·麦子店,1.8-2.3万,3-5年,本科
服务端开发,悠派才选(上海)人力资源有限公司,北京·朝阳·麦子店,1.8-2.3万,3-5年,本科
项目经理/高级开发工程师（平台研发）,普联软件股份有限公司,济南·历下·舜华路,1.5-2万,3-5年,本科
项目经理/高级开发工程师（平台研发）,普联软件股份有限公司,济南·历下·舜华路,1.5-2万,3-5年,本科
C++/C/Java/python/GO/JS/算法,外企德科数字技术有限公司,杭州·滨江·长河,1.4-2.8万·15薪,经验不限,本科
C++/C/Java/python/GO/JS/算法,外企德科数字技术有限公司,杭州·滨江·长河,1.4-2.8万·15薪,经验不限,本科
java软件开发工程师,北京中软环球信息技术有限公司,北京·海淀·北下关,1.1-1.5万,3-5年,本科
java软件开发工程师,北京中软环球信息技术有限公司,北京·海淀·北下关,1.1-1.5万,3-5年,本科
后端开发工程师（SaaS方向）,杭州培慕科技有限公司,北京·东城·东四,1.5-2万,5-10年,本科
后端开发工程师（SaaS方向）,杭州培慕科技有限公司,北京·东城·东四,1.5-2万,5-10年,本科
软件通用岗位/接受应届考研考公失败 java/python/C++/测试/C/GO/大数据开发,外企德科数字技术有限公司,东莞·大朗镇,1.5-3万·14薪,经验不限,本科
软件通用岗位/接受应届考研考公失败 java/python/C++/测试/C/GO/大数据开发,外企德科数字技术有限公司,东莞·大朗镇,1.5-3万·14薪,经验不限,本科
java软件开发工程师,北京中软环球信息技术有限公司,北京·丰台·看丹,1.1-1.5万,3-5年,本科
java软件开发工程师,北京中软环球信息技术有限公司,北京·丰台·看丹,1.1-1.5万,3-5年,本科
后端开发工程师（SaaS方向）,杭州培慕科技有限公司,南京·浦口·泰山,1.5-2万,5-10年,本科
后端开发工程师（SaaS方向）,杭州培慕科技有限公司,南京·浦口·泰山,1.5-2万,5-10年,本科
Java/python/web/c/c++/js/go/测试/安卓,外企德科数字技术有限公司,咸阳·秦都区·钓台街道,1.5-3万·14薪,经验不限,本科
Java/python/web/c/c++/js/go/测试/安卓,外企德科数字技术有限公司,咸阳·秦都区·钓台街道,1.5-3万·14薪,经验不限,本科
服务端开发工程师,青岛职多多企业管理中心(有限合伙),青岛·城阳·流亭,1.1-2万,3-5年,本科
服务端开发工程师,青岛职多多企业管理中心(有限合伙),青岛·城阳·流亭,1.1-2万,3-5年,本科
服务端开发,博彦科技承德有限公司,南京·建邺·沙洲,1.5-3万,5-10年,本科
服务端开发,博彦科技承德有限公司,南京·建邺·沙洲,1.5-3万,5-10年,本科
研发工程师,外企德科数字技术有限公司,西安·雁塔·漳浒寨,1.5-3万·14薪,经验不限,本科
研发工程师,外企德科数字技术有限公司,西安·雁塔·漳浒寨,1.5-3万·14薪,经验不限,本科
后端开发工程师（外包高德）,广东羚鹿云计算有限公司大兴分公司,北京·朝阳·东湖,1.5-1.6万,3-5年,本科
后端开发工程师（外包高德）,广东羚鹿云计算有限公司大兴分公司,北京·朝阳·东湖,1.5-1.6万,3-5年,本科
后端开发（支付、金融、钱包项目）,博彦科技承德有限公司,武汉·洪山·关山,1.7-1.8万,3-5年,大专
后端开发（支付、金融、钱包项目）,博彦科技承德有限公司,武汉·洪山·关山,1.7-1.8万,3-5年,大专
研发工程师,外企德科数字技术有限公司,济南·历下·龙洞,1.3-2.6万·14薪,经验不限,本科
研发工程师,外企德科数字技术有限公司,济南·历下·龙洞,1.3-2.6万·14薪,经验不限,本科
hct超融合,武汉德聚人和信息咨询有限公司,郑州·金水·花园路,1-2万,3-5年,大专
hct超融合,武汉德聚人和信息咨询有限公司,郑州·金水·花园路,1-2万,3-5年,大专
算法工程师,深圳市紫川软件有限公司,成都·锦江·柳江,1.5-2.1万,5-10年,本科
算法工程师,深圳市紫川软件有限公司,成都·锦江·柳江,1.5-2.1万,5-10年,本科
算法工程师,深圳市紫川软件有限公司,成都·锦江·柳江,1.5-2.1万,5-10年,本科
算法工程师,深圳市紫川软件有限公司,成都·锦江·柳江,1.5-2.1万,5-10年,本科
研发工程师,外企德科数字技术有限公司,深圳·龙岗·坂田,1.8-3.5万·14薪,经验不限,本科
研发工程师,外企德科数字技术有限公司,深圳·龙岗·坂田,1.8-3.5万·14薪,经验不限,本科
服务端架构师（外包）,博彦科技承德有限公司,南京·建邺·沙洲,2-3万,5-10年,学历不限
服务端架构师（外包）,博彦科技承德有限公司,南京·建邺·沙洲,2-3万,5-10年,学历不限
node.js全栈工程师,北京众策科技咨询有限公司,上海·浦东·张江,1.5-2.5万,3-5年,本科
node.js全栈工程师,北京众策科技咨询有限公司,上海·浦东·张江,1.5-2.5万,3-5年,本科
研发工程师,外企德科数字技术有限公司,武汉·江夏·豹澥,1.5-3万·14薪,经验不限,本科
研发工程师,外企德科数字技术有限公司,武汉·江夏·豹澥,1.5-3万·14薪,经验不限,本科
Web3后端开发工程师,成都甘苦科技有限公司,成都·武侯·桂溪,2-3.5万,3-5年,本科
Web3后端开发工程师,成都甘苦科技有限公司,成都·武侯·桂溪,2-3.5万,3-5年,本科
Golang高级工程师,深圳市共济科技股份有限公司,深圳·南山·粤海,2-4万,经验不限,本科
Golang高级工程师,深圳市共济科技股份有限公司,深圳·南山·粤海,2-4万,经验不限,本科
研发工程师,外企德科数字技术有限公司,南京·雨花台·雨花,1.7-3万·14薪,经验不限,本科
研发工程师,外企德科数字技术有限公司,南京·雨花台·雨花,1.7-3万·14薪,经验不限,本科
全栈工程师,南方新华,厦门·思明·滨海,5-10万,1-3年,本科
全栈工程师,南方新华,厦门·思明·滨海,5-10万,1-3年,本科
资深Java后端开发工程师,北京市艺值科技有限公司,北京·顺义·北务,1.5-2.5万,5-10年,本科
资深Java后端开发工程师,北京市艺值科技有限公司,北京·顺义·北务,1.5-2.5万,5-10年,本科
研发工程师,外企德科数字技术有限公司,北京·海淀,1.8-3.5万·14薪,经验不限,本科
研发工程师,外企德科数字技术有限公司,北京·海淀,1.8-3.5万·14薪,经验不限,本科
全栈工程师,南方新华,深圳·南山·粤海,5-10万,1-3年,本科
全栈工程师,南方新华,深圳·南山·粤海,5-10万,1-3年,本科
决策控制工程师,徐州徐工重型车辆有限公司,徐州·铜山区·新区街道,1.5-3万·16薪,3-5年,本科
决策控制工程师,徐州徐工重型车辆有限公司,徐州·铜山区·新区街道,1.5-3万·16薪,3-5年,本科
研发工程师,外企德科数字技术有限公司,上海·浦东·金桥,1.8-3.5万·14薪,经验不限,本科
研发工程师,外企德科数字技术有限公司,上海·浦东·金桥,1.8-3.5万·14薪,经验不限,本科
后端开发,博彦科技承德有限公司,武汉·洪山·关山,1.2-1.7万,3-5年,本科
后端开发,博彦科技承德有限公司,武汉·洪山·关山,1.2-1.7万,3-5年,本科
虚拟电厂技术总监,三亚长丰海洋天然气供气有限公司,三亚·海棠区,2.5-3.5万,5-10年,本科
虚拟电厂技术总监,三亚长丰海洋天然气供气有限公司,三亚·海棠区,2.5-3.5万,5-10年,本科
研发工程师,外企德科数字技术有限公司,苏州·虎丘,1.8-3.5万·14薪,经验不限,本科
研发工程师,外企德科数字技术有限公司,苏州·虎丘,1.8-3.5万·14薪,经验不限,本科
智慧社区管理平台架构师,睿云联(厦门)网络通讯技术有限公司,厦门·思明·莲前,2-3万·13薪,5-10年,本科
智慧社区管理平台架构师,睿云联(厦门)网络通讯技术有限公司,厦门·思明·莲前,2-3万·13薪,5-10年,本科
后端开发实习生,北京腾达泰源科技有限公司,北京·海淀·上地,150-200元/天,无经验,本科
后端开发实习生,北京腾达泰源科技有限公司,北京·海淀·上地,150-200元/天,无经验,本科
研发工程师,外企德科数字技术有限公司,杭州·滨江·长河,1.8-3.5万·14薪,经验不限,本科
研发工程师,外企德科数字技术有限公司,杭州·滨江·长河,1.8-3.5万·14薪,经验不限,本科
后端开发工程师,南昌中展数智科技有限公司,南京·雨花台·雨花,8000-16000元,1-3年,本科
后端开发工程师,南昌中展数智科技有限公司,南京·雨花台·雨花,8000-16000元,1-3年,本科
后端开发工程师,南昌中展数智科技有限公司,南京·雨花台·雨花,8000-16000元,1-3年,本科
后端开发工程师,南昌中展数智科技有限公司,南京·雨花台·雨花,8000-16000元,1-3年,本科
Golang,深圳市极限网络科技有限公司,深圳·桂园,8000-16000元,1-3年,本科
Golang,深圳市极限网络科技有限公司,深圳·桂园,8000-16000元,1-3年,本科
研发工程师,外企德科数字技术有限公司,广州·天河·冼村,1.8-3.5万·14薪,经验不限,本科
研发工程师,外企德科数字技术有限公司,广州·天河·冼村,1.8-3.5万·14薪,经验不限,本科
后端开发工程师,软通动力信息技术(集团)股份有限公司,广州·番禺·化龙,1.1-1.8万,3-5年,本科
后端开发工程师,软通动力信息技术(集团)股份有限公司,广州·番禺·化龙,1.1-1.8万,3-5年,本科
AI分布式计算工程师,成都西南信息控制研究院有限公司,成都·郫都·郫筒,1.3-2.6万,经验不限,硕士
AI分布式计算工程师,成都西南信息控制研究院有限公司,成都·郫都·郫筒,1.3-2.6万,经验不限,硕士
node.js全栈工程师（学信统本+远程面试）,外企德科数字技术有限公司,北京·朝阳,1.5-3万·15薪,经验不限,本科
node.js全栈工程师（学信统本+远程面试）,外企德科数字技术有限公司,北京·朝阳,1.5-3万·15薪,经验不限,本科
Golang,博彦科技承德有限公司,杭州·余杭·仓前,1.5-2万,3-5年,本科
Golang,博彦科技承德有限公司,杭州·余杭·仓前,1.5-2万,3-5年,本科
JAVA开发工程师,盘锦辽河数码科技发展有限公司,天津·东丽·华明,9000-11000元,3-5年,本科
JAVA开发工程师,盘锦辽河数码科技发展有限公司,天津·东丽·华明,9000-11000元,3-5年,本科
爬虫工程师,扬州唐梦网络科技合伙企业(有限合伙),扬州·邗江区·汊河街道,1-1.3万,经验不限,学历不限
爬虫工程师,扬州唐梦网络科技合伙企业(有限合伙),扬州·邗江区·汊河街道,1-1.3万,经验不限,学历不限
AI技术架构负责人（AI教育平台方向）,森纵艾数(北京)科技有限公司,北京·朝阳·朝外,2-3万,5-10年,本科
AI技术架构负责人（AI教育平台方向）,森纵艾数(北京)科技有限公司,北京·朝阳·朝外,2-3万,5-10年,本科
软件研发工程师,明阳产业技术研究院(沈阳)有限公司,沈阳·大东·万泉,1.2-1.5万,经验不限,硕士
软件研发工程师,明阳产业技术研究院(沈阳)有限公司,沈阳·大东·万泉,1.2-1.5万,经验不限,硕士
sre架构师-科大正编14薪,成都优航凡人力资源管理有限公司,杭州·萧山·宁围,2-3.5万·14薪,3-5年,本科
sre架构师-科大正编14薪,成都优航凡人力资源管理有限公司,杭州·萧山·宁围,2-3.5万·14薪,3-5年,本科
物联网JAVA后端开发,湖北金弗技术有限公司,武汉·江夏,9000-12000元,3-5年,本科
物联网JAVA后端开发,湖北金弗技术有限公司,武汉·江夏,9000-12000元,3-5年,本科
golang开发-加班费,软通动力信息技术(集团)股份有限公司,佛山·顺德·北滘,1.3-1.5万,5-10年,大专
golang开发-加班费,软通动力信息技术(集团)股份有限公司,佛山·顺德·北滘,1.3-1.5万,5-10年,大专
运维工程师,爱多邦(北京)信息技术服务有限公司,北京·西城·德胜,1.3-1.5万,3-5年,本科
运维工程师,爱多邦(北京)信息技术服务有限公司,北京·西城·德胜,1.3-1.5万,3-5年,本科
golang开发工程师,中电金信软件有限公司,北京·昌平·北七家,1-1.3万,1-3年,本科
golang开发工程师,中电金信软件有限公司,北京·昌平·北七家,1-1.3万,1-3年,本科
java软件工程师,武汉友途科技有限公司,武汉·江夏·豹澥,1.2-1.4万,5-10年,大专
java软件工程师,武汉友途科技有限公司,武汉·江夏·豹澥,1.2-1.4万,5-10年,大专
初级java工程师助理,沈阳万兴红展商贸有限公司,沈阳·沈北·正良,1.1-1.2万,1-3年,本科
初级java工程师助理,沈阳万兴红展商贸有限公司,沈阳·沈北·正良,1.1-1.2万,1-3年,本科
php客户端开发 -外派上海B站,软通动力信息技术(集团)股份有限公司,上海·杨浦·长海路,1.2-1.4万,3-5年,本科
php客户端开发 -外派上海B站,软通动力信息技术(集团)股份有限公司,上海·杨浦·长海路,1.2-1.4万,3-5年,本科
全栈工程师,热数锦程(北京)科技有限公司,北京·朝阳·酒仙桥,2-3.5万,5-10年,本科
全栈工程师,热数锦程(北京)科技有限公司,北京·朝阳·酒仙桥,2-3.5万,5-10年,本科
初级java工程师助理,沈阳万兴红展商贸有限公司,天津·东丽·张贵庄,1.1-1.2万,1-3年,本科
初级java工程师助理,沈阳万兴红展商贸有限公司,天津·东丽·张贵庄,1.1-1.2万,1-3年,本科
初级java工程师助理,沈阳万兴红展商贸有限公司,天津·东丽·张贵庄,1.1-1.2万,1-3年,本科
初级java工程师助理,沈阳万兴红展商贸有限公司,天津·东丽·张贵庄,1.1-1.2万,1-3年,本科
K8S架构师,天翼数字生活科技有限公司,广州·天河·石牌,1.5-3万,3-5年,本科
K8S架构师,天翼数字生活科技有限公司,广州·天河·石牌,1.5-3万,3-5年,本科
产品研发部总监,河南友达软件科技有限公司,郑州·金水·丰产路,1.2-1.8万,10年以上,本科
产品研发部总监,河南友达软件科技有限公司,郑州·金水·丰产路,1.2-1.8万,10年以上,本科
后端开发,博彦科技承德有限公司,武汉·洪山·关山,1.3-1.8万,3-5年,大专
后端开发,博彦科技承德有限公司,武汉·洪山·关山,1.3-1.8万,3-5年,大专
硬件测试实习生,经纬恒润,天津·西青·张家窝,130-250元/天,无经验,本科
硬件测试实习生,经纬恒润,天津·西青·张家窝,130-250元/天,无经验,本科
智能健身房解决方案架构师/集成项目经理,江苏康力源体育科技股份有限公司,徐州·邳州市·炮车街道,1.5-3万·13薪,5-10年,本科
智能健身房解决方案架构师/集成项目经理,江苏康力源体育科技股份有限公司,徐州·邳州市·炮车街道,1.5-3万·13薪,5-10年,本科
golang开发工程师,中软国际,北京·海淀·马连洼,面议,1-3年,本科
golang开发工程师,中软国际,北京·海淀·马连洼,面议,1-3年,本科
golang,上海然辰网络科技有限公司,上海·杨浦·新江湾城,1.4-1.6万,1-3年,本科
golang,上海然辰网络科技有限公司,上海·杨浦·新江湾城,1.4-1.6万,1-3年,本科
软件研发技术副总监,山东贝宁电子科技开发有限公司,日照·东港区·北京路街道,6000-12000元,5-10年,本科
软件研发技术副总监,山东贝宁电子科技开发有限公司,日照·东港区·北京路街道,6000-12000元,5-10年,本科
智能无人系统软件架构师,中洲建信(集团)有限公司,青岛·黄岛·隐珠,1.5-2.5万,5-10年,本科
智能无人系统软件架构师,中洲建信(集团)有限公司,青岛·黄岛·隐珠,1.5-2.5万,5-10年,本科
软件开发工程师,湖南云中漫步信息技术有限公司,长沙·雨花·高桥,1.8-2万,10年以上,硕士
软件开发工程师,湖南云中漫步信息技术有限公司,长沙·雨花·高桥,1.8-2万,10年以上,硕士
软件架构师,中广核智能科技(深圳)有限责任公司,深圳·龙岗·龙城,6-9万,10年以上,本科
软件架构师,中广核智能科技(深圳)有限责任公司,深圳·龙岗·龙城,6-9万,10年以上,本科
Python开发,博彦科技承德有限公司,西安·雁塔·漳浒寨,1.5-1.6万,3-5年,本科
Python开发,博彦科技承德有限公司,西安·雁塔·漳浒寨,1.5-1.6万,3-5年,本科
[AI公司]后端技术员,中硅星云科技(广州)有限公司,广州·白云·鹤龙,6000-10000元·13薪,1-3年,本科
[AI公司]后端技术员,中硅星云科技(广州)有限公司,广州·白云·鹤龙,6000-10000元·13薪,1-3年,本科
设计工程师-信息数字化,天浩工程技术服务(天津)有限公司,天津·滨海新区·新河,1.5-2.2万,5-10年,本科
设计工程师-信息数字化,天浩工程技术服务(天津)有限公司,天津·滨海新区·新河,1.5-2.2万,5-10年,本科
后端开发工程师,博彦科技承德有限公司,西安·雁塔·漳浒寨,1.3-1.6万,3-5年,本科
后端开发工程师,博彦科技承德有限公司,西安·雁塔·漳浒寨,1.3-1.6万,3-5年,本科
系统架构师,胜通和科技有限公司广州分公司,北京·海淀·甘家口,4.5-6万,10年以上,本科
系统架构师,胜通和科技有限公司广州分公司,北京·海淀·甘家口,4.5-6万,10年以上,本科
智慧系统架构师（无人值守零售店）,河南云度场景科技有限公司,郑州·中原·中原西路,2-2.5万,5-10年,硕士
智慧系统架构师（无人值守零售店）,河南云度场景科技有限公司,郑州·中原·中原西路,2-2.5万,5-10年,硕士
后端开发工程师,博彦科技承德有限公司,武汉·洪山·关山,1.4-1.5万,3-5年,本科
后端开发工程师,博彦科技承德有限公司,武汉·洪山·关山,1.4-1.5万,3-5年,本科
网络安全研发总监,南京经纬信安科技有限公司,北京·海淀·西三旗,1.8-3.5万,3-5年,本科
网络安全研发总监,南京经纬信安科技有限公司,北京·海淀·西三旗,1.8-3.5万,3-5年,本科
后端架构师,天浩工程技术服务(天津)有限公司,天津·滨海新区·大沽,1.2-2.2万,3-5年,本科
后端架构师,天浩工程技术服务(天津)有限公司,天津·滨海新区·大沽,1.2-2.2万,3-5年,本科
后端架构师,天浩工程技术服务(天津)有限公司,天津·滨海新区·大沽,1.2-2.2万,3-5年,本科
后端架构师,天浩工程技术服务(天津)有限公司,天津·滨海新区·大沽,1.2-2.2万,3-5年,本科
java,博彦科技承德有限公司,武汉·洪山·关山,1.2-1.7万,3-5年,大专
java,博彦科技承德有限公司,武汉·洪山·关山,1.2-1.7万,3-5年,大专
后台开发工程师,南京德睿特来电能源研究院有限公司,南京·雨花台·雨花,8000-16000元·13薪,经验不限,本科
后台开发工程师,南京德睿特来电能源研究院有限公司,南京·雨花台·雨花,8000-16000元·13薪,经验不限,本科
自动驾驶系统测试工程师（广州北京均可）,广东善世企业服务集团有限公司,广州·海珠·官洲,2-2.8万,3-5年,本科
自动驾驶系统测试工程师（广州北京均可）,广东善世企业服务集团有限公司,广州·海珠·官洲,2-2.8万,3-5年,本科
Video Game Developer 视频游戏开发,上海蓝载信息科技有限公司,上海·浦东·曹路,1.2-2万,1-3年,本科
Video Game Developer 视频游戏开发,上海蓝载信息科技有限公司,上海·浦东·曹路,1.2-2万,1-3年,本科
Python 开发工程师（国有控股）,携汇智联技术(北京)有限公司,北京·顺义·空港,1.8-3.5万,5-10年,本科
Python 开发工程师（国有控股）,携汇智联技术(北京)有限公司,北京·顺义·空港,1.8-3.5万,5-10年,本科
高级架构师,杭州培慕科技有限公司,北京·东城·东四,2-4万,5-10年,本科
高级架构师,杭州培慕科技有限公司,北京·东城·东四,2-4万,5-10年,本科
服务器开发工程师,北京美微科技有限公司,北京·石景山·八角,1.5-2万,3-5年,大专
服务器开发工程师,北京美微科技有限公司,北京·石景山·八角,1.5-2万,3-5年,大专
Java后端开发工程师,北京京东远升科技有限公司,北京·通州·台湖,2-4万·14薪,5-10年,本科
Java后端开发工程师,北京京东远升科技有限公司,北京·通州·台湖,2-4万·14薪,5-10年,本科
高级架构师,杭州培慕科技有限公司,南京·浦口·泰山,2-4万,5-10年,本科
高级架构师,杭州培慕科技有限公司,南京·浦口·泰山,2-4万,5-10年,本科
开发工程师-服务端--Golang（高薪/周末双休＋五险一金）18-30K,江苏成功企业管理有限公司苏州分公司,北京·海淀·清华园,1.8-3万,1-3年,本科
开发工程师-服务端--Golang（高薪/周末双休＋五险一金）18-30K,江苏成功企业管理有限公司苏州分公司,北京·海淀·清华园,1.8-3万,1-3年,本科
资深运维技术开发,南京制典网络科技有限公司,北京·东城·东四,1.7-2万,5-10年,本科
资深运维技术开发,南京制典网络科技有限公司,北京·东城·东四,1.7-2万,5-10年,本科
高级架构师,杭州培慕科技有限公司,杭州·滨江·浦沿,2-4万,5-10年,本科
高级架构师,杭州培慕科技有限公司,杭州·滨江·浦沿,2-4万,5-10年,本科
CDN开发人员,爱多邦(北京)信息技术服务有限公司,北京·西城·德胜,1-2万,5-10年,本科
CDN开发人员,爱多邦(北京)信息技术服务有限公司,北京·西城·德胜,1-2万,5-10年,本科
Java开发工程师,拓保软件,深圳·福田·福田街道,1.4-1.7万,5-10年,大专
Java开发工程师,拓保软件,深圳·福田·福田街道,1.4-1.7万,5-10年,大专
华为云架构师,楷码信息,成都·锦江·成龙路,1.8-3万,5-10年,本科
华为云架构师,楷码信息,成都·锦江·成龙路,1.8-3万,5-10年,本科
搜索后台开发工程师（内容解析方向）,软通动力信息技术(集团)股份有限公司,深圳·南山·粤海,1.1-1.3万,1-3年,本科
搜索后台开发工程师（内容解析方向）,软通动力信息技术(集团)股份有限公司,深圳·南山·粤海,1.1-1.3万,1-3年,本科
Java高级软件工程师,龙源(北京)新能源工程技术有限公司,北京·西城·新街口,1.5-2.5万,1-3年,博士
Java高级软件工程师,龙源(北京)新能源工程技术有限公司,北京·西城·新街口,1.5-2.5万,1-3年,博士
golang后端开发,上海微创软件股份有限公司,北京·海淀·海淀街道,1.8-2.5万,经验不限,本科
golang后端开发,上海微创软件股份有限公司,北京·海淀·海淀街道,1.8-2.5万,经验不限,本科
技术总监,陕西兰台科技有限公司,西安·莲湖·红庙坡,1.5-2.2万,5-10年,本科
技术总监,陕西兰台科技有限公司,西安·莲湖·红庙坡,1.5-2.2万,5-10年,本科
技术经理（智能体应用方向）,浪潮集团,济南·历下·舜华路,1.2-1.8万·14薪,3-5年,硕士
技术经理（智能体应用方向）,浪潮集团,济南·历下·舜华路,1.2-1.8万·14薪,3-5年,硕士
技术经理（智能体应用方向）,浪潮集团,济南·历下·舜华路,1.2-1.8万·14薪,3-5年,硕士
技术经理（智能体应用方向）,浪潮集团,济南·历下·舜华路,1.2-1.8万·14薪,3-5年,硕士
Java/AI大模型应用开发岗,长沙市卓驰电子科技有限公司,长沙·芙蓉·东岸,9000-14000元,5-10年,本科
Java/AI大模型应用开发岗,长沙市卓驰电子科技有限公司,长沙·芙蓉·东岸,9000-14000元,5-10年,本科
高级python后端开发工程师,广州爱之浓丝形象设计有限公司,广州·白云·云城,1-1.5万,1-3年,本科
高级python后端开发工程师,广州爱之浓丝形象设计有限公司,广州·白云·云城,1-1.5万,1-3年,本科
Golang-南山（包三餐）,软通动力信息技术(集团)股份有限公司,深圳·南山·西丽,1.2-1.4万,3-5年,大专
Golang-南山（包三餐）,软通动力信息技术(集团)股份有限公司,深圳·南山·西丽,1.2-1.4万,3-5年,大专
python实习生,广州全芃信息技术有限公司,上海·嘉定·南翔,100-200元/天,无经验,本科
python实习生,广州全芃信息技术有限公司,上海·嘉定·南翔,100-200元/天,无经验,本科
Linux应用开发工程师,湖南麒麟信安科技股份有限公司,长沙·岳麓·麓谷,1.2-1.8万,3-5年,本科
Linux应用开发工程师,湖南麒麟信安科技股份有限公司,长沙·岳麓·麓谷,1.2-1.8万,3-5年,本科
高级ai架构师,凌纪元(深圳)科技有限公司杭州分公司,杭州·滨江·长河,5-10万,5-10年,本科
高级ai架构师,凌纪元(深圳)科技有限公司杭州分公司,杭州·滨江·长河,5-10万,5-10年,本科
AI应用开发工程师,山东舒眠健康科技管理有限公司,济南·历下·舜华路,1.2-1.8万,3-5年,本科
AI应用开发工程师,山东舒眠健康科技管理有限公司,济南·历下·舜华路,1.2-1.8万,3-5年,本科
大模型AI算法工程师,龙软科技,北京·海淀·海淀街道,1.5-3万·13薪,经验不限,本科
大模型AI算法工程师,龙软科技,北京·海淀·海淀街道,1.5-3万·13薪,经验不限,本科
GO+PHP,软通动力信息技术(集团)股份有限公司,北京·海淀·马连洼,1.3-1.5万,3-5年,大专
GO+PHP,软通动力信息技术(集团)股份有限公司,北京·海淀·马连洼,1.3-1.5万,3-5年,大专
架构师,沈阳艾尔时代科技发展有限公司,沈阳·和平·沈水湾,1.2-1.7万,5-10年,大专
架构师,沈阳艾尔时代科技发展有限公司,沈阳·和平·沈水湾,1.2-1.7万,5-10年,大专
视频AI算法工程师,龙软科技,北京·海淀·海淀街道,1.5-3万·13薪,经验不限,本科
视频AI算法工程师,龙软科技,北京·海淀·海淀街道,1.5-3万·13薪,经验不限,本科
地图算法工程师-Y0032I,京东集团,北京·通州·台湖,3-6万·16薪,经验不限,学历不限
地图算法工程师-Y0032I,京东集团,北京·通州·台湖,3-6万·16薪,经验不限,学历不限
开发工程师,深圳市共济科技股份有限公司,深圳·南山·粤海,2-4万,经验不限,本科
开发工程师,深圳市共济科技股份有限公司,深圳·南山·粤海,2-4万,经验不限,本科
智能进入开发-奕派科技,东风汽车,武汉·蔡甸·沌口,1.5-2.5万,3-5年,本科
智能进入开发-奕派科技,东风汽车,武汉·蔡甸·沌口,1.5-2.5万,3-5年,本科
后端开发工程师-P3295Z,京东集团,北京·通州·台湖,2.5-5万·16薪,5-10年,本科
后端开发工程师-P3295Z,京东集团,北京·通州·台湖,2.5-5万·16薪,5-10年,本科
初级开发工程师（可接受应届生）,深圳市共济科技股份有限公司,深圳·南山·粤海,1.5-3万,1-3年,本科
初级开发工程师（可接受应届生）,深圳市共济科技股份有限公司,深圳·南山·粤海,1.5-3万,1-3年,本科
软件平台技术专家,成都鼎桥通信技术有限公司,成都·武侯·桂溪,2.5-3.5万,5-10年,本科
软件平台技术专家,成都鼎桥通信技术有限公司,成都·武侯·桂溪,2.5-3.5万,5-10年,本科
golang开发-深圳,深圳市法本信息技术股份有限公司,深圳·南山·西丽,1.5-2.5万,10年以上,大专
golang开发-深圳,深圳市法本信息技术股份有限公司,深圳·南山·西丽,1.5-2.5万,10年以上,大专
后端开发工程师,博彦科技承德有限公司,北京·海淀·马连洼,1.4-1.5万,3-5年,本科
后端开发工程师,博彦科技承德有限公司,北京·海淀·马连洼,1.4-1.5万,3-5年,本科
后端开发工程师,北京中兴瑞普科技有限公司,北京·海淀·北下关,9000-18000元,3-5年,本科
后端开发工程师,北京中兴瑞普科技有限公司,北京·海淀·北下关,9000-18000元,3-5年,本科
后端开发工程师,北京中兴瑞普科技有限公司,北京·海淀·北下关,9000-18000元,3-5年,本科
后端开发工程师,北京中兴瑞普科技有限公司,北京·海淀·北下关,9000-18000元,3-5年,本科
研发经理,杭州融至兴科技有限公司,杭州·西湖·灵隐,2-3.5万,3-5年,本科
研发经理,杭州融至兴科技有限公司,杭州·西湖·灵隐,2-3.5万,3-5年,本科
后端开发工程师,博彦科技承德有限公司,西安·雁塔·漳浒寨,1.4-1.5万,3-5年,本科
后端开发工程师,博彦科技承德有限公司,西安·雁塔·漳浒寨,1.4-1.5万,3-5年,本科
游戏活动开发工程师（全栈go+vue）,中电金信软件有限公司,深圳·南山·粤海,1.2-1.5万,3-5年,大专
游戏活动开发工程师（全栈go+vue）,中电金信软件有限公司,深圳·南山·粤海,1.2-1.5万,3-5年,大专
软件测试工程师,慧为智能,武汉·江夏·佛祖岭,7000-10000元,1-3年,本科
软件测试工程师,慧为智能,武汉·江夏·佛祖岭,7000-10000元,1-3年,本科
后端开发工程师,博彦科技承德有限公司,西安·雁塔·漳浒寨,1.3-1.5万,3-5年,本科
后端开发工程师,博彦科技承德有限公司,西安·雁塔·漳浒寨,1.3-1.5万,3-5年,本科
后端开发岗位,中电信智能网络科技有限公司,北京·昌平·北七家,1.2-1.8万·16薪,3-5年,本科
后端开发岗位,中电信智能网络科技有限公司,北京·昌平·北七家,1.2-1.8万·16薪,3-5年,本科
golang(驻场国企、现场面试、四街,成都愚创科技有限公司,成都·武侯·桂溪,1-1.5万,3-5年,本科
golang(驻场国企、现场面试、四街,成都愚创科技有限公司,成都·武侯·桂溪,1-1.5万,3-5年,本科
后端开发工程师,博彦科技承德有限公司,北京·海淀·马连洼,1.3-1.5万,3-5年,本科
后端开发工程师,博彦科技承德有限公司,北京·海淀·马连洼,1.3-1.5万,3-5年,本科
高级开发工程师（外包）,北京麒元信息技术有限公司,北京·朝阳·香河园,1.5-2.8万,5-10年,本科
高级开发工程师（外包）,北京麒元信息技术有限公司,北京·朝阳·香河园,1.5-2.8万,5-10年,本科
数字化架构师,中电系统建设工程有限公司,北京·丰台·青塔,2-2.5万,3-5年,本科
数字化架构师,中电系统建设工程有限公司,北京·丰台·青塔,2-2.5万,3-5年,本科
JAVA开发工程师-杭州,新质力(辽宁)大数据科技有限公司,杭州·滨江·西兴,1.5-1.7万,5-10年,大专
JAVA开发工程师-杭州,新质力(辽宁)大数据科技有限公司,杭州·滨江·西兴,1.5-1.7万,5-10年,大专
后端开发工程师（财经AI外呼平台）,博彦科技承德有限公司,北京·海淀·海淀街道,1.6-1.9万,3-5年,本科
后端开发工程师（财经AI外呼平台）,博彦科技承德有限公司,北京·海淀·海淀街道,1.6-1.9万,3-5年,本科
高级后端研发工程师（语音方向）,北京淘友天下技术有限公司,北京·海淀·学院路,2.5-3.5万·15薪,1-3年,本科
高级后端研发工程师（语音方向）,北京淘友天下技术有限公司,北京·海淀·学院路,2.5-3.5万·15薪,1-3年,本科
Rust 编程语言工程师,新恒基集团,北京·朝阳,1.9-2.9万,3-5年,大专
Rust 编程语言工程师,新恒基集团,北京·朝阳,1.9-2.9万,3-5年,大专
Golang后端开发工程师,博彦科技承德有限公司,深圳·南山·粤海,1.6-1.8万,1-3年,本科
Golang后端开发工程师,博彦科技承德有限公司,深圳·南山·粤海,1.6-1.8万,1-3年,本科
golang开发工程师,软通动力信息技术(集团)股份有限公司,深圳·南山·西丽,1.1-1.5万,1-3年,大专
golang开发工程师,软通动力信息技术(集团)股份有限公司,深圳·南山·西丽,1.1-1.5万,1-3年,大专
Golang,上海微创软件股份有限公司,北京·海淀·海淀街道,2.5-3.5万,5-10年,本科
Golang,上海微创软件股份有限公司,北京·海淀·海淀街道,2.5-3.5万,5-10年,本科
AI开发工程师,新华三,杭州·滨江·长河,1.5-3万·14薪,3-5年,本科
AI开发工程师,新华三,杭州·滨江·长河,1.5-3万·14薪,3-5年,本科
后端研发工程师,中城交(上海)科技有限公司,上海·徐汇·龙华,3-4万,3-5年,本科
后端研发工程师,中城交(上海)科技有限公司,上海·徐汇·龙华,3-4万,3-5年,本科
后端开发,博彦科技承德有限公司,北京·海淀·海淀街道,1.5-1.9万,3-5年,本科
后端开发,博彦科技承德有限公司,北京·海淀·海淀街道,1.5-1.9万,3-5年,本科
后端开发,博彦科技承德有限公司,北京·海淀·海淀街道,1.5-1.9万,3-5年,本科
后端开发,博彦科技承德有限公司,北京·海淀·海淀街道,1.5-1.9万,3-5年,本科
Golang开发工程师,山东昂拓信息科技有限公司,济南·历城·港沟,7000-10000元,1-3年,本科
Golang开发工程师,山东昂拓信息科技有限公司,济南·历城·港沟,7000-10000元,1-3年,本科
平台移动端-后端开发经理,广州多米餐饮科技有限公司,广州·海珠·南洲,7000-14000元,5-10年,本科
平台移动端-后端开发经理,广州多米餐饮科技有限公司,广州·海珠·南洲,7000-14000元,5-10年,本科
系统架构师,北京市地铁运营有限公司技术创新研究院分公司,北京·海淀·北太平庄,2.5-3.5万,5-10年,本科
系统架构师,北京市地铁运营有限公司技术创新研究院分公司,北京·海淀·北太平庄,2.5-3.5万,5-10年,本科
高级跨境支付系统开发工程师（后端方向）,戈尔特西斯科技(济南)有限公司,济南·历下·舜华路,1-1.5万,5-10年,本科
高级跨境支付系统开发工程师（后端方向）,戈尔特西斯科技(济南)有限公司,济南·历下·舜华路,1-1.5万,5-10年,本科
嵌入式研发经理,埃德泰克(西安)智能科技有限公司,西安·未央·汉城,2-4万,5-10年,本科
嵌入式研发经理,埃德泰克(西安)智能科技有限公司,西安·未央·汉城,2-4万,5-10年,本科
对日BSE,东软集团,大连·甘井子·凌水,1.3-2万,5-10年,本科
对日BSE,东软集团,大连·甘井子·凌水,1.3-2万,5-10年,本科
区块链开发工程师,戈尔特西斯科技(济南)有限公司,济南·历下·舜华路,1.2-1.8万,3-5年,本科
区块链开发工程师,戈尔特西斯科技(济南)有限公司,济南·历下·舜华路,1.2-1.8万,3-5年,本科
系统架构工程师,江西众加利高科技股份有限公司,上海·青浦·香花桥,2-4万,3-5年,本科
系统架构工程师,江西众加利高科技股份有限公司,上海·青浦·香花桥,2-4万,3-5年,本科
Golang开发工程师,深圳市思源计算机软件股份有限公司,北京·朝阳·望京,3-4万,5-10年,本科
Golang开发工程师,深圳市思源计算机软件股份有限公司,北京·朝阳·望京,3-4万,5-10年,本科
软件评估工程师,重庆鸿捷通信科技发展有限公司,深圳·福田·沙头,6000-8000元,1-3年,大专
软件评估工程师,重庆鸿捷通信科技发展有限公司,深圳·福田·沙头,6000-8000元,1-3年,大专
Python全栈开发工程师,上海复微迅捷数字科技股份有限公司,上海·杨浦·新江湾城,1.2-2.2万,3-5年,本科
Python全栈开发工程师,上海复微迅捷数字科技股份有限公司,上海·杨浦·新江湾城,1.2-2.2万,3-5年,本科
赴日Python，Cobol，C/C++技术经验者募集,株式会社翰海,武汉·洪山·关山,1.3-2.5万,5-10年,大专
赴日Python，Cobol，C/C++技术经验者募集,株式会社翰海,武汉·洪山·关山,1.3-2.5万,5-10年,大专
智慧社区管理平台解决方案架构师,睿云联(厦门)网络通讯技术有限公司,深圳·南山·西丽,2-3万·13薪,5-10年,本科
智慧社区管理平台解决方案架构师,睿云联(厦门)网络通讯技术有限公司,深圳·南山·西丽,2-3万·13薪,5-10年,本科
架构师,辽宁万象联合医疗科技有限公司,沈阳·浑南·白塔,8000-12000元,5-10年,本科
架构师,辽宁万象联合医疗科技有限公司,沈阳·浑南·白塔,8000-12000元,5-10年,本科
架构师,河南省信息化集团有限公司,郑州·金水·祭城路,1-2万,5-10年,本科
架构师,河南省信息化集团有限公司,郑州·金水·祭城路,1-2万,5-10年,本科
游戏陪练,吉林点讯文化传媒有限公司,北京·朝阳·建外,200-400元/天,经验不限,学历不限
游戏陪练,吉林点讯文化传媒有限公司,北京·朝阳·建外,200-400元/天,经验不限,学历不限
后端开发工程师,北亚企安科技(北京)有限公司,北京·海淀·上地,6000-10000元,1年以下,本科
后端开发工程师,北亚企安科技(北京)有限公司,北京·海淀·上地,6000-10000元,1年以下,本科
日语软件开发工程师,株式会社翰海,苏州·虎丘·东渚,1.3-2.5万,1-3年,大专
日语软件开发工程师,株式会社翰海,苏州·虎丘·东渚,1.3-2.5万,1-3年,大专
软件平台架构师,河南校信通教育科技有限公司,郑州·金水·祭城路,2-3万·15薪,5-10年,本科
软件平台架构师,河南校信通教育科技有限公司,郑州·金水·祭城路,2-3万·15薪,5-10年,本科
大模型算法工程师,江苏开拓信息与系统有限公司,无锡·滨湖·雪浪,1.8-2.8万,1-3年,本科
大模型算法工程师,江苏开拓信息与系统有限公司,无锡·滨湖·雪浪,1.8-2.8万,1-3年,本科
大模型算法工程师,江苏开拓信息与系统有限公司,无锡·滨湖·雪浪,1.8-2.8万,1-3年,本科
大模型算法工程师,江苏开拓信息与系统有限公司,无锡·滨湖·雪浪,1.8-2.8万,1-3年,本科
赴日Python，Cobol，C/C++技术经验者募集,株式会社翰海,长沙·岳麓·麓谷,1.3-2.6万,5-10年,大专
赴日Python，Cobol，C/C++技术经验者募集,株式会社翰海,长沙·岳麓·麓谷,1.3-2.6万,5-10年,大专
软件评估,重庆鸿捷通信科技发展有限公司,重庆·渝北·大竹林,4000-8000元,1-3年,大专
软件评估,重庆鸿捷通信科技发展有限公司,重庆·渝北·大竹林,4000-8000元,1-3年,大专
大模型应用开发专家（机器人方向）-H6609F,京东集团,北京·通州·台湖,4-8万·20薪,经验不限,学历不限
大模型应用开发专家（机器人方向）-H6609F,京东集团,北京·通州·台湖,4-8万·20薪,经验不限,学历不限
网络安全网络安全运维/运营,软通动力信息技术(集团)股份有限公司,郑州·金水·博学路,1.2-1.6万,3-5年,本科
网络安全网络安全运维/运营,软通动力信息技术(集团)股份有限公司,郑州·金水·博学路,1.2-1.6万,3-5年,本科
赴日Python，Cobol，C/C++技术经验者募集,株式会社翰海,大连·甘井子·凌水,1.3-2.5万,5-10年,大专
赴日Python，Cobol，C/C++技术经验者募集,株式会社翰海,大连·甘井子·凌水,1.3-2.5万,5-10年,大专
研发经理,江西众加利高科技股份有限公司,上海·青浦·香花桥,2-4万,3-5年,本科
研发经理,江西众加利高科技股份有限公司,上海·青浦·香花桥,2-4万,3-5年,本科
赴日Python，Cobol，C/C++技术经验者募集,株式会社翰海,苏州·虎丘·东渚,1.3-2.5万,5-10年,大专
赴日Python，Cobol，C/C++技术经验者募集,株式会社翰海,苏州·虎丘·东渚,1.3-2.5万,5-10年,大专
年薪40万，软件开发工程师(C++)，2886,西安睿凡绅人力资源管理有限公司,北京·海淀,3-5万,5-10年,本科
年薪40万，软件开发工程师(C++)，2886,西安睿凡绅人力资源管理有限公司,北京·海淀,3-5万,5-10年,本科
年薪40万，软件开发工程师(C++)，2886,西安睿凡绅人力资源管理有限公司,北京·海淀,3-5万,5-10年,本科
年薪40万，软件开发工程师(C++)，2886,西安睿凡绅人力资源管理有限公司,北京·海淀,3-5万,5-10年,本科
c++,软通动力信息技术(集团)股份有限公司,成都·双流·华阳,8000-16000元,1-3年,本科
c++,软通动力信息技术(集团)股份有限公司,成都·双流·华阳,8000-16000元,1-3年,本科
C++系统架构工程师,福建时代星云科技有限公司,福州·马尾·马尾,1.5-2.5万,5-10年,本科
C++系统架构工程师,福建时代星云科技有限公司,福州·马尾·马尾,1.5-2.5万,5-10年,本科
年薪40万，软件开发工程师(C++)，2886,西安睿凡绅人力资源管理有限公司,青岛·即墨·通济,3-3.5万,5-10年,本科
年薪40万，软件开发工程师(C++)，2886,西安睿凡绅人力资源管理有限公司,青岛·即墨·通济,3-3.5万,5-10年,本科
C/C++开发工程师.,东方通信,成都·金牛·茶店子,1-1.5万,3-5年,本科
C/C++开发工程师.,东方通信,成都·金牛·茶店子,1-1.5万,3-5年,本科
C++开发资深工程师,福建时代星云科技有限公司,福州·马尾·马尾,1.5-2.5万,5-10年,本科
C++开发资深工程师,福建时代星云科技有限公司,福州·马尾·马尾,1.5-2.5万,5-10年,本科
年薪40万，软件开发工程师(C++)，2886,西安睿凡绅人力资源管理有限公司,青岛·黄岛·长江路,3-3.5万,5-10年,本科
年薪40万，软件开发工程师(C++)，2886,西安睿凡绅人力资源管理有限公司,青岛·黄岛·长江路,3-3.5万,5-10年,本科
C/C++架构师助理（五险双休不加班）可小白,邯郸市丛台区圣誉文化传媒有限公司,北京·朝阳·建外,1-1.5万·13薪,经验不限,本科
C/C++架构师助理（五险双休不加班）可小白,邯郸市丛台区圣誉文化传媒有限公司,北京·朝阳·建外,1-1.5万·13薪,经验不限,本科
C/C++软件开发工程师,河南锐伴传媒科技有限公司,郑州·金水·丰庆路,6000-9000元·13薪,经验不限,学历不限
C/C++软件开发工程师,河南锐伴传媒科技有限公司,郑州·金水·丰庆路,6000-9000元·13薪,经验不限,学历不限
年薪40万，软件开发工程师(C++)，2886,西安睿凡绅人力资源管理有限公司,北京·海淀,3-3.5万,5-10年,本科
年薪40万，软件开发工程师(C++)，2886,西安睿凡绅人力资源管理有限公司,北京·海淀,3-3.5万,5-10年,本科
C/C++软件工程师(中级工程师),福州一方威视科技有限公司,福州·鼓楼·五凤,8000-12000元,1-3年,本科
C/C++软件工程师(中级工程师),福州一方威视科技有限公司,福州·鼓楼·五凤,8000-12000元,1-3年,本科
c++软件开发工程师,数码大方,天津·滨海新区·杭州道,1.5-2.2万,1-3年,本科
c++软件开发工程师,数码大方,天津·滨海新区·杭州道,1.5-2.2万,1-3年,本科
c++开发工程师,安徽洪鸿光电技术有限公司,合肥·蜀山·南岗,8000-14000元,1-3年,本科
c++开发工程师,安徽洪鸿光电技术有限公司,合肥·蜀山·南岗,8000-14000元,1-3年,本科
c++ 长期外包,北京易才博普奥管理顾问有限公司,武汉·江岸,1.5-2.5万,3-5年,大专
c++ 长期外包,北京易才博普奥管理顾问有限公司,武汉·江岸,1.5-2.5万,3-5年,大专
c++工程师-外派海博思创,新拓尼克科技研发中心 / Syntronic Beijing R&D Center,北京·海淀,1.8-2.5万,5-10年,本科
c++工程师-外派海博思创,新拓尼克科技研发中心 / Syntronic Beijing R&D Center,北京·海淀,1.8-2.5万,5-10年,本科
Linux C++(J10047),卡莱特云科技股份有限公司,深圳·南山·西丽,1.5-3万·15薪,3-5年,硕士
Linux C++(J10047),卡莱特云科技股份有限公司,深圳·南山·西丽,1.5-3万·15薪,3-5年,硕士
c++软件工程师,江苏禹空间科技有限公司,南京·建邺·沙洲,6000-10000元·14薪,1-3年,本科
c++软件工程师,江苏禹空间科技有限公司,南京·建邺·沙洲,6000-10000元·14薪,1-3年,本科
【不用早起的编程老师】 AI C＋＋ 教学导师,编程猫,武汉·洪山·关山,1.2-2万,经验不限,本科
【不用早起的编程老师】 AI C＋＋ 教学导师,编程猫,武汉·洪山·关山,1.2-2万,经验不限,本科
C++开发工程师,北京尊嘉资产管理有限公司,北京·丰台·太平桥,8000-10000元,1年以下,本科
C++开发工程师,北京尊嘉资产管理有限公司,北京·丰台·太平桥,8000-10000元,1年以下,本科
C++软件开发工程师,徐工集团,徐州·贾汪区·大庙街道,1-2万,3-5年,本科
C++软件开发工程师,徐工集团,徐州·贾汪区·大庙街道,1-2万,3-5年,本科
系统开发工程师（c++/plc),河南承方人力资源服务有限公司,徐州·鼓楼区·东环街道,1.5-2万,3-5年,本科
系统开发工程师（c++/plc),河南承方人力资源服务有限公司,徐州·鼓楼区·东环街道,1.5-2万,3-5年,本科
系统开发工程师（c++/plc),河南承方人力资源服务有限公司,徐州·鼓楼区·东环街道,1.5-2万,3-5年,本科
系统开发工程师（c++/plc),河南承方人力资源服务有限公司,徐州·鼓楼区·东环街道,1.5-2万,3-5年,本科
c++高级软件工程师,杭州悠瑶科技有限公司,杭州·萧山·北干,1.8-2.4万·16薪,3-5年,本科
c++高级软件工程师,杭州悠瑶科技有限公司,杭州·萧山·北干,1.8-2.4万·16薪,3-5年,本科
C++软件开发工程师-徐工矿机,徐工集团,徐州·贾汪区·大庙街道,1.2-1.8万,3-5年,本科
C++软件开发工程师-徐工矿机,徐工集团,徐州·贾汪区·大庙街道,1.2-1.8万,3-5年,本科
"C#,c++开发工程师",深圳市易斯曼科技有限公司,东莞·凤岗·凤岗镇,4.5-9万,1-3年,大专
"C#,c++开发工程师",深圳市易斯曼科技有限公司,东莞·凤岗·凤岗镇,4.5-9万,1-3年,大专
【编程猫】AI C＋＋ 教学导师,编程猫,武汉·洪山·关山,1.2-1.5万,经验不限,本科
【编程猫】AI C＋＋ 教学导师,编程猫,武汉·洪山·关山,1.2-1.5万,经验不限,本科
C/C++软件工程师（周口）,阿尔泰科技,周口·川汇区·搬口街道,1.2-1.8万,5-10年,本科
C/C++软件工程师（周口）,阿尔泰科技,周口·川汇区·搬口街道,1.2-1.8万,5-10年,本科
Java/C/C++/Python/Go开发工程师,郑州煦秋信息科技有限公司,洛阳·偃师,6000-9000元·13薪,经验不限,本科
Java/C/C++/Python/Go开发工程师,郑州煦秋信息科技有限公司,洛阳·偃师,6000-9000元·13薪,经验不限,本科
高级C++开发工程师,北京蔚领时代科技有限公司,北京·朝阳·酒仙桥,2.2-4万·14薪,3-5年,本科
高级C++开发工程师,北京蔚领时代科技有限公司,北京·朝阳·酒仙桥,2.2-4万·14薪,3-5年,本科
Creo/UG二次开发工程师（C++）,外企德科,佛山·顺德·北滘,1.5-2.5万·13薪,3-5年,大专
Creo/UG二次开发工程师（C++）,外企德科,佛山·顺德·北滘,1.5-2.5万·13薪,3-5年,大专
c++高级软件工程师,秦皇岛又诚软件有限公司,秦皇岛·海港区·黄河道街道,5000-10000元,3-5年,本科
c++高级软件工程师,秦皇岛又诚软件有限公司,秦皇岛·海港区·黄河道街道,5000-10000元,3-5年,本科
C++软件开发工程师,徐州徐工矿业机械有限公司,徐州·贾汪区·大庙街道,1.2-2.4万,3-5年,本科
C++软件开发工程师,徐州徐工矿业机械有限公司,徐州·贾汪区·大庙街道,1.2-2.4万,3-5年,本科
C++游戏服务器开发,四川星峰景晨科技有限公司,成都·武侯·桂溪,7000-8000元,1年以下,本科
C++游戏服务器开发,四川星峰景晨科技有限公司,成都·武侯·桂溪,7000-8000元,1年以下,本科
高级c++开发工程师/架构师,滨沅国科(秦皇岛)智能科技股份有限公司,秦皇岛·北戴河区·戴河镇,7000-14000元,3-5年,本科
高级c++开发工程师/架构师,滨沅国科(秦皇岛)智能科技股份有限公司,秦皇岛·北戴河区·戴河镇,7000-14000元,3-5年,本科
软件工程师（Java、C++）,河南斯贝克仪表科技有限公司,新乡·红旗区·榆林乡,8000-15000元,3-5年,本科
软件工程师（Java、C++）,河南斯贝克仪表科技有限公司,新乡·红旗区·榆林乡,8000-15000元,3-5年,本科
软件开发/测试/算法 java、c/c++、python、js（可接24/25应届无经验）,华为技术有限公司,东莞·大朗镇,1.5-3万·14薪,经验不限,本科
软件开发/测试/算法 java、c/c++、python、js（可接24/25应届无经验）,华为技术有限公司,东莞·大朗镇,1.5-3万·14薪,经验不限,本科
少儿编程老师（有Java/C/C++基础）,西宁吉姆教育科技有限公司,西宁·城西区·古城台街道,4000-8000元,1-3年,大专
少儿编程老师（有Java/C/C++基础）,西宁吉姆教育科技有限公司,西宁·城西区·古城台街道,4000-8000元,1-3年,大专
c++软件开发工程师,云南远足科技有限公司,昆明·盘龙·龙泉,2-2.5万,3-5年,本科
c++软件开发工程师,云南远足科技有限公司,昆明·盘龙·龙泉,2-2.5万,3-5年,本科
C++开发工程师（AI金融项目组）,知名研究院,深圳·沙头,3-6万,经验不限,硕士
C++开发工程师（AI金融项目组）,知名研究院,深圳·沙头,3-6万,经验不限,硕士
c++软件研发工程师,江苏杰瑞科技集团有限责任公司,连云港·海州区·花果山街道,7000-11000元,经验不限,本科
c++软件研发工程师,江苏杰瑞科技集团有限责任公司,连云港·海州区·花果山街道,7000-11000元,经验不限,本科
C++开发工程师（三维方向）,深圳积木易搭科技技术有限公司武汉分公司,武汉·江夏,1.8-2.4万·13薪,5-10年,本科
C++开发工程师（三维方向）,深圳积木易搭科技技术有限公司武汉分公司,武汉·江夏,1.8-2.4万·13薪,5-10年,本科
Flutter/C++开发工程师,盟讯(广州)电子有限公司,广州·天河·冼村,1.5-2万,3-5年,大专
Flutter/C++开发工程师,盟讯(广州)电子有限公司,广州·天河·冼村,1.5-2万,3-5年,大专
Flutter/C++开发工程师,盟讯(广州)电子有限公司,广州·天河·冼村,1.5-2万,3-5年,大专
Flutter/C++开发工程师,盟讯(广州)电子有限公司,广州·天河·冼村,1.5-2万,3-5年,大专
Java/C/C++/Python/JS 软件开发（多部门推荐）,外企德科数字技术有限公司,武汉·江夏·豹澥,1.5-3万·14薪,经验不限,本科
Java/C/C++/Python/JS 软件开发（多部门推荐）,外企德科数字技术有限公司,武汉·江夏·豹澥,1.5-3万·14薪,经验不限,本科
C++软件工程师,福建国锐中科光电有限公司,福州·闽侯·上街,1.5-2万,3-5年,本科
C++软件工程师,福建国锐中科光电有限公司,福州·闽侯·上街,1.5-2万,3-5年,本科
C++开发工程师（积成电子总部招聘）,福建奥通迈胜电力科技有限公司,福州·鼓楼·华大,1.4-2万·13薪,3-5年,本科
C++开发工程师（积成电子总部招聘）,福建奥通迈胜电力科技有限公司,福州·鼓楼·华大,1.4-2万·13薪,3-5年,本科
软件开发工程师(Java/C/C++/Python/Js),外企德科数字技术有限公司,深圳·龙岗·坂田,1.5-3万,经验不限,本科
软件开发工程师(Java/C/C++/Python/Js),外企德科数字技术有限公司,深圳·龙岗·坂田,1.5-3万,经验不限,本科
C++软件工程师,国仪量子技术(合肥)股份有限公司,合肥·蜀山·高新区,1.2-2万,3-5年,本科
C++软件工程师,国仪量子技术(合肥)股份有限公司,合肥·蜀山·高新区,1.2-2万,3-5年,本科
C++软件工程师,福建国锐中科光电有限公司,福州·闽侯·上街,1.5-2万,1-3年,本科
C++软件工程师,福建国锐中科光电有限公司,福州·闽侯·上街,1.5-2万,1-3年,本科
C++/python/Java/C/C# 五险一金、年终奖,外企德科数字技术有限公司,武汉·江夏·豹澥,1.5-3万·16薪,1-3年,本科
C++/python/Java/C/C# 五险一金、年终奖,外企德科数字技术有限公司,武汉·江夏·豹澥,1.5-3万·16薪,1-3年,本科
c++,中国人民解放军军事科学院战争研究院,北京·海淀,1.5-3万,3-5年,本科
c++,中国人民解放军军事科学院战争研究院,北京·海淀,1.5-3万,3-5年,本科
C++开发工程师（高绩效+五险一金）,合肥辰工科技有限公司,合肥·蜀山·高新区,8000-15000元,3-5年,本科
C++开发工程师（高绩效+五险一金）,合肥辰工科技有限公司,合肥·蜀山·高新区,8000-15000元,3-5年,本科
C++开发工程师,外企德科数字技术有限公司,深圳·南山·粤海,1.5-3万,经验不限,本科
C++开发工程师,外企德科数字技术有限公司,深圳·南山·粤海,1.5-3万,经验不限,本科
C++开发工程师,金航数码科技有限责任公司,北京·朝阳·左家庄,2.5-4万,5-10年,本科
C++开发工程师,金航数码科技有限责任公司,北京·朝阳·左家庄,2.5-4万,5-10年,本科
python/c++少儿编程老师,郑州市中原区比创科技培训有限公司,郑州·金水·文化路,5000-10000元,经验不限,大专
python/c++少儿编程老师,郑州市中原区比创科技培训有限公司,郑州·金水·文化路,5000-10000元,经验不限,大专
软件工程师（Java/python/JS/C++）,外企德科数字技术有限公司,上海·青浦·金泽,1.5-3万·14薪,经验不限,本科
软件工程师（Java/python/JS/C++）,外企德科数字技术有限公司,上海·青浦·金泽,1.5-3万·14薪,经验不限,本科
C/C++开发工程师（实习）,共致开源(北京)信息科技有限公司,北京·海淀·上地,150-280元/天,无经验,本科
C/C++开发工程师（实习）,共致开源(北京)信息科技有限公司,北京·海淀·上地,150-280元/天,无经验,本科
C++ (UI开发),瞬联软件科技(北京)有限公司,上海·徐汇·虹梅路,1.8-2.7万·13薪,5-10年,本科
C++ (UI开发),瞬联软件科技(北京)有限公司,上海·徐汇·虹梅路,1.8-2.7万·13薪,5-10年,本科
C/C++、Java、Scala、Python、go，JS/前端/测试等,外企德科数字技术有限公司,西安·雁塔·漳浒寨,1.2-2万·14薪,经验不限,本科
C/C++、Java、Scala、Python、go，JS/前端/测试等,外企德科数字技术有限公司,西安·雁塔·漳浒寨,1.2-2万·14薪,经验不限,本科
C/C++中级开发工程师,苏州振旺光电有限公司,苏州·虎丘,1.2-2.4万,3-5年,本科
C/C++中级开发工程师,苏州振旺光电有限公司,苏州·虎丘,1.2-2.4万,3-5年,本科
c++软件开发工程师,北京理加联合科技有限公司,北京·海淀·清河,8000-10000元,经验不限,本科
c++软件开发工程师,北京理加联合科技有限公司,北京·海淀·清河,8000-10000元,经验不限,本科
C/C++软件开发工程师（初中高级均有岗位-线上面试）,外企德科数字技术有限公司,杭州·滨江·长河,1.5-3万·14薪,3-5年,本科
C/C++软件开发工程师（初中高级均有岗位-线上面试）,外企德科数字技术有限公司,杭州·滨江·长河,1.5-3万·14薪,3-5年,本科
C++后台开发工程师,江苏瑞奇海力科技有限公司,无锡·新吴·新安,1.2-2万·13薪,1-3年,本科
C++后台开发工程师,江苏瑞奇海力科技有限公司,无锡·新吴·新安,1.2-2万·13薪,1-3年,本科
C++后台开发工程师,江苏瑞奇海力科技有限公司,无锡·新吴·新安,1.2-2万·13薪,1-3年,本科
C++后台开发工程师,江苏瑞奇海力科技有限公司,无锡·新吴·新安,1.2-2万·13薪,1-3年,本科
c++程序员,北京嘉和星华科技有限公司,北京·海淀·清河,1.5-2万,5-10年,本科
c++程序员,北京嘉和星华科技有限公司,北京·海淀·清河,1.5-2万,5-10年,本科
后/前端开发、测试【24/25/无经验也可投】接受java、c＋＋、js不限语言,外企德科数字技术有限公司,杭州·滨江·长河,1.5-3万·14薪,经验不限,本科
后/前端开发、测试【24/25/无经验也可投】接受java、c＋＋、js不限语言,外企德科数字技术有限公司,杭州·滨江·长河,1.5-3万·14薪,经验不限,本科
c++（高薪 大厂）,南京广育鑫澄科技有限公司,上海·浦东·浦兴路,1.5-3万·14薪,3-5年,本科
c++（高薪 大厂）,南京广育鑫澄科技有限公司,上海·浦东·浦兴路,1.5-3万·14薪,3-5年,本科
中级C++开发工程师,河南开祥实业集团股份有限公司,深圳·南山·粤海,1.8-2.5万·13薪,3-5年,本科
中级C++开发工程师,河南开祥实业集团股份有限公司,深圳·南山·粤海,1.8-2.5万·13薪,3-5年,本科
Java/C/C++/Python/前端/测试（接受应届）,外企德科数字技术有限公司,长沙·开福·月湖,1.5-3万·14薪,经验不限,本科
Java/C/C++/Python/前端/测试（接受应届）,外企德科数字技术有限公司,长沙·开福·月湖,1.5-3万·14薪,经验不限,本科
中高级UI开发工程师（C++/QT/QML）,瞬联软件科技(北京)有限公司,上海·徐汇·虹梅路,1.5-2.7万·13薪,5-10年,本科
中高级UI开发工程师（C++/QT/QML）,瞬联软件科技(北京)有限公司,上海·徐汇·虹梅路,1.5-2.7万·13薪,5-10年,本科
C++开发工程师（服务器方向）,河南蓝信科技有限责任公司,郑州·沟赵,1.2-1.8万,5-10年,本科
C++开发工程师（服务器方向）,河南蓝信科技有限责任公司,郑州·沟赵,1.2-1.8万,5-10年,本科
软件岗（Java/Python/C/C++/软测/嵌入式等）,外企德科数字技术有限公司,杭州·滨江·长河,1.3-2.6万·14薪,经验不限,本科
软件岗（Java/Python/C/C++/软测/嵌入式等）,外企德科数字技术有限公司,杭州·滨江·长河,1.3-2.6万·14薪,经验不限,本科
C++开发工程师,中国电子科技集团公司信息科学研究院,北京·石景山·苹果园,1.5-2.5万,1-3年,本科
C++开发工程师,中国电子科技集团公司信息科学研究院,北京·石景山·苹果园,1.5-2.5万,1-3年,本科
C++开发工程师,中国人民解放军军事科学院战争研究院,北京·海淀,1.3-2.6万,1-3年,本科
C++开发工程师,中国人民解放军军事科学院战争研究院,北京·海淀,1.3-2.6万,1-3年,本科
软件岗（Java/Python/C/C++/软测/嵌入式等）,外企德科数字技术有限公司,武汉·江夏·豹澥,1.4-2.8万·14薪,经验不限,本科
软件岗（Java/Python/C/C++/软测/嵌入式等）,外企德科数字技术有限公司,武汉·江夏·豹澥,1.4-2.8万·14薪,经验不限,本科
c++开发工程师,航科院(北京)科技发展有限公司,北京·朝阳·香河园,1.5-2.2万,3-5年,本科
c++开发工程师,航科院(北京)科技发展有限公司,北京·朝阳·香河园,1.5-2.2万,3-5年,本科
UI开发工程师（C++/QT/QML）,瞬联软件科技(北京)有限公司,上海·徐汇·虹梅路,1.5-2.7万·13薪,5-10年,本科
UI开发工程师（C++/QT/QML）,瞬联软件科技(北京)有限公司,上海·徐汇·虹梅路,1.5-2.7万·13薪,5-10年,本科
c++软件研发工程师,外企德科数字技术有限公司,重庆·渝中·两路口,1.4-2.5万,经验不限,本科
c++软件研发工程师,外企德科数字技术有限公司,重庆·渝中·两路口,1.4-2.5万,经验不限,本科
软件工程师（C++）,青岛兴辰智海科技有限公司,青岛·黄岛·隐珠,1-1.8万,经验不限,硕士
软件工程师（C++）,青岛兴辰智海科技有限公司,青岛·黄岛·隐珠,1-1.8万,经验不限,硕士
c++高级软件工程师,深圳市科赛电子有限公司,深圳·光明·公明,2-3万·13薪,3-5年,本科
c++高级软件工程师,深圳市科赛电子有限公司,深圳·光明·公明,2-3万·13薪,3-5年,本科
软件研发工程师（有Java、C、C++、Python、go、JS等）,外企德科数字技术有限公司,武汉·江夏·豹澥,1.2-2.4万·14薪,经验不限,本科
软件研发工程师（有Java、C、C++、Python、go、JS等）,外企德科数字技术有限公司,武汉·江夏·豹澥,1.2-2.4万·14薪,经验不限,本科
C++,外企德科,深圳·龙岗·坂田,1.7-2.6万·14薪,经验不限,本科
C++,外企德科,深圳·龙岗·坂田,1.7-2.6万·14薪,经验不限,本科
图形引擎工程师（C++）,金航数码科技有限责任公司,北京·朝阳·左家庄,2.5-4万,5-10年,本科
图形引擎工程师（C++）,金航数码科技有限责任公司,北京·朝阳·左家庄,2.5-4万,5-10年,本科
后/前端开发、测试【24/25/无经验也可投】接受java、c＋＋、js不限语言,外企德科数字技术有限公司,南京·雨花台·雨花,1.5-3万·14薪,经验不限,本科
后/前端开发、测试【24/25/无经验也可投】接受java、c＋＋、js不限语言,外企德科数字技术有限公司,南京·雨花台·雨花,1.5-3万·14薪,经验不限,本科
后/前端开发、测试【24/25/无经验也可投】接受java、c＋＋、js不限语言,外企德科数字技术有限公司,南京·雨花台·雨花,1.5-3万·14薪,经验不限,本科
后/前端开发、测试【24/25/无经验也可投】接受java、c＋＋、js不限语言,外企德科数字技术有限公司,南京·雨花台·雨花,1.5-3万·14薪,经验不限,本科
Linux C++开发工程师,北京北信源软件股份有限公司,西安·雁塔·丈八沟,5000-8000元,1年以下,本科
Linux C++开发工程师,北京北信源软件股份有限公司,西安·雁塔·丈八沟,5000-8000元,1年以下,本科
C++软件开发工程师（QT）,瞬联软件科技(北京)有限公司,上海·徐汇·虹梅路,2-2.7万,3-5年,本科
C++软件开发工程师（QT）,瞬联软件科技(北京)有限公司,上海·徐汇·虹梅路,2-2.7万,3-5年,本科
后/前端开发、测试【24/25/无经验也可投】接受java、c＋＋、js不限语言,外企德科数字技术有限公司,武汉·江夏·豹澥,1.5-3万·14薪,经验不限,本科
后/前端开发、测试【24/25/无经验也可投】接受java、c＋＋、js不限语言,外企德科数字技术有限公司,武汉·江夏·豹澥,1.5-3万·14薪,经验不限,本科
C++开发工程师,武汉达梦数据库股份有限公司,上海·浦东·张江,1.8-2.5万·14薪,无经验,本科
C++开发工程师,武汉达梦数据库股份有限公司,上海·浦东·张江,1.8-2.5万·14薪,无经验,本科
嵌入式C++,瞬联软件科技(北京)有限公司,北京·海淀,1.8-2.5万,5-10年,本科
嵌入式C++,瞬联软件科技(北京)有限公司,北京·海淀,1.8-2.5万,5-10年,本科
C/C++软件开发工程师（初中高级均有-线上面试）,外企德科数字技术有限公司,北京·海淀,1.5-2.3万·14薪,1-3年,本科
C/C++软件开发工程师（初中高级均有-线上面试）,外企德科数字技术有限公司,北京·海淀,1.5-2.3万·14薪,1-3年,本科
C++开发工程师,成都航维智芯科技有限公司,成都·武侯·桂溪,8000-13000元,1-3年,本科
C++开发工程师,成都航维智芯科技有限公司,成都·武侯·桂溪,8000-13000元,1-3年,本科
UI开发工程师（C++或java,瞬联软件科技(北京)有限公司,上海·徐汇·虹梅路,2.5-2.7万·13薪,5-10年,本科
UI开发工程师（C++或java,瞬联软件科技(北京)有限公司,上海·徐汇·虹梅路,2.5-2.7万·13薪,5-10年,本科
软件研发工程师（有Java、C、C++、Python、go、JS等）,外企德科数字技术有限公司,南京·雨花台·雨花,1.2-2.4万·14薪,经验不限,本科
软件研发工程师（有Java、C、C++、Python、go、JS等）,外企德科数字技术有限公司,南京·雨花台·雨花,1.2-2.4万·14薪,经验不限,本科
C/C++软件工程师,江苏瑞奇海力科技有限公司,无锡·新吴·新安,1.2-1.8万,1-3年,本科
C/C++软件工程师,江苏瑞奇海力科技有限公司,无锡·新吴·新安,1.2-1.8万,1-3年,本科
C++软件工程师,瞬联软件科技(北京)有限公司,上海·浦东·张江,1.9-3万·13薪,3-5年,本科
C++软件工程师,瞬联软件科技(北京)有限公司,上海·浦东·张江,1.9-3万·13薪,3-5年,本科
Java/JS/Python/算法/C/C++工程师,外企德科数字技术有限公司,东莞·大朗镇,1.2-2.4万·14薪,经验不限,本科
Java/JS/Python/算法/C/C++工程师,外企德科数字技术有限公司,东莞·大朗镇,1.2-2.4万·14薪,经验不限,本科
嵌入式c++应用软件工程师,郑州畅想高科股份有限公司,郑州·中原·沟赵,9000-15000元,3-5年,本科
嵌入式c++应用软件工程师,郑州畅想高科股份有限公司,郑州·中原·沟赵,9000-15000元,3-5年,本科
C++开发工程师,中国科学院空间应用工程与技术中心,北京·海淀,1.2-2.4万,1-3年,本科
C++开发工程师,中国科学院空间应用工程与技术中心,北京·海淀,1.2-2.4万,1-3年,本科
Java/C/C++/Python/软测前端,外企德科数字技术有限公司,武汉·江夏·豹澥,1.5-3万·14薪,经验不限,本科
Java/C/C++/Python/软测前端,外企德科数字技术有限公司,武汉·江夏·豹澥,1.5-3万·14薪,经验不限,本科
【大连】c++开发工程师,南京仁谷防务科技有限公司,大连·中山·桃源,1.1-2.2万·13薪,3-5年,本科
【大连】c++开发工程师,南京仁谷防务科技有限公司,大连·中山·桃源,1.1-2.2万·13薪,3-5年,本科
C++软件工程师助理,上海查湃智能科技有限公司,上海·奉贤·海湾,6000-8000元,经验不限,本科
C++软件工程师助理,上海查湃智能科技有限公司,上海·奉贤·海湾,6000-8000元,经验不限,本科
软件研发工程师（有Java、C、C++、Python、go、JS等）,外企德科数字技术有限公司,东莞·大朗镇,1.2-2.4万·14薪,经验不限,本科
软件研发工程师（有Java、C、C++、Python、go、JS等）,外企德科数字技术有限公司,东莞·大朗镇,1.2-2.4万·14薪,经验不限,本科
C++后端架构师/专家,锐仕方达人才科技集团有限公司,深圳·南山·南山,5-6万,5-10年,本科
C++后端架构师/专家,锐仕方达人才科技集团有限公司,深圳·南山·南山,5-6万,5-10年,本科
C/C++,深圳经纬纵横教育咨询有限公司,深圳·粤海,5-5.5万·13薪,5-10年,本科
C/C++,深圳经纬纵横教育咨询有限公司,深圳·粤海,5-5.5万·13薪,5-10年,本科
C/C++,深圳经纬纵横教育咨询有限公司,深圳·粤海,5-5.5万·13薪,5-10年,本科
C/C++,深圳经纬纵横教育咨询有限公司,深圳·粤海,5-5.5万·13薪,5-10年,本科
JAVA/ Python/C/C++/GO/数据开发/测试,外企德科数字技术有限公司,成都·郫都·合作街道,1.5-3万·14薪,无经验,本科
JAVA/ Python/C/C++/GO/数据开发/测试,外企德科数字技术有限公司,成都·郫都·合作街道,1.5-3万·14薪,无经验,本科
c++工程师/项目经理,北京科技大学设计研究院有限公司,邯郸·丛台区·光明桥街道,9000-15000元·13薪,3-5年,硕士
c++工程师/项目经理,北京科技大学设计研究院有限公司,邯郸·丛台区·光明桥街道,9000-15000元·13薪,3-5年,硕士
C++,矿泰智能科技有限公司,邯郸·丛台区·光明桥街道,5000-9000元,1-3年,大专
C++,矿泰智能科技有限公司,邯郸·丛台区·光明桥街道,5000-9000元,1-3年,大专
C/C++开发工程师(可接受无经验，拿到双证同学),外企德科数字技术有限公司,南京·雨花台·雨花,1.2-2.4万·16薪,经验不限,本科
C/C++开发工程师(可接受无经验，拿到双证同学),外企德科数字技术有限公司,南京·雨花台·雨花,1.2-2.4万·16薪,经验不限,本科
C++软件开发工程师 (MJ003887),徐工集团,徐州·贾汪区·大庙街道,1.5-2.5万,3-5年,本科
C++软件开发工程师 (MJ003887),徐工集团,徐州·贾汪区·大庙街道,1.5-2.5万,3-5年,本科
软件设计师（Java/C++/C#）,海华电子企业(中国)有限公司,广州·黄埔·联和,1-2万,3-5年,本科
软件设计师（Java/C++/C#）,海华电子企业(中国)有限公司,广州·黄埔·联和,1-2万,3-5年,本科
JAVA/C/C++/Python/go/web开发工程师 全国岗14薪，全额社保公积金 应届生/考研/考公失败可投,外企德科数字技术有限公司,深圳·龙岗·坂田,1.5-3万·14薪,经验不限,本科
JAVA/C/C++/Python/go/web开发工程师 全国岗14薪，全额社保公积金 应届生/考研/考公失败可投,外企德科数字技术有限公司,深圳·龙岗·坂田,1.5-3万·14薪,经验不限,本科
C++软件开发工程师 (MJ003887),徐工集团,徐州·贾汪区·大庙街道,2.5-5万,3-5年,本科
C++软件开发工程师 (MJ003887),徐工集团,徐州·贾汪区·大庙街道,2.5-5万,3-5年,本科
C++软件开发工程师,北京理加联合科技有限公司,天津·西青·精武镇,8000-10000元,经验不限,本科
C++软件开发工程师,北京理加联合科技有限公司,天津·西青·精武镇,8000-10000元,经验不限,本科
软件通用岗位/接受应届考研考公失败 java/python/C++/测试/C/GO/大数据开发,外企德科数字技术有限公司,上海·浦东·金桥,1.5-3万·14薪,经验不限,本科
软件通用岗位/接受应届考研考公失败 java/python/C++/测试/C/GO/大数据开发,外企德科数字技术有限公司,上海·浦东·金桥,1.5-3万·14薪,经验不限,本科
中高级C++开发工程师,天舟上元,北京·石景山·八角,1.7-2.9万,3-5年,本科
中高级C++开发工程师,天舟上元,北京·石景山·八角,1.7-2.9万,3-5年,本科
c++软件研发工程师,西安迅华信息科技有限公司,西安·雁塔·丈八沟,6000-9000元·13薪,经验不限,大专
c++软件研发工程师,西安迅华信息科技有限公司,西安·雁塔·丈八沟,6000-9000元·13薪,经验不限,大专
c++程序员,外企德科数字技术有限公司,西安·雁塔·漳浒寨,1.5-3万,经验不限,本科
c++程序员,外企德科数字技术有限公司,西安·雁塔·漳浒寨,1.5-3万,经验不限,本科
c++软件工程师,北京国信智科科技有限公司,北京·丰台·六里桥,1.5-2万,经验不限,本科
c++软件工程师,北京国信智科科技有限公司,北京·丰台·六里桥,1.5-2万,经验不限,本科
鸿蒙开发（C++),深圳市法本信息技术股份有限公司,金华·义乌市·北苑街道,1.5-3万,3-5年,大专
鸿蒙开发（C++),深圳市法本信息技术股份有限公司,金华·义乌市·北苑街道,1.5-3万,3-5年,大专
JAVA/C/C++/Python/go/web开发工程师 全国岗14薪，全额社保公积金 应届生/考研/考公失败可投,外企德科数字技术有限公司,武汉·江夏·豹澥,1.5-3万·14薪,经验不限,本科
JAVA/C/C++/Python/go/web开发工程师 全国岗14薪，全额社保公积金 应届生/考研/考公失败可投,外企德科数字技术有限公司,武汉·江夏·豹澥,1.5-3万·14薪,经验不限,本科
年薪40千万，软件开发工程师(C++)，2886，,西安睿凡绅人力资源管理有限公司,青岛·黄岛·长江路,3-3.5万,5-10年,硕士
年薪40千万，软件开发工程师(C++)，2886，,西安睿凡绅人力资源管理有限公司,青岛·黄岛·长江路,3-3.5万,5-10年,硕士
c/c++开发工程师,陕西慧云联达企业管理咨询有限公司,西安·雁塔·漳浒寨,1.5-3万·14薪,经验不限,本科
c/c++开发工程师,陕西慧云联达企业管理咨询有限公司,西安·雁塔·漳浒寨,1.5-3万·14薪,经验不限,本科
软件工程师c/c++/python/java+双休,外企德科数字技术有限公司,武汉·江夏·豹澥,2.2-2.3万·16薪,经验不限,本科
软件工程师c/c++/python/java+双休,外企德科数字技术有限公司,武汉·江夏·豹澥,2.2-2.3万·16薪,经验不限,本科
c++高级软件工程师,深圳经纬纵横教育咨询有限公司,深圳·南山·粤海,1000-1700元/天,5-10年,本科
c++高级软件工程师,深圳经纬纵横教育咨询有限公司,深圳·南山·粤海,1000-1700元/天,5-10年,本科
c++高级软件工程师,深圳经纬纵横教育咨询有限公司,深圳·南山·粤海,1000-1700元/天,5-10年,本科
c++高级软件工程师,深圳经纬纵横教育咨询有限公司,深圳·南山·粤海,1000-1700元/天,5-10年,本科
c++工程师/项目经理,北京科技大学设计研究院有限公司,马鞍山·花山区·解放路街道,8000-15000元·13薪,3-5年,本科
c++工程师/项目经理,北京科技大学设计研究院有限公司,马鞍山·花山区·解放路街道,8000-15000元·13薪,3-5年,本科
JAVA/ Python/C/C++/GO/数据开发,外企德科数字技术有限公司,武汉·江夏·豹澥,1.8-3万,经验不限,本科
JAVA/ Python/C/C++/GO/数据开发,外企德科数字技术有限公司,武汉·江夏·豹澥,1.8-3万,经验不限,本科
C/C++,陕西慧云联达企业管理咨询有限公司,西安·雁塔·漳浒寨,1.5-3万·16薪,经验不限,本科
C/C++,陕西慧云联达企业管理咨询有限公司,西安·雁塔·漳浒寨,1.5-3万·16薪,经验不限,本科
C++工程师,北京科技大学设计研究院有限公司,马鞍山·花山区·解放路街道,8000-15000元·13薪,3-5年,本科
C++工程师,北京科技大学设计研究院有限公司,马鞍山·花山区·解放路街道,8000-15000元·13薪,3-5年,本科
java/Python/C/C++/JS/AI算法/软件测试,外企德科数字技术有限公司,济南·历下·龙洞,2-4万·14薪,经验不限,本科
java/Python/C/C++/JS/AI算法/软件测试,外企德科数字技术有限公司,济南·历下·龙洞,2-4万·14薪,经验不限,本科
C/C++,陕西慧云联达企业管理咨询有限公司,杭州·滨江·长河,1.5-3万·16薪,经验不限,本科
C/C++,陕西慧云联达企业管理咨询有限公司,杭州·滨江·长河,1.5-3万·16薪,经验不限,本科
C++客户端开发工程师,济南大明互娱科技有限公司,济南·历下·泉城路,8000-15000元,3-5年,本科
C++客户端开发工程师,济南大明互娱科技有限公司,济南·历下·泉城路,8000-15000元,3-5年,本科
JAVA/ Python/C/C++/GO/数据开发,外企德科数字技术有限公司,南京·雨花台·雨花,1.7-3万,经验不限,本科
JAVA/ Python/C/C++/GO/数据开发,外企德科数字技术有限公司,南京·雨花台·雨花,1.7-3万,经验不限,本科
c++软件研发工程师,江苏冠超物流科技有限公司合肥分公司,合肥·蜀山·高新区,1-2万,3-5年,本科
c++软件研发工程师,江苏冠超物流科技有限公司合肥分公司,合肥·蜀山·高新区,1-2万,3-5年,本科
C++ QT软件工程师,上海大族富创得科技股份有限公司,嘉兴·平湖市·新埭镇,1.2-2万,3-5年,本科
C++ QT软件工程师,上海大族富创得科技股份有限公司,嘉兴·平湖市·新埭镇,1.2-2万,3-5年,本科
JAVA/C/C++/Python/go/web开发工程师 全国岗14薪，全额社保公积金 应届生/考研/考公失败可投,外企德科数字技术有限公司,苏州·虎丘,1.5-3万·14薪,经验不限,本科
JAVA/C/C++/Python/go/web开发工程师 全国岗14薪，全额社保公积金 应届生/考研/考公失败可投,外企德科数字技术有限公司,苏州·虎丘,1.5-3万·14薪,经验不限,本科
c++/算法工程师,上海芯动源机器人有限公司,常州·武进·南夏墅,1.2-2万,1-3年,本科
c++/算法工程师,上海芯动源机器人有限公司,常州·武进·南夏墅,1.2-2万,1-3年,本科
C/C++ 开发工程师,江苏道众能源科技有限公司,连云港·海州区·新东街道,1-1.5万,3-5年,大专
C/C++ 开发工程师,江苏道众能源科技有限公司,连云港·海州区·新东街道,1-1.5万,3-5年,大专
JAVA/ Python/C/C++/Go/测试-智能汽车解决方案BU,外企德科数字技术有限公司,苏州·工业园区,1.5-3万·14薪,经验不限,本科
JAVA/ Python/C/C++/Go/测试-智能汽车解决方案BU,外企德科数字技术有限公司,苏州·工业园区,1.5-3万·14薪,经验不限,本科
C++开发工程师,常州伊博艾利斯自动化有限公司,常州·武进·湖塘,1.1-1.5万,3-5年,本科
C++开发工程师,常州伊博艾利斯自动化有限公司,常州·武进·湖塘,1.1-1.5万,3-5年,本科
高级 C/C++软件工程师（南阳）,阿尔泰科技,洛阳·涧西·重庆路,1.2-1.8万,5-10年,本科
高级 C/C++软件工程师（南阳）,阿尔泰科技,洛阳·涧西·重庆路,1.2-1.8万,5-10年,本科
Java/C/C++/python/测试工程师，岗位多,外企德科数字技术有限公司,上海·青浦·金泽,1.3-2.6万·14薪,无经验,本科
Java/C/C++/python/测试工程师，岗位多,外企德科数字技术有限公司,上海·青浦·金泽,1.3-2.6万·14薪,无经验,本科
UE4（c++）,同方鼎欣科技股份有限公司,保定·容城·大河,9000-13000元,1-3年,本科
UE4（c++）,同方鼎欣科技股份有限公司,保定·容城·大河,9000-13000元,1-3年,本科
C++/信息学教练,成都市青羊区新易元文化科创培训学校,成都·武侯·石羊,6000-12000元,1-3年,本科
C++/信息学教练,成都市青羊区新易元文化科创培训学校,成都·武侯·石羊,6000-12000元,1-3年,本科
python/java/c/c++/测试/算法,外企德科数字技术有限公司,上海·浦东·金桥,1.5-3万·14薪,经验不限,本科
python/java/c/c++/测试/算法,外企德科数字技术有限公司,上海·浦东·金桥,1.5-3万·14薪,经验不限,本科
python/java/c/c++/测试/算法,外企德科数字技术有限公司,上海·浦东·金桥,1.5-3万·14薪,经验不限,本科
python/java/c/c++/测试/算法,外企德科数字技术有限公司,上海·浦东·金桥,1.5-3万·14薪,经验不限,本科
软件开发工程师(C++),北京信路威科技股份有限公司,南宁·良庆·大沙田,6000-12000元·14薪,经验不限,本科
软件开发工程师(C++),北京信路威科技股份有限公司,南宁·良庆·大沙田,6000-12000元·14薪,经验不限,本科
C++嵌入式后端软件开发,河南省泛物网络科技有限公司,沧州·新华区·小赵庄乡,6000-10000元,1-3年,大专
C++嵌入式后端软件开发,河南省泛物网络科技有限公司,沧州·新华区·小赵庄乡,6000-10000元,1-3年,大专
Java/C/C++/Python/JS 软件开发（多部门推荐）,外企德科数字技术有限公司,苏州·虎丘,1.6-3万·14薪,经验不限,本科
Java/C/C++/Python/JS 软件开发（多部门推荐）,外企德科数字技术有限公司,苏州·虎丘,1.6-3万·14薪,经验不限,本科
C++开发,软通动力信息技术(集团)股份有限公司,南京·江宁·淳化,1-2万,1-3年,本科
C++开发,软通动力信息技术(集团)股份有限公司,南京·江宁·淳化,1-2万,1-3年,本科
【校园招聘】软件开发工程师（C/C++;Java）,山东信通电子股份有限公司,淄博·张店区·四宝山街道,1-2万·13薪,无经验,硕士
【校园招聘】软件开发工程师（C/C++;Java）,山东信通电子股份有限公司,淄博·张店区·四宝山街道,1-2万·13薪,无经验,硕士
C/C#/C++/python/java/,外企德科数字技术有限公司,武汉·江夏·豹澥,1-2万,经验不限,本科
C/C#/C++/python/java/,外企德科数字技术有限公司,武汉·江夏·豹澥,1-2万,经验不限,本科
c++高级软件工程师,大为医疗(江苏)有限公司,徐州·鼓楼区·金山桥街道,2.5-5万·13薪,3-5年,本科
c++高级软件工程师,大为医疗(江苏)有限公司,徐州·鼓楼区·金山桥街道,2.5-5万·13薪,3-5年,本科
医疗器械C++（南京岗位）,普爱医疗,南昌·青山湖·塘山,1.5-3万,5-10年,本科
医疗器械C++（南京岗位）,普爱医疗,南昌·青山湖·塘山,1.5-3万,5-10年,本科
Java/python/C/C++/JS前后端软件开发工程师,外企德科数字技术有限公司,上海·青浦·金泽,1.3-2.6万·14薪,经验不限,本科
Java/python/C/C++/JS前后端软件开发工程师,外企德科数字技术有限公司,上海·青浦·金泽,1.3-2.6万·14薪,经验不限,本科
物联网工程师（C++）,共享装备股份有限公司,银川·金凤区·良田镇,7000-13000元,经验不限,本科
物联网工程师（C++）,共享装备股份有限公司,银川·金凤区·良田镇,7000-13000元,经验不限,本科
C/C++,常州伊博艾利斯自动化有限公司,常州·武进·湖塘,1.1-1.5万,3-5年,本科
C/C++,常州伊博艾利斯自动化有限公司,常州·武进·湖塘,1.1-1.5万,3-5年,本科
java/Python/C/C++/JS/AI算法/软件测试,外企德科数字技术有限公司,长沙·岳麓·麓谷,2-4万,经验不限,本科
java/Python/C/C++/JS/AI算法/软件测试,外企德科数字技术有限公司,长沙·岳麓·麓谷,2-4万,经验不限,本科
赴日C/C++开发工程师,株式会社GSD,日本,1.5-3万,经验不限,本科
赴日C/C++开发工程师,株式会社GSD,日本,1.5-3万,经验不限,本科
C++工程师,新北洋,威海·张村镇,8000-14000元,3-5年,本科
C++工程师,新北洋,威海·张村镇,8000-14000元,3-5年,本科
java/c++/C/Python/前端开发工程师,外企德科数字技术有限公司,武汉·江夏·豹澥,1.5-3万·14薪,经验不限,本科
java/c++/C/Python/前端开发工程师,外企德科数字技术有限公司,武汉·江夏·豹澥,1.5-3万·14薪,经验不限,本科
C/C++开发工程师,贵州江南航天信息网络通信有限公司,贵阳·花溪,7000-9000元,3-5年,本科
C/C++开发工程师,贵州江南航天信息网络通信有限公司,贵阳·花溪,7000-9000元,3-5年,本科
C++开发工程师,上海震垒科技有限公司,上海·浦东·康桥,1.5-2.4万·14薪,1-3年,本科
C++开发工程师,上海震垒科技有限公司,上海·浦东·康桥,1.5-2.4万·14薪,1-3年,本科
Java/C/C++/Python/前端/测试（接受应届）,外企德科数字技术有限公司,南京·雨花台·雨花,1.5-3万·14薪,经验不限,本科
Java/C/C++/Python/前端/测试（接受应届）,外企德科数字技术有限公司,南京·雨花台·雨花,1.5-3万·14薪,经验不限,本科
qt/c++软件开发工程师,普迈德(北京)科技有限公司,北京·昌平,1-1.8万,1-3年,本科
qt/c++软件开发工程师,普迈德(北京)科技有限公司,北京·昌平,1-1.8万,1-3年,本科
c++高级软件工程师,北京谊安医疗系统股份有限公司,北京·丰台·看丹,2.7-4万·13薪,5-10年,本科
c++高级软件工程师,北京谊安医疗系统股份有限公司,北京·丰台·看丹,2.7-4万·13薪,5-10年,本科
c++高级软件工程师,北京谊安医疗系统股份有限公司,北京·丰台·看丹,2.7-4万·13薪,5-10年,本科
c++高级软件工程师,北京谊安医疗系统股份有限公司,北京·丰台·看丹,2.7-4万·13薪,5-10年,本科
C/C++/Java/JS/Python软件开发（全国有岗 接受应届）,外企德科数字技术有限公司,福州·仓山·金山,1.5-3万·14薪,经验不限,本科
C/C++/Java/JS/Python软件开发（全国有岗 接受应届）,外企德科数字技术有限公司,福州·仓山·金山,1.5-3万·14薪,经验不限,本科
高级C++软件开发工程师,奥太电气,济南·高新区·舜华路,1.5-2.8万·14薪,1-3年,本科
高级C++软件开发工程师,奥太电气,济南·高新区·舜华路,1.5-2.8万·14薪,1-3年,本科
c++经理,郑州慧业智能科技有限公司,郑州·中原·西流湖,2-4万,5-10年,本科
c++经理,郑州慧业智能科技有限公司,郑州·中原·西流湖,2-4万,5-10年,本科
C++软件开发工程师（FAE）杭州/宁波,外企德科数字技术有限公司,杭州·滨江·长河,1-1.9万,经验不限,本科
C++软件开发工程师（FAE）杭州/宁波,外企德科数字技术有限公司,杭州·滨江·长河,1-1.9万,经验不限,本科
c++程序员（鸿蒙方向）,中软国际,西安·雁塔·漳浒寨,面议,3-5年,本科
c++程序员（鸿蒙方向）,中软国际,西安·雁塔·漳浒寨,面议,3-5年,本科
Python/C++编程实习老师,丹田集团,珠海·香洲区·狮山街道,3000-4000元,无经验,本科
Python/C++编程实习老师,丹田集团,珠海·香洲区·狮山街道,3000-4000元,无经验,本科
软件岗（Java/Python/C/C++/软测/嵌入式等）,外企德科数字技术有限公司,上海·浦东·金桥,1.4-2.8万·14薪,经验不限,本科
软件岗（Java/Python/C/C++/软测/嵌入式等）,外企德科数字技术有限公司,上海·浦东·金桥,1.4-2.8万·14薪,经验不限,本科
c++高级软件工程师-QT 海博思创,新拓尼克科技研发中心 / Syntronic Beijing R&D Center,北京·海淀,2.4-2.7万,5-10年,本科
c++高级软件工程师-QT 海博思创,新拓尼克科技研发中心 / Syntronic Beijing R&D Center,北京·海淀,2.4-2.7万,5-10年,本科
机器人编程教师（Python、C++）,丹田集团,珠海·香洲区·狮山街道,7000-10000元,1-3年,本科
机器人编程教师（Python、C++）,丹田集团,珠海·香洲区·狮山街道,7000-10000元,1-3年,本科
C/C++语言开发,外企德科数字技术有限公司,苏州·工业园区,1.6-3万·14薪,经验不限,本科
C/C++语言开发,外企德科数字技术有限公司,苏州·工业园区,1.6-3万·14薪,经验不限,本科
c++软件研发工程师,湖南永和阳光生物科技股份有限公司,长沙·浏阳·洞阳,2-4万,5-10年,本科
c++软件研发工程师,湖南永和阳光生物科技股份有限公司,长沙·浏阳·洞阳,2-4万,5-10年,本科
Python/C++编程老师,丹田集团,珠海·香洲区·狮山街道,6000-8000元,1-3年,本科
Python/C++编程老师,丹田集团,珠海·香洲区·狮山街道,6000-8000元,1-3年,本科
(双休+六险一金，14-16薪）Java/Python/C/C++/JS,外企德科数字技术有限公司,上海·青浦·金泽,1.8-3.5万·14薪,经验不限,本科
(双休+六险一金，14-16薪）Java/Python/C/C++/JS,外企德科数字技术有限公司,上海·青浦·金泽,1.8-3.5万·14薪,经验不限,本科
招聘10名少儿C++班主任【教培经验优先 均薪2W+且管饭】,核桃编程,西安·雁塔·丈八沟,1.5-3万,无经验,本科
招聘10名少儿C++班主任【教培经验优先 均薪2W+且管饭】,核桃编程,西安·雁塔·丈八沟,1.5-3万,无经验,本科
C++嵌入式软件高级开发工程师,首聘(北京)科技有限公司,北京·海淀·马连洼,1.8-2万,3-5年,本科
C++嵌入式软件高级开发工程师,首聘(北京)科技有限公司,北京·海淀·马连洼,1.8-2万,3-5年,本科
Java/Python/C/C++/Web/测试工程师,外企德科数字技术有限公司,苏州·工业园区,1.4-2.8万·16薪,经验不限,本科
Java/Python/C/C++/Web/测试工程师,外企德科数字技术有限公司,苏州·工业园区,1.4-2.8万·16薪,经验不限,本科
高级c++跨平台研发工程师,四川中久数创科技有限公司,成都·双流·东升,2.5-3.5万,3-5年,本科
高级c++跨平台研发工程师,四川中久数创科技有限公司,成都·双流·东升,2.5-3.5万,3-5年,本科
C++开发工程师,河南微星讯科技有限公司,郑州·中原·沟赵,6000-10000元,3-5年,本科
C++开发工程师,河南微星讯科技有限公司,郑州·中原·沟赵,6000-10000元,3-5年,本科
C/C++/Java/Python/JS软件开发/算法/数据,外企德科数字技术有限公司,东莞·大朗镇,1.7-3万·15薪,经验不限,本科
C/C++/Java/Python/JS软件开发/算法/数据,外企德科数字技术有限公司,东莞·大朗镇,1.7-3万·15薪,经验不限,本科
C/C++,中软国际,西安·雁塔·漳浒寨,面议,经验不限,本科
C/C++,中软国际,西安·雁塔·漳浒寨,面议,经验不限,本科
C/C++,中软国际,西安·雁塔·漳浒寨,面议,经验不限,本科
C/C++,中软国际,西安·雁塔·漳浒寨,面议,经验不限,本科
C++软件开发工程师,武汉御驾科技有限公司,武汉·蔡甸·沌口,1-1.8万,1-3年,本科
C++软件开发工程师,武汉御驾科技有限公司,武汉·蔡甸·沌口,1-1.8万,1-3年,本科
JAVA/ Python/C/C++/GO/数据开发,外企德科数字技术有限公司,杭州·滨江·长河,1.5-3万,经验不限,本科
JAVA/ Python/C/C++/GO/数据开发,外企德科数字技术有限公司,杭州·滨江·长河,1.5-3万,经验不限,本科
C++工程师(上海)(J10969),善诚科技发展（上海）有限公司,上海·浦东·张江,1-1.5万·14薪,3-5年,本科
C++工程师(上海)(J10969),善诚科技发展（上海）有限公司,上海·浦东·张江,1-1.5万·14薪,3-5年,本科
c++高级软件工程师,深圳市睿服科技有限公司,广州·黄埔·联和,1.3-1.5万,5-10年,本科
c++高级软件工程师,深圳市睿服科技有限公司,广州·黄埔·联和,1.3-1.5万,5-10年,本科
Java/c/c++/python/js软件开发工程师,外企德科数字技术有限公司,深圳·龙岗·坂田,1.4-2.8万·14薪,经验不限,本科
Java/c/c++/python/js软件开发工程师,外企德科数字技术有限公司,深圳·龙岗·坂田,1.4-2.8万·14薪,经验不限,本科
培养生（c/c++）,芯知科技(江苏)有限公司,西安·雁塔·漳浒寨,5000-8000元,1年以下,本科
培养生（c/c++）,芯知科技(江苏)有限公司,西安·雁塔·漳浒寨,5000-8000元,1年以下,本科
C/C++软件研发工程师,北京六捷科技有限公司,成都·武侯·簇桥,1-1.8万·13薪,3-5年,本科
C/C++软件研发工程师,北京六捷科技有限公司,成都·武侯·簇桥,1-1.8万·13薪,3-5年,本科
C/C++开发工程师,外企德科数字技术有限公司,上海·浦东·金桥,1.3-2.6万·14薪,经验不限,本科
C/C++开发工程师,外企德科数字技术有限公司,上海·浦东·金桥,1.3-2.6万·14薪,经验不限,本科
C++工程师,中国电子科技集团公司第十一研究所,北京·朝阳·酒仙桥,1.6-3万,3-5年,硕士
C++工程师,中国电子科技集团公司第十一研究所,北京·朝阳·酒仙桥,1.6-3万,3-5年,硕士
C++软件工程师 (非标自动化）,深圳市日联科技有限公司,深圳·光明·凤凰,1.5-2.5万·13薪,3-5年,本科
C++软件工程师 (非标自动化）,深圳市日联科技有限公司,深圳·光明·凤凰,1.5-2.5万·13薪,3-5年,本科
FAE（C++/算法）,外企德科数字技术有限公司,苏州·虎丘,1.3-1.8万,3-5年,本科
FAE（C++/算法）,外企德科数字技术有限公司,苏州·虎丘,1.3-1.8万,3-5年,本科
嵌入式C/C++软件开发工程师 (MJ000661),中国网安,成都·武侯·肖家河,1.3-2万,3-5年,本科
嵌入式C/C++软件开发工程师 (MJ000661),中国网安,成都·武侯·肖家河,1.3-2万,3-5年,本科
C++工程师,上海信缆智能科技有限公司,无锡·梁溪·黄巷,1.6-2.6万,1-3年,本科
C++工程师,上海信缆智能科技有限公司,无锡·梁溪·黄巷,1.6-2.6万,1-3年,本科
软件开发工程师（Java/C/C++/python),外企德科数字技术有限公司,北京·海淀·上地,1.5-3万·14薪,经验不限,本科
软件开发工程师（Java/C/C++/python),外企德科数字技术有限公司,北京·海淀·上地,1.5-3万·14薪,经验不限,本科
C++开发工程师,华企高科(北京)科技产业发展有限公司,郑州·中原·沟赵,1-1.8万,5-10年,大专
C++开发工程师,华企高科(北京)科技产业发展有限公司,郑州·中原·沟赵,1-1.8万,5-10年,大专
c++高级软件工程师,微见智能封装技术(深圳)有限公司,深圳·龙华·龙华,2-3万,3-5年,本科
c++高级软件工程师,微见智能封装技术(深圳)有限公司,深圳·龙华·龙华,2-3万,3-5年,本科
软件开发工程师(Java/C/C++/Python/Js),外企德科数字技术有限公司,东莞·大朗镇,1.5-3万,经验不限,本科
软件开发工程师(Java/C/C++/Python/Js),外企德科数字技术有限公司,东莞·大朗镇,1.5-3万,经验不限,本科
c/c++开发工程师 周末双休,济南银狐网络科技有限公司,济南·历下·舜华路,8000-12000元,1-3年,本科
c/c++开发工程师 周末双休,济南银狐网络科技有限公司,济南·历下·舜华路,8000-12000元,1-3年,本科
c++软件研发工程师,广州友田纵横管理咨询有限公司,深圳·宝安·航城,2-3.5万,5-10年,本科
c++软件研发工程师,广州友田纵横管理咨询有限公司,深圳·宝安·航城,2-3.5万,5-10年,本科
c++算法工程师,外企德科数字技术有限公司,杭州·滨江·长河,1.5-3万·14薪,1-3年,本科
c++算法工程师,外企德科数字技术有限公司,杭州·滨江·长河,1.5-3万·14薪,1-3年,本科
c++算法工程师,外企德科数字技术有限公司,杭州·滨江·长河,1.5-3万·14薪,1-3年,本科
c++算法工程师,外企德科数字技术有限公司,杭州·滨江·长河,1.5-3万·14薪,1-3年,本科
c++上位机开发工程师,三代光学科技(天津)有限公司,天津·津南·双港,1-2万,1-3年,本科
c++上位机开发工程师,三代光学科技(天津)有限公司,天津·津南·双港,1-2万,1-3年,本科
C++开发工程师,中软国际,西安·雁塔·漳浒寨,面议,经验不限,本科
C++开发工程师,中软国际,西安·雁塔·漳浒寨,面议,经验不限,本科
java/python/c/c++/算法/测试,外企德科数字技术有限公司,南京·雨花台·雨花,1.5-3万·14薪,经验不限,本科
java/python/c/c++/算法/测试,外企德科数字技术有限公司,南京·雨花台·雨花,1.5-3万·14薪,经验不限,本科
【C++开发工程师】双休/五险一金,河南增长力人力资源服务有限公司,郑州·中原·沟赵,7000-11000元,3-5年,本科
【C++开发工程师】双休/五险一金,河南增长力人力资源服务有限公司,郑州·中原·沟赵,7000-11000元,3-5年,本科
C/C++(银行经验，本地不出差）,青岛朗瞳科技有限公司,衡水·桃城区,1-1.3万,3-5年,本科
C/C++(银行经验，本地不出差）,青岛朗瞳科技有限公司,衡水·桃城区,1-1.3万,3-5年,本科
java/python/c/c++/算法/测试,外企德科数字技术有限公司,武汉·江夏·豹澥,1.5-3万·14薪,经验不限,本科
java/python/c/c++/算法/测试,外企德科数字技术有限公司,武汉·江夏·豹澥,1.5-3万·14薪,经验不限,本科
C++开发工程师,上海震垒科技有限公司,上海·浦东·康桥,1.5-2.5万·14薪,经验不限,本科
C++开发工程师,上海震垒科技有限公司,上海·浦东·康桥,1.5-2.5万·14薪,经验不限,本科
"装备开发工程师(C/C++/JAVA ,13薪)",中软国际,西安·长安·韦曲,面议,经验不限,本科
"装备开发工程师(C/C++/JAVA ,13薪)",中软国际,西安·长安·韦曲,面议,经验不限,本科
JAVA/JS/C/C++/Python/go/测试,外企德科数字技术有限公司,苏州·工业园区,1.5-3万·14薪,经验不限,本科
JAVA/JS/C/C++/Python/go/测试,外企德科数字技术有限公司,苏州·工业园区,1.5-3万·14薪,经验不限,本科
c++软件研发工程师,湖南视维光电科技有限公司,长沙·岳麓·观沙岭,1-1.5万,1-3年,本科
c++软件研发工程师,湖南视维光电科技有限公司,长沙·岳麓·观沙岭,1-1.5万,1-3年,本科
中高级c++开发工程师,沈阳东硕信息技术有限公司,上海·宝山·杨行,1-1.8万,3-5年,本科
中高级c++开发工程师,沈阳东硕信息技术有限公司,上海·宝山·杨行,1-1.8万,3-5年,本科
Java/C++/python/c/算法岗位,外企德科数字技术有限公司,广州·白云·松洲,1.5-3万,经验不限,本科
Java/C++/python/c/算法岗位,外企德科数字技术有限公司,广州·白云·松洲,1.5-3万,经验不限,本科
C++开发工程师,成都运达科技股份有限公司,成都·郫都·德源,1.2-1.8万,5-10年,本科
C++开发工程师,成都运达科技股份有限公司,成都·郫都·德源,1.2-1.8万,5-10年,本科
车载与平台端开发工程师（Qt/C++方向）,沈阳东硕信息技术有限公司,上海·宝山·杨行,1.3-2万,3-5年,本科
车载与平台端开发工程师（Qt/C++方向）,沈阳东硕信息技术有限公司,上海·宝山·杨行,1.3-2万,3-5年,本科
c++算法工程师,外企德科数字技术有限公司,上海·浦东·金桥,1.5-3万,1-3年,本科
c++算法工程师,外企德科数字技术有限公司,上海·浦东·金桥,1.5-3万,1-3年,本科
C++开发工程师（3D打印）,苏州天弘激光股份有限公司,西安·阎良·振兴,1.5-3万,5-10年,本科
C++开发工程师（3D打印）,苏州天弘激光股份有限公司,西安·阎良·振兴,1.5-3万,5-10年,本科
工业机械臂软件开发工程师(Qt/C++),湖南比邻星科技有限公司,长沙·岳麓·岳麓街道,1.5-2万,3-5年,硕士
工业机械臂软件开发工程师(Qt/C++),湖南比邻星科技有限公司,长沙·岳麓·岳麓街道,1.5-2万,3-5年,硕士
c++/python/java/c/算法/测试,外企德科数字技术有限公司,北京·海淀,1.5-3万·14薪,经验不限,本科
c++/python/java/c/算法/测试,外企德科数字技术有限公司,北京·海淀,1.5-3万·14薪,经验不限,本科
C++软件工程师,新北洋,威海·环翠区·张村镇,8000-12000元·14薪,3-5年,本科
C++软件工程师,新北洋,威海·环翠区·张村镇,8000-12000元·14薪,3-5年,本科
岗位名称：软件开发工程师（C#/C++）,徐州敏越科技有限公司,徐州·贾汪区·大庙街道,1.2-1.6万,经验不限,本科
岗位名称：软件开发工程师（C#/C++）,徐州敏越科技有限公司,徐州·贾汪区·大庙街道,1.2-1.6万,经验不限,本科
岗位名称：软件开发工程师（C#/C++）,徐州敏越科技有限公司,徐州·贾汪区·大庙街道,1.2-1.6万,经验不限,本科
岗位名称：软件开发工程师（C#/C++）,徐州敏越科技有限公司,徐州·贾汪区·大庙街道,1.2-1.6万,经验不限,本科
初级/中级c++软件开发工程师（可转语言）,外企德科数字技术有限公司,上海·浦东·金桥,1.2-2.4万·14薪,经验不限,本科
初级/中级c++软件开发工程师（可转语言）,外企德科数字技术有限公司,上海·浦东·金桥,1.2-2.4万·14薪,经验不限,本科
C++软件开发工程师,威海新北洋萤启科技有限公司,威海·环翠区·张村镇,8000-13000元·14薪,3-5年,本科
C++软件开发工程师,威海新北洋萤启科技有限公司,威海·环翠区·张村镇,8000-13000元·14薪,3-5年,本科
腾讯游戏客户端开发（UE/C++）,软通动力信息技术(集团)股份有限公司,上海·徐汇·虹梅路,1-1.4万,1-3年,本科
腾讯游戏客户端开发（UE/C++）,软通动力信息技术(集团)股份有限公司,上海·徐汇·虹梅路,1-1.4万,1-3年,本科
Java/Python/C/C++/测试/算法/前端岗,外企德科数字技术有限公司,南京·雨花台·雨花,1.2-2.4万·14薪,经验不限,本科
Java/Python/C/C++/测试/算法/前端岗,外企德科数字技术有限公司,南京·雨花台·雨花,1.2-2.4万·14薪,经验不限,本科
C++开发工程师,中国质量认证中心,南宁·良庆·良庆镇,5000-8000元,经验不限,本科
C++开发工程师,中国质量认证中心,南宁·良庆·良庆镇,5000-8000元,经验不限,本科
数据库内核（C/C++）研发工程师-成都,云和恩墨,成都·武侯·桂溪,2.5-3.5万,3-5年,本科
数据库内核（C/C++）研发工程师-成都,云和恩墨,成都·武侯·桂溪,2.5-3.5万,3-5年,本科
初级/中级c++软件开发工程师（可转语言）,外企德科数字技术有限公司,武汉·江夏·豹澥,1.2-2.4万·14薪,经验不限,本科
初级/中级c++软件开发工程师（可转语言）,外企德科数字技术有限公司,武汉·江夏·豹澥,1.2-2.4万·14薪,经验不限,本科
C++开发工程师,某国企互联网公司,上海·浦东·金桥,1.9-2.5万,3-5年,本科
C++开发工程师,某国企互联网公司,上海·浦东·金桥,1.9-2.5万,3-5年,本科
c++算法编程讲师,重庆赛码教育科技有限公司,重庆·江北·观音桥,1.6-3万,1-3年,本科
c++算法编程讲师,重庆赛码教育科技有限公司,重庆·江北·观音桥,1.6-3万,1-3年,本科
软件岗（Java/Python/C/C++/软测/嵌入式等）,外企德科数字技术有限公司,广州·白云·松洲,1.2-2.4万·14薪,经验不限,本科
软件岗（Java/Python/C/C++/软测/嵌入式等）,外企德科数字技术有限公司,广州·白云·松洲,1.2-2.4万·14薪,经验不限,本科
少儿编程主讲老师（C++方向）,核桃编程,成都·青羊·金沙,1.2-1.6万,经验不限,本科
少儿编程主讲老师（C++方向）,核桃编程,成都·青羊·金沙,1.2-1.6万,经验不限,本科
GO/C/C++工程师（数据采集解析）,上海新炬网络信息技术股份有限公司,广州·天河·石牌,1.5-3万·13薪,1-3年,大专
GO/C/C++工程师（数据采集解析）,上海新炬网络信息技术股份有限公司,广州·天河·石牌,1.5-3万·13薪,1-3年,大专
c++/java 软件研发工程师,外企德科数字技术有限公司,东莞·大朗镇,1.3-2.6万,1-3年,本科
c++/java 软件研发工程师,外企德科数字技术有限公司,东莞·大朗镇,1.3-2.6万,1-3年,本科
音视频开发实习生（C/C++）,睿云联(厦门)网络通讯技术有限公司,厦门·思明·莲前,150-200元/天,无经验,本科
音视频开发实习生（C/C++）,睿云联(厦门)网络通讯技术有限公司,厦门·思明·莲前,150-200元/天,无经验,本科
c++编程老师,核桃编程,西安·雁塔·丈八沟,9000-15000元,经验不限,大专
c++编程老师,核桃编程,西安·雁塔·丈八沟,9000-15000元,经验不限,大专
软件开发工程师（C/C++、 Java、Scala、Python、go，JS/前后端/测试等）,外企德科数字技术有限公司,西安·雁塔·漳浒寨,1.2-2万·14薪,经验不限,本科
软件开发工程师（C/C++、 Java、Scala、Python、go，JS/前后端/测试等）,外企德科数字技术有限公司,西安·雁塔·漳浒寨,1.2-2万·14薪,经验不限,本科
C/C++开发工程师,株式会社GSD,日本,1.5-3万,1-3年,本科
C/C++开发工程师,株式会社GSD,日本,1.5-3万,1-3年,本科
软件设计师（C++）,航天南湖电子信息技术股份有限公司,荆州·沙市区·岑河镇,1.1-2.2万,经验不限,本科
软件设计师（C++）,航天南湖电子信息技术股份有限公司,荆州·沙市区·岑河镇,1.1-2.2万,经验不限,本科
软件岗（Java/Python/C/C++/软测/嵌入式等）,外企德科数字技术有限公司,东莞·大朗镇,1.4-2.8万·14薪,经验不限,本科
软件岗（Java/Python/C/C++/软测/嵌入式等）,外企德科数字技术有限公司,东莞·大朗镇,1.4-2.8万·14薪,经验不限,本科
C++开发工程师（实习）,中国质量认证中心,南宁·良庆·良庆镇,70-90元/天,无经验,本科
C++开发工程师（实习）,中国质量认证中心,南宁·良庆·良庆镇,70-90元/天,无经验,本科
C++开发工程师（实习）,中国质量认证中心,南宁·良庆·良庆镇,70-90元/天,无经验,本科
C++开发工程师（实习）,中国质量认证中心,南宁·良庆·良庆镇,70-90元/天,无经验,本科
C++开发,软通动力信息技术(集团)股份有限公司,上海·青浦·金泽,1-1.4万,1-3年,本科
C++开发,软通动力信息技术(集团)股份有限公司,上海·青浦·金泽,1-1.4万,1-3年,本科
java/c++/python后端开发/软件测试,外企德科数字技术有限公司,成都·郫都·合作街道,1.5-3万·16薪,经验不限,本科
java/c++/python后端开发/软件测试,外企德科数字技术有限公司,成都·郫都·合作街道,1.5-3万·16薪,经验不限,本科
C++软件开发工程师,徐工集团,徐州·贾汪区·大庙街道,1-2万,3-5年,本科
C++软件开发工程师,徐工集团,徐州·贾汪区·大庙街道,1-2万,3-5年,本科
嵌入式软件开发工程师（C++）,北京信路威科技股份有限公司,南宁·西乡塘·心圩,9000-14000元·13薪,5-10年,本科
嵌入式软件开发工程师（C++）,北京信路威科技股份有限公司,南宁·西乡塘·心圩,9000-14000元·13薪,5-10年,本科
Java/c/c++/python/js软件开发工程师,外企德科数字技术有限公司,北京·海淀,1.4-2.8万·14薪,经验不限,本科
Java/c/c++/python/js软件开发工程师,外企德科数字技术有限公司,北京·海淀,1.4-2.8万·14薪,经验不限,本科
c++软件工程师,中科精工,南昌·红谷滩,1.3-2万,1-3年,本科
c++软件工程师,中科精工,南昌·红谷滩,1.3-2万,1-3年,本科
c++算法工程师,北京达美盛软件股份有限公司,青岛·李沧·李村,1.2-2万·13薪,3-5年,硕士
c++算法工程师,北京达美盛软件股份有限公司,青岛·李沧·李村,1.2-2万·13薪,3-5年,硕士
java/c++/python后端开发/软件测试,外企德科数字技术有限公司,北京·朝阳,1.5-3万·16薪,经验不限,本科
java/c++/python后端开发/软件测试,外企德科数字技术有限公司,北京·朝阳,1.5-3万·16薪,经验不限,本科
c/c++开发工程师,上海汉邦京泰数码技术有限公司北京分公司,北京·海淀·花园路,2.5-3万,3-5年,本科
c/c++开发工程师,上海汉邦京泰数码技术有限公司北京分公司,北京·海淀·花园路,2.5-3万,3-5年,本科
C/C++开发工程师,北京天能继保电力科技有限公司保定分公司,哈尔滨·香坊·哈平路,5000-10000元,经验不限,本科
C/C++开发工程师,北京天能继保电力科技有限公司保定分公司,哈尔滨·香坊·哈平路,5000-10000元,经验不限,本科
股票+年终奖Java/C++/C/Python/Web,外企德科数字技术有限公司,上海·青浦·金泽,1.8-3.5万·14薪,经验不限,本科
股票+年终奖Java/C++/C/Python/Web,外企德科数字技术有限公司,上海·青浦·金泽,1.8-3.5万·14薪,经验不限,本科
c/c++软件研发工程师（本社）,大连海天兴业科技有限公司,大连·甘井子·凌水,1.1-2万,经验不限,本科
c/c++软件研发工程师（本社）,大连海天兴业科技有限公司,大连·甘井子·凌水,1.1-2万,经验不限,本科
嵌入式开发工程师（C++/QT方向）,众为(南京)智能装备有限公司,南京·栖霞·仙林,1.3-1.8万,5-10年,本科
嵌入式开发工程师（C++/QT方向）,众为(南京)智能装备有限公司,南京·栖霞·仙林,1.3-1.8万,5-10年,本科
月薪15-35k/java/c++/python后端开发/算法/测试,外企德科数字技术有限公司,深圳·龙岗·坂田,1.5-3万·14薪,经验不限,本科
月薪15-35k/java/c++/python后端开发/算法/测试,外企德科数字技术有限公司,深圳·龙岗·坂田,1.5-3万·14薪,经验不限,本科
Python/C/C++/shell解决方案,万宝盛华企业管理咨询(上海)有限公司大连分公司,深圳·龙岗·坂田,1.2-2.1万,3-5年,本科
Python/C/C++/shell解决方案,万宝盛华企业管理咨询(上海)有限公司大连分公司,深圳·龙岗·坂田,1.2-2.1万,3-5年,本科
c++开发工程师,软通动力信息技术(集团)股份有限公司,东莞·大朗镇,1-1.5万,1-3年,本科
c++开发工程师,软通动力信息技术(集团)股份有限公司,东莞·大朗镇,1-1.5万,1-3年,本科
Java/c/c++/python/js软件开发工程师,外企德科数字技术有限公司,西安·雁塔·漳浒寨,1.4-2.8万·14薪,经验不限,本科
Java/c/c++/python/js软件开发工程师,外企德科数字技术有限公司,西安·雁塔·漳浒寨,1.4-2.8万·14薪,经验不限,本科
Python/C/C++/shell解决方案,万宝盛华企业管理咨询(上海)有限公司大连分公司,西安·雁塔·漳浒寨,1-1.8万,3-5年,本科
Python/C/C++/shell解决方案,万宝盛华企业管理咨询(上海)有限公司大连分公司,西安·雁塔·漳浒寨,1-1.8万,3-5年,本科
c++开发工程师,软通动力信息技术(集团)股份有限公司,广州·天河·冼村,1-1.5万,1-3年,本科
c++开发工程师,软通动力信息技术(集团)股份有限公司,广州·天河·冼村,1-1.5万,1-3年,本科
前/后端开发 Java、C++、python、js,外企德科数字技术有限公司,深圳·龙岗·坂田,1.5-3万·14薪,无经验,本科
前/后端开发 Java、C++、python、js,外企德科数字技术有限公司,深圳·龙岗·坂田,1.5-3万·14薪,无经验,本科
前/后端开发 Java、C++、python、js,外企德科数字技术有限公司,深圳·龙岗·坂田,1.5-3万·14薪,无经验,本科
前/后端开发 Java、C++、python、js,外企德科数字技术有限公司,深圳·龙岗·坂田,1.5-3万·14薪,无经验,本科
c++开发工程师,武汉路和路达智能交通科技有限公司,武汉·江岸,1-2万,5-10年,本科
c++开发工程师,武汉路和路达智能交通科技有限公司,武汉·江岸,1-2万,5-10年,本科
C/C++软件开发工程师,江苏致网科技有限公司,南京·江宁·秣陵,1.5-2万·14薪,1-3年,硕士
C/C++软件开发工程师,江苏致网科技有限公司,南京·江宁·秣陵,1.5-2万·14薪,1-3年,硕士
Java/Python/C/C++/测试/算法/前端岗,外企德科数字技术有限公司,杭州·滨江·长河,1.2-2.4万·14薪,经验不限,本科
Java/Python/C/C++/测试/算法/前端岗,外企德科数字技术有限公司,杭州·滨江·长河,1.2-2.4万·14薪,经验不限,本科
C++(外包-管3餐),软通动力信息技术(集团)股份有限公司,北京·丰台·看丹,1-1.5万,3-5年,本科
C++(外包-管3餐),软通动力信息技术(集团)股份有限公司,北京·丰台·看丹,1-1.5万,3-5年,本科
c++开发工程师,四川深瑞视科技有限公司,成都·武侯·金花桥,1.3-1.8万,5-10年,本科
c++开发工程师,四川深瑞视科技有限公司,成都·武侯·金花桥,1.3-1.8万,5-10年,本科
Java/C/C++软件开发/测试工程师（双休+五险一金+年终奖）,外企德科数字技术有限公司,深圳·龙岗·坂田,1.9-3.5万·16薪,经验不限,本科
Java/C/C++软件开发/测试工程师（双休+五险一金+年终奖）,外企德科数字技术有限公司,深圳·龙岗·坂田,1.9-3.5万·16薪,经验不限,本科
C++开发工程师,上海洛书投资管理有限公司,上海·浦东·花木,2.5-5万,经验不限,本科
C++开发工程师,上海洛书投资管理有限公司,上海·浦东·花木,2.5-5万,经验不限,本科
C++开发工程师,郑州汇海领创科技有限公司,郑州·管城·圃田,7000-14000元,3-5年,本科
C++开发工程师,郑州汇海领创科技有限公司,郑州·管城·圃田,7000-14000元,3-5年,本科
Java/C/C++/Python/前端/测试（接受应届）,外企德科数字技术有限公司,上海·浦东·金桥,1.6-2.4万·14薪,经验不限,本科
Java/C/C++/Python/前端/测试（接受应届）,外企德科数字技术有限公司,上海·浦东·金桥,1.6-2.4万·14薪,经验不限,本科
C++软件工程师,中国辐射防护研究院,太原·小店·平阳路,8000-15000元,3-5年,本科
C++软件工程师,中国辐射防护研究院,太原·小店·平阳路,8000-15000元,3-5年,本科
医疗器械C++（南京岗位）,普爱医疗,杭州·余杭·仓前,1.5-3万,5-10年,本科
医疗器械C++（南京岗位）,普爱医疗,杭州·余杭·仓前,1.5-3万,5-10年,本科
JAVA/JS/C/C++/Python/go/测试,外企德科数字技术有限公司,东莞·大朗镇,1.5-3万·14薪,经验不限,本科
JAVA/JS/C/C++/Python/go/测试,外企德科数字技术有限公司,东莞·大朗镇,1.5-3万·14薪,经验不限,本科
C++/QT6跨平台开发工程师（岳麓区+双休）,长沙巨云教育咨询有限公司,长沙·岳麓·天顶,1.4-1.5万,经验不限,大专
C++/QT6跨平台开发工程师（岳麓区+双休）,长沙巨云教育咨询有限公司,长沙·岳麓·天顶,1.4-1.5万,经验不限,大专
高级c++工程师,上海帕特尼智能科技有限公司,上海·闵行·吴泾,2-3万,5-10年,本科
高级c++工程师,上海帕特尼智能科技有限公司,上海·闵行·吴泾,2-3万,5-10年,本科
c/c++/java/python开发/测试【base成都】,外企德科数字技术有限公司,成都·郫都·合作街道,1.1-2万·14薪,经验不限,本科
c/c++/java/python开发/测试【base成都】,外企德科数字技术有限公司,成都·郫都·合作街道,1.1-2万·14薪,经验不限,本科
c++软件研发工程师,成都星象科技有限公司,成都·武侯·肖家河,4000-8000元·13薪,经验不限,本科
c++软件研发工程师,成都星象科技有限公司,成都·武侯·肖家河,4000-8000元·13薪,经验不限,本科
软件测试工程师（C/C++ 方向）,中德福林,北京·东城·北新桥,1.1-1.6万,3-5年,本科
软件测试工程师（C/C++ 方向）,中德福林,北京·东城·北新桥,1.1-1.6万,3-5年,本科
c/c++/java/python开发/测试【base杭州】,外企德科数字技术有限公司,杭州·滨江·长河,1.2-2万·14薪,经验不限,本科
c/c++/java/python开发/测试【base杭州】,外企德科数字技术有限公司,杭州·滨江·长河,1.2-2万·14薪,经验不限,本科
Linux软件开发工程师（C++)base重庆,大连斯锐信息技术有限公司,武汉·洪山·关山,1.1-1.3万,3-5年,本科
Linux软件开发工程师（C++)base重庆,大连斯锐信息技术有限公司,武汉·洪山·关山,1.1-1.3万,3-5年,本科
c++工程师,北京加菲智能科技有限公司,南京·栖霞·马群,3-4万,3-5年,大专
c++工程师,北京加菲智能科技有限公司,南京·栖霞·马群,3-4万,3-5年,大专
c++工程师,北京加菲智能科技有限公司,南京·栖霞·马群,3-4万,3-5年,大专
c++工程师,北京加菲智能科技有限公司,南京·栖霞·马群,3-4万,3-5年,大专
测试/前端/后端开发工程师Java/C/C++/JS/Python,外企德科数字技术有限公司,西安·雁塔·漳浒寨,1.4-2.8万·14薪,经验不限,本科
测试/前端/后端开发工程师Java/C/C++/JS/Python,外企德科数字技术有限公司,西安·雁塔·漳浒寨,1.4-2.8万·14薪,经验不限,本科
Linux软件开发工程师（C++)base重庆,大连斯锐信息技术有限公司,成都·武侯·桂溪,1.1-1.3万,3-5年,本科
Linux软件开发工程师（C++)base重庆,大连斯锐信息技术有限公司,成都·武侯·桂溪,1.1-1.3万,3-5年,本科
c++高级软件工程师,中智(河北)经济技术合作有限公司,北京·石景山·苹果园,1.8-2.5万,3-5年,硕士
c++高级软件工程师,中智(河北)经济技术合作有限公司,北京·石景山·苹果园,1.8-2.5万,3-5年,硕士
后/前端开发、测试【24/25/无经验也可投】接受java、c＋＋、js不限语言,外企德科数字技术有限公司,苏州·工业园区,1.5-3万·14薪,经验不限,本科
后/前端开发、测试【24/25/无经验也可投】接受java、c＋＋、js不限语言,外企德科数字技术有限公司,苏州·工业园区,1.5-3万·14薪,经验不限,本科
Windows开发工程师C++,华企高科(北京)科技产业发展有限公司,郑州·中原·沟赵,9000-16000元,5-10年,大专
Windows开发工程师C++,华企高科(北京)科技产业发展有限公司,郑州·中原·沟赵,9000-16000元,5-10年,大专
c++软件架构师,武汉时代地智科技股份有限公司,武汉·江夏·佛祖岭,2-3.5万,10年以上,本科
c++软件架构师,武汉时代地智科技股份有限公司,武汉·江夏·佛祖岭,2-3.5万,10年以上,本科
Java/C/C++/JS/python/测试/运维开发/数据（接受24届无经验、考研断档等）,外企德科数字技术有限公司,深圳·龙岗·坂田,1.7-3万·14薪,经验不限,本科
Java/C/C++/JS/python/测试/运维开发/数据（接受24届无经验、考研断档等）,外企德科数字技术有限公司,深圳·龙岗·坂田,1.7-3万·14薪,经验不限,本科
C++/QT岗位实习生,杭州辉电信息科技有限公司,杭州·滨江·长河,200-300元/天,无经验,本科
C++/QT岗位实习生,杭州辉电信息科技有限公司,杭州·滨江·长河,200-300元/天,无经验,本科
c++软件开发/Qt开发,青岛小优智能科技有限公司,青岛·城阳·棘洪滩,1.6-3万·13薪,3-5年,本科
c++软件开发/Qt开发,青岛小优智能科技有限公司,青岛·城阳·棘洪滩,1.6-3万·13薪,3-5年,本科
Java/Python/C/C++/数开/测试/算法/前端岗,外企德科数字技术有限公司,南京·雨花台·雨花,1.5-3万·14薪,经验不限,本科
Java/Python/C/C++/数开/测试/算法/前端岗,外企德科数字技术有限公司,南京·雨花台·雨花,1.5-3万·14薪,经验不限,本科
c/c++软件开发工程师,上海舜动科技有限公司,北京·顺义,1-2万·14薪,3-5年,本科
c/c++软件开发工程师,上海舜动科技有限公司,北京·顺义,1-2万·14薪,3-5年,本科
C++软件开发工程师,中科戎大,西安·雁塔·丈八沟,1.2-1.6万,5-10年,本科
C++软件开发工程师,中科戎大,西安·雁塔·丈八沟,1.2-1.6万,5-10年,本科
JAVA/ Python/C/C++/GO/数据开发,外企德科数字技术有限公司,北京·海淀,1.5-3万,经验不限,本科
JAVA/ Python/C/C++/GO/数据开发,外企德科数字技术有限公司,北京·海淀,1.5-3万,经验不限,本科
C++（华鼎冷链）,华企高科(北京)科技产业发展有限公司,郑州·中原·沟赵,1.5-2万,5-10年,大专
C++（华鼎冷链）,华企高科(北京)科技产业发展有限公司,郑州·中原·沟赵,1.5-2万,5-10年,大专
c++高级软件工程师,上海秉拓智能科技有限公司,上海·奉贤·西渡,1.2-2.4万,1-3年,本科
c++高级软件工程师,上海秉拓智能科技有限公司,上海·奉贤·西渡,1.2-2.4万,1-3年,本科
C/C++/Java/Python/JS软件开发/算法/数据,外企德科数字技术有限公司,武汉·江夏·豹澥,1.7-3万·15薪,经验不限,本科
C/C++/Java/Python/JS软件开发/算法/数据,外企德科数字技术有限公司,武汉·江夏·豹澥,1.7-3万·15薪,经验不限,本科
C++,高伟达,北京·朝阳·麦子店,1.4-1.8万,5-10年,本科
C++,高伟达,北京·朝阳·麦子店,1.4-1.8万,5-10年,本科
C++开发,软通动力信息技术(集团)股份有限公司,上海·浦东·金桥,2.3-2.6万,3-5年,本科
C++开发,软通动力信息技术(集团)股份有限公司,上海·浦东·金桥,2.3-2.6万,3-5年,本科
java/python/C++/测试/C/GO/大数据开发 软件通用岗位/接受应届考研考公失败,外企德科数字技术有限公司,杭州·滨江·长河,1.5-3万·14薪,经验不限,本科
java/python/C++/测试/C/GO/大数据开发 软件通用岗位/接受应届考研考公失败,外企德科数字技术有限公司,杭州·滨江·长河,1.5-3万·14薪,经验不限,本科
Linux软件开发工程师（C++),大连斯锐信息技术有限公司,重庆·渝北,1.1-1.3万,3-5年,本科
Linux软件开发工程师（C++),大连斯锐信息技术有限公司,重庆·渝北,1.1-1.3万,3-5年,本科
Linux软件开发工程师（C++),大连斯锐信息技术有限公司,重庆·渝北,1.1-1.3万,3-5年,本科
Linux软件开发工程师（C++),大连斯锐信息技术有限公司,重庆·渝北,1.1-1.3万,3-5年,本科
C++工程师,软通动力信息技术(集团)股份有限公司,深圳·龙岗·坂田,1.1-2万·13薪,1-3年,本科
C++工程师,软通动力信息技术(集团)股份有限公司,深圳·龙岗·坂田,1.1-2万·13薪,1-3年,本科
Java/Python/C/C++/Web/测试工程师,外企德科数字技术有限公司,长沙·开福·月湖,1.4-2.8万·16薪,经验不限,本科
Java/Python/C/C++/Web/测试工程师,外企德科数字技术有限公司,长沙·开福·月湖,1.4-2.8万·16薪,经验不限,本科
c++工程师,江西豪斯特汽车零部件有限公司,九江·修水县·义宁镇,1-2万,3-5年,大专
c++工程师,江西豪斯特汽车零部件有限公司,九江·修水县·义宁镇,1-2万,3-5年,大专
c++高级软件工程师（windows）,华企高科(北京)科技产业发展有限公司,太原·迎泽·迎泽街道,1.6-1.8万,5-10年,大专
c++高级软件工程师（windows）,华企高科(北京)科技产业发展有限公司,太原·迎泽·迎泽街道,1.6-1.8万,5-10年,大专
软件开发工程师（java/c++/测试/算法）,外企德科数字技术有限公司,苏州·虎丘,1.4-2.8万,无经验,本科
软件开发工程师（java/c++/测试/算法）,外企德科数字技术有限公司,苏州·虎丘,1.4-2.8万,无经验,本科
c++高级软件工程师,苏信半导体科技(苏州)有限公司,苏州·吴中·胥口,1-2万,5-10年,本科
c++高级软件工程师,苏信半导体科技(苏州)有限公司,苏州·吴中·胥口,1-2万,5-10年,本科
C++,上海森储科技有限公司,南京·栖霞·仙林,3-5万,3-5年,本科
C++,上海森储科技有限公司,南京·栖霞·仙林,3-5万,3-5年,本科
JAVA/C/C++/Python/go/web开发工程师 全国岗14薪，全额社保公积金 应届生/考研/考公失败可投,外企德科数字技术有限公司,西安·雁塔·漳浒寨,1.5-3万·14薪,经验不限,本科
JAVA/C/C++/Python/go/web开发工程师 全国岗14薪，全额社保公积金 应届生/考研/考公失败可投,外企德科数字技术有限公司,西安·雁塔·漳浒寨,1.5-3万·14薪,经验不限,本科
C++软件开发工程师 (MJ003887),徐工集团,徐州·贾汪区·大庙街道,1.5-2万,3-5年,本科
C++软件开发工程师 (MJ003887),徐工集团,徐州·贾汪区·大庙街道,1.5-2万,3-5年,本科
C++开发工程师,广东钰顺数字科技有限公司,佛山·南海·桂城,1.3-2万,1-3年,大专
C++开发工程师,广东钰顺数字科技有限公司,佛山·南海·桂城,1.3-2万,1-3年,大专
Java/C/C++/python/JS/软件测试/大数据开发,外企德科数字技术有限公司,南京·雨花台·雨花,1.2-2.4万,经验不限,本科
Java/C/C++/python/JS/软件测试/大数据开发,外企德科数字技术有限公司,南京·雨花台·雨花,1.2-2.4万,经验不限,本科
C++软件开发工程师,惠州市德庞精密自动化有限公司,惠州·惠阳区·西区街道,2-2.5万,1-3年,本科
C++软件开发工程师,惠州市德庞精密自动化有限公司,惠州·惠阳区·西区街道,2-2.5万,1-3年,本科
C/C++视觉软件研发工程师,山东创典智能科技有限公司,烟台·莱山·马山,7000-14000元,1-3年,本科
C/C++视觉软件研发工程师,山东创典智能科技有限公司,烟台·莱山·马山,7000-14000元,1-3年,本科
java/c++/python后端开发/软件测试,外企德科数字技术有限公司,上海·青浦·金泽,1.5-3万·16薪,经验不限,本科
java/c++/python后端开发/软件测试,外企德科数字技术有限公司,上海·青浦·金泽,1.5-3万·16薪,经验不限,本科
c++工程师,江西豪斯特汽车零部件有限公司,九江·修水县·义宁镇,8000-14000元,1-3年,学历不限
c++工程师,江西豪斯特汽车零部件有限公司,九江·修水县·义宁镇,8000-14000元,1-3年,学历不限
安卓系统开发（hal C++）,智达诚远科技有限公司,大连·甘井子·凌水,1.1-2万,经验不限,大专
安卓系统开发（hal C++）,智达诚远科技有限公司,大连·甘井子·凌水,1.1-2万,经验不限,大专
Java/Python/C/C++/测试/算法/前端岗,外企德科数字技术有限公司,武汉·江夏·豹澥,1.2-2.4万·14薪,经验不限,本科
Java/Python/C/C++/测试/算法/前端岗,外企德科数字技术有限公司,武汉·江夏·豹澥,1.2-2.4万·14薪,经验不限,本科
C++软件工程师,中天星控,洛阳·西工·王城路,7000-13000元,经验不限,本科
C++软件工程师,中天星控,洛阳·西工·王城路,7000-13000元,经验不限,本科
C++软件开发工程师 (MJ003887),徐工集团,徐州·贾汪区·大庙街道,1.5-3万,3-5年,本科
C++软件开发工程师 (MJ003887),徐工集团,徐州·贾汪区·大庙街道,1.5-3万,3-5年,本科
急招急招！今天面试明天上岗！Java/Python/C/c#/C++/JS,外企德科数字技术有限公司,中山·石岐街道,1.5-3万·14薪,经验不限,本科
急招急招！今天面试明天上岗！Java/Python/C/c#/C++/JS,外企德科数字技术有限公司,中山·石岐街道,1.5-3万·14薪,经验不限,本科
急招急招！今天面试明天上岗！Java/Python/C/c#/C++/JS,外企德科数字技术有限公司,中山·石岐街道,1.5-3万·14薪,经验不限,本科
急招急招！今天面试明天上岗！Java/Python/C/c#/C++/JS,外企德科数字技术有限公司,中山·石岐街道,1.5-3万·14薪,经验不限,本科
C++高级开发工程师,北京东方亿盟科技有限公司,北京·海淀·马连洼,2.1-4万,经验不限,学历不限
C++高级开发工程师,北京东方亿盟科技有限公司,北京·海淀·马连洼,2.1-4万,经验不限,学历不限
少儿编程老师（c++ 入职五险 带薪小暑假）,河北阳光教育科技集团有限公司,石家庄·裕华·宋营,8000-15000元,经验不限,大专
少儿编程老师（c++ 入职五险 带薪小暑假）,河北阳光教育科技集团有限公司,石家庄·裕华·宋营,8000-15000元,经验不限,大专
Java/C/C++/Python/前端/测试（接受应届）,外企德科数字技术有限公司,东莞·大朗镇,1.5-3万·14薪,经验不限,本科
Java/C/C++/Python/前端/测试（接受应届）,外企德科数字技术有限公司,东莞·大朗镇,1.5-3万·14薪,经验不限,本科
C++（实习生）,深圳市科皓信息技术有限公司,南昌·新建·乐化,100-150元/天,无经验,本科
C++（实习生）,深圳市科皓信息技术有限公司,南昌·新建·乐化,100-150元/天,无经验,本科
C++研发工程师,北京构力科技有限公司,北京·朝阳·和平街,1.8-2.5万·14薪,3-5年,本科
C++研发工程师,北京构力科技有限公司,北京·朝阳·和平街,1.8-2.5万·14薪,3-5年,本科
JAVA/JS/C/C++/Python/go/测试,外企德科数字技术有限公司,成都·郫都·合作街道,1.5-3万·14薪,经验不限,本科
JAVA/JS/C/C++/Python/go/测试,外企德科数字技术有限公司,成都·郫都·合作街道,1.5-3万·14薪,经验不限,本科
c++开发工程师,滨沅国科(秦皇岛)智能科技股份有限公司,秦皇岛·北戴河区·东山街道,5000-10000元,1-3年,本科
c++开发工程师,滨沅国科(秦皇岛)智能科技股份有限公司,秦皇岛·北戴河区·东山街道,5000-10000元,1-3年,本科
智能制造事业部--机器视觉C++软件工程师,易启科技（吉林省）有限公司,长春·南关·新立城,1-2万,5-10年,本科
智能制造事业部--机器视觉C++软件工程师,易启科技（吉林省）有限公司,长春·南关·新立城,1-2万,5-10年,本科
软件开发工程师(Java/C/C++/Python/Js),外企德科数字技术有限公司,南京·雨花台·雨花,1.5-3万,经验不限,本科
软件开发工程师(Java/C/C++/Python/Js),外企德科数字技术有限公司,南京·雨花台·雨花,1.5-3万,经验不限,本科
C++软件开发工程师（base雄安）,东软集团,保定·莲池·西关,1.3-2万,3-5年,本科
C++软件开发工程师（base雄安）,东软集团,保定·莲池·西关,1.3-2万,3-5年,本科
C++上位机软件工程师,内蒙古瑞普精准检验检测有限责任公司,呼和浩特·新城,8000-16000元,1-3年,本科
C++上位机软件工程师,内蒙古瑞普精准检验检测有限责任公司,呼和浩特·新城,8000-16000元,1-3年,本科
初级/中级c++软件开发工程师（可转语言）,外企德科数字技术有限公司,成都·郫都·合作街道,1.2-2.4万·14薪,经验不限,本科
初级/中级c++软件开发工程师（可转语言）,外企德科数字技术有限公司,成都·郫都·合作街道,1.2-2.4万·14薪,经验不限,本科
C++软件开发工程师,徐州徐工矿业机械有限公司,徐州·贾汪区·大庙街道,1.5-3万,3-5年,本科
C++软件开发工程师,徐州徐工矿业机械有限公司,徐州·贾汪区·大庙街道,1.5-3万,3-5年,本科
c++/c#研发工程师,软通动力信息技术(集团)股份有限公司,株洲·石峰区·田心街道,1.2-1.6万,3-5年,本科
c++/c#研发工程师,软通动力信息技术(集团)股份有限公司,株洲·石峰区·田心街道,1.2-1.6万,3-5年,本科
c++(不限经验，1对1带教，五险一金，全国安排，双休，14薪）,外企德科数字技术有限公司,武汉·江夏·豹澥,1.6-2.5万·14薪,经验不限,本科
c++(不限经验，1对1带教，五险一金，全国安排，双休，14薪）,外企德科数字技术有限公司,武汉·江夏·豹澥,1.6-2.5万·14薪,经验不限,本科
c++软件研发工程师,北京构力科技有限公司,上海·静安·江宁路,1.8-2.5万·14薪,3-5年,硕士
c++软件研发工程师,北京构力科技有限公司,上海·静安·江宁路,1.8-2.5万·14薪,3-5年,硕士
西宁C++开发工程师,沈阳嘉越电力科技有限公司,西宁·城西区·胜利路街道,1-1.8万,3-5年,本科
西宁C++开发工程师,沈阳嘉越电力科技有限公司,西宁·城西区·胜利路街道,1-1.8万,3-5年,本科
Java/C++/C/Python/GO/JS,外企德科数字技术有限公司,西安·雁塔·漳浒寨,1.2-2.4万·15薪,经验不限,本科
Java/C++/C/Python/GO/JS,外企德科数字技术有限公司,西安·雁塔·漳浒寨,1.2-2.4万·15薪,经验不限,本科
C++开发工程师,北京世冠金洋科技发展有限公司,北京·海淀·上地,1.6-3万·13薪,3-5年,硕士
C++开发工程师,北京世冠金洋科技发展有限公司,北京·海淀·上地,1.6-3万·13薪,3-5年,硕士
软件工程师（C++方向）,成都坤恒顺维科技股份有限公司,成都·郫都·德源,1.2-1.8万,3-5年,本科
软件工程师（C++方向）,成都坤恒顺维科技股份有限公司,成都·郫都·德源,1.2-1.8万,3-5年,本科
软件工程师（C++方向）,成都坤恒顺维科技股份有限公司,成都·郫都·德源,1.2-1.8万,3-5年,本科
软件工程师（C++方向）,成都坤恒顺维科技股份有限公司,成都·郫都·德源,1.2-1.8万,3-5年,本科
初级/中级c++软件开发工程师（可转语言）,外企德科数字技术有限公司,北京·海淀,1.2-2.4万·14薪,经验不限,本科
初级/中级c++软件开发工程师（可转语言）,外企德科数字技术有限公司,北京·海淀,1.2-2.4万·14薪,经验不限,本科
c++开发工程师,未来国际,西安·碑林·张家村,1.2-1.8万,3-5年,本科
c++开发工程师,未来国际,西安·碑林·张家村,1.2-1.8万,3-5年,本科
c++全栈工程师,中国电建集团长春发电设备有限公司,长春·经开区·东方广场,1-1.5万,3-5年,本科
c++全栈工程师,中国电建集团长春发电设备有限公司,长春·经开区·东方广场,1-1.5万,3-5年,本科
测试/前端/后端开发工程师Java/C/C++/Python,外企德科数字技术有限公司,苏州·工业园区,1.5-2.8万·14薪,经验不限,本科
测试/前端/后端开发工程师Java/C/C++/Python,外企德科数字技术有限公司,苏州·工业园区,1.5-2.8万·14薪,经验不限,本科
c++开发工程师,软通动力信息技术(集团)股份有限公司,上海·青浦·金泽,1-1.5万,1-3年,本科
c++开发工程师,软通动力信息技术(集团)股份有限公司,上海·青浦·金泽,1-1.5万,1-3年,本科
C++/QT方向,湖南小算科技信息有限公司,长沙·岳麓·洋湖,1.2-2万,3-5年,大专
C++/QT方向,湖南小算科技信息有限公司,长沙·岳麓·洋湖,1.2-2万,3-5年,大专
Java/Python/C/C++/数开/测试/算法/前端岗,外企德科数字技术有限公司,上海·浦东·金桥,1.5-3万·14薪,经验不限,本科
Java/Python/C/C++/数开/测试/算法/前端岗,外企德科数字技术有限公司,上海·浦东·金桥,1.5-3万·14薪,经验不限,本科
座舱C++开发,软通动力信息技术(集团)股份有限公司,上海·浦东·金桥,1.8-2.8万,5-10年,大专
座舱C++开发,软通动力信息技术(集团)股份有限公司,上海·浦东·金桥,1.8-2.8万,5-10年,大专
研发工程师（C/C++）,北京世纪明朗信息服务有限公司,沈阳·皇姑·明廉,8000-10000元,1-3年,本科
研发工程师（C/C++）,北京世纪明朗信息服务有限公司,沈阳·皇姑·明廉,8000-10000元,1-3年,本科
软件工程师c/c++/python/java+双休,外企德科数字技术有限公司,南京·雨花台·雨花,2.2-2.3万·16薪,经验不限,本科
软件工程师c/c++/python/java+双休,外企德科数字技术有限公司,南京·雨花台·雨花,2.2-2.3万·16薪,经验不限,本科
嵌入式C/C++开发工程师,芜湖科络达云软件科技有限责任公司,芜湖·鸠江区·芜湖经济技术开发区,6000-10000元,3-5年,本科
嵌入式C/C++开发工程师,芜湖科络达云软件科技有限责任公司,芜湖·鸠江区·芜湖经济技术开发区,6000-10000元,3-5年,本科
C/C++软件开发工程师,辉煌科技,郑州·中原·沟赵,7000-11000元,1-3年,本科
C/C++软件开发工程师,辉煌科技,郑州·中原·沟赵,7000-11000元,1-3年,本科
c++高级软件工程师,外企德科数字技术有限公司,成都·郫都·合作街道,2-3.5万,经验不限,学历不限
c++高级软件工程师,外企德科数字技术有限公司,成都·郫都·合作街道,2-3.5万,经验不限,学历不限
Windows C++开发工程师(J10211),卡莱特云科技股份有限公司,深圳·南山·西丽,1.6-2.5万·16薪,1-3年,本科
Windows C++开发工程师(J10211),卡莱特云科技股份有限公司,深圳·南山·西丽,1.6-2.5万·16薪,1-3年,本科
C/C++开发工程师,北京世纪明朗信息服务有限公司,沈阳·皇姑·明廉,8000-10000元,1-3年,本科
C/C++开发工程师,北京世纪明朗信息服务有限公司,沈阳·皇姑·明廉,8000-10000元,1-3年,本科
java、C/C++、python等个后端开发,外企德科数字技术有限公司,北京·海淀,1.6-3万·16薪,经验不限,本科
java、C/C++、python等个后端开发,外企德科数字技术有限公司,北京·海淀,1.6-3万·16薪,经验不限,本科
C++量化系统开发工程师,四川君逸数码科技股份有限公司,成都·武侯·桂溪,2.5-3.5万,3-5年,本科
C++量化系统开发工程师,四川君逸数码科技股份有限公司,成都·武侯·桂溪,2.5-3.5万,3-5年,本科
Linux/C++ 开发工程师（智能座舱方向）,东软集团,大连·甘井子·凌水,1.3-2.2万,3-5年,本科
Linux/C++ 开发工程师（智能座舱方向）,东软集团,大连·甘井子·凌水,1.3-2.2万,3-5年,本科
C/C++/Java/JS/Python软件开发【全国有岗】,外企德科数字技术有限公司,南昌·红谷滩·沙井,1.5-3万·14薪,经验不限,本科
C/C++/Java/JS/Python软件开发【全国有岗】,外企德科数字技术有限公司,南昌·红谷滩·沙井,1.5-3万·14薪,经验不限,本科
c/c++架构师,重庆一顺信息技术服务有限公司,成都·武侯·石羊,1.5-2.2万,3-5年,本科
c/c++架构师,重庆一顺信息技术服务有限公司,成都·武侯·石羊,1.5-2.2万,3-5年,本科
c/c++架构师,重庆一顺信息技术服务有限公司,成都·武侯·石羊,1.5-2.2万,3-5年,本科
c/c++架构师,重庆一顺信息技术服务有限公司,成都·武侯·石羊,1.5-2.2万,3-5年,本科
C++开发工程师,东方电子股份有限公司,烟台·芝罘·毓璜顶,7000-11000元·16薪,经验不限,本科
C++开发工程师,东方电子股份有限公司,烟台·芝罘·毓璜顶,7000-11000元·16薪,经验不限,本科
C/C++/Java/Python/Go通用软件开发/测试,外企德科数字技术有限公司,北京·海淀,1.5-3万,经验不限,本科
C/C++/Java/Python/Go通用软件开发/测试,外企德科数字技术有限公司,北京·海淀,1.5-3万,经验不限,本科
中高级c++工程师,深蓝智造,长春·朝阳,1-1.8万,经验不限,本科
中高级c++工程师,深蓝智造,长春·朝阳,1-1.8万,经验不限,本科
c++开发工程师,软通动力信息技术(集团)股份有限公司,成都·双流·华阳,1-1.2万,1-3年,本科
c++开发工程师,软通动力信息技术(集团)股份有限公司,成都·双流·华阳,1-1.2万,1-3年,本科
JAVA/C++/C/Python 14薪双休 应届生可投,外企德科数字技术有限公司,深圳·福田·福田街道,1.5-3万,经验不限,本科
JAVA/C++/C/Python 14薪双休 应届生可投,外企德科数字技术有限公司,深圳·福田·福田街道,1.5-3万,经验不限,本科
软件开发工程师（C++/Qt方向）,浙江纽联科技有限公司,杭州·余杭·仓前,1.3-1.8万,1-3年,本科
软件开发工程师（C++/Qt方向）,浙江纽联科技有限公司,杭州·余杭·仓前,1.3-1.8万,1-3年,本科
C++软件开发工程师,洛基精微(成都)工业技术有限公司,成都·郫都·合作街道,1.6-2.5万,3-5年,本科
C++软件开发工程师,洛基精微(成都)工业技术有限公司,成都·郫都·合作街道,1.6-2.5万,3-5年,本科
Java/C/C++/Python/前端/测试（接受应届）,外企德科数字技术有限公司,西安·雁塔·漳浒寨,1.6-2.6万·14薪,经验不限,本科
Java/C/C++/Python/前端/测试（接受应届）,外企德科数字技术有限公司,西安·雁塔·漳浒寨,1.6-2.6万·14薪,经验不限,本科
C++/Qt开发工程师（leetcode考试+视频面试）,软通动力信息技术(集团)股份有限公司,广州·黄埔·萝岗,1.5-2.2万,3-5年,本科
C++/Qt开发工程师（leetcode考试+视频面试）,软通动力信息技术(集团)股份有限公司,广州·黄埔·萝岗,1.5-2.2万,3-5年,本科
C++软件开发工程师,洛基精微(成都)工业技术有限公司,西安·雁塔·漳浒寨,1.6-2.5万,3-5年,本科
C++软件开发工程师,洛基精微(成都)工业技术有限公司,西安·雁塔·漳浒寨,1.6-2.5万,3-5年,本科
C/C++/Java/Python/Go通用软件开发/测试,外企德科数字技术有限公司,西安·雁塔·漳浒寨,1.6-3万,经验不限,本科
C/C++/Java/Python/Go通用软件开发/测试,外企德科数字技术有限公司,西安·雁塔·漳浒寨,1.6-3万,经验不限,本科
C++开发工程师（武汉）,艾普工华科技(武汉)有限公司,武汉·江夏,1-1.6万,1-3年,本科
C++开发工程师（武汉）,艾普工华科技(武汉)有限公司,武汉·江夏,1-1.6万,1-3年,本科
C++软件开发工程师,徐州徐工矿业机械有限公司,徐州·贾汪区·大庙街道,8000-15000元,3-5年,本科
C++软件开发工程师,徐州徐工矿业机械有限公司,徐州·贾汪区·大庙街道,8000-15000元,3-5年,本科
Java/C++/C/Python/前端/测试（接受应届）,外企德科数字技术有限公司,杭州·滨江·长河,1.4-2.8万·14薪,经验不限,本科
Java/C++/C/Python/前端/测试（接受应届）,外企德科数字技术有限公司,杭州·滨江·长河,1.4-2.8万·14薪,经验不限,本科
c/c++开发工程师,北京世纪龙脉科技有限公司,北京·海淀·学院路,1.5-2万,3-5年,本科
c/c++开发工程师,北京世纪龙脉科技有限公司,北京·海淀·学院路,1.5-2万,3-5年,本科
【校招】C++工程师,数码视讯,北京·海淀·上地,1.5-2.5万,无经验,硕士
【校招】C++工程师,数码视讯,北京·海淀·上地,1.5-2.5万,无经验,硕士
软件开发工程师(Java/C/C++/Python/Js),外企德科数字技术有限公司,杭州·滨江·长河,1.5-3万,经验不限,本科
软件开发工程师(Java/C/C++/Python/Js),外企德科数字技术有限公司,杭州·滨江·长河,1.5-3万,经验不限,本科
C++软件工程师,江苏聚目科技有限公司,无锡·滨湖·华庄,1.2-2.2万,3-5年,本科
C++软件工程师,江苏聚目科技有限公司,无锡·滨湖·华庄,1.2-2.2万,3-5年,本科
软件开发工程师（TS、Python、Java、Android，JavaScript、C、C++、JS、ArkTS）,湖北电行科技有限公司,北京·昌平,1.3-1.5万,1-3年,本科
软件开发工程师（TS、Python、Java、Android，JavaScript、C、C++、JS、ArkTS）,湖北电行科技有限公司,北京·昌平,1.3-1.5万,1-3年,本科
后/前端开发、测试【24/25/无经验也可投】接受java、c＋＋、js不限语言,外企德科数字技术有限公司,上海·浦东·金桥,1.5-3万·14薪,经验不限,本科
后/前端开发、测试【24/25/无经验也可投】接受java、c＋＋、js不限语言,外企德科数字技术有限公司,上海·浦东·金桥,1.5-3万·14薪,经验不限,本科
后/前端开发、测试【24/25/无经验也可投】接受java、c＋＋、js不限语言,外企德科数字技术有限公司,上海·浦东·金桥,1.5-3万·14薪,经验不限,本科
后/前端开发、测试【24/25/无经验也可投】接受java、c＋＋、js不限语言,外企德科数字技术有限公司,上海·浦东·金桥,1.5-3万·14薪,经验不限,本科
Python，C++，Java量化编程程序员,国磐集团有限公司,北京·朝阳,1-1.2万,3-5年,本科
Python，C++，Java量化编程程序员,国磐集团有限公司,北京·朝阳,1-1.2万,3-5年,本科
C/C++（大厂项目+线上面试）,中软国际,杭州·滨江,面议,1-3年,本科
C/C++（大厂项目+线上面试）,中软国际,杭州·滨江,面议,1-3年,本科
c++/python/java/c/算法/测试,外企德科数字技术有限公司,南京·雨花台·雨花,1.5-3万·14薪,经验不限,本科
c++/python/java/c/算法/测试,外企德科数字技术有限公司,南京·雨花台·雨花,1.5-3万·14薪,经验不限,本科
c++高级开发工程师,东软集团,武汉·蔡甸·沌口,1.3-2.6万,3-5年,本科
c++高级开发工程师,东软集团,武汉·蔡甸·沌口,1.3-2.6万,3-5年,本科
c++，qt,四川九鼎乾元科技有限公司,成都·青羊·府南,9000-14000元,5-10年,大专
c++，qt,四川九鼎乾元科技有限公司,成都·青羊·府南,9000-14000元,5-10年,大专
C/C++软件开发工程师（初中高级均有岗位-线上面试）,外企德科数字技术有限公司,武汉·江夏·豹澥,1.5-3万·14薪,3-5年,本科
C/C++软件开发工程师（初中高级均有岗位-线上面试）,外企德科数字技术有限公司,武汉·江夏·豹澥,1.5-3万·14薪,3-5年,本科
C++开发工程师（CAE方向/视频面试）,软通动力信息技术(集团)股份有限公司,广州·黄埔·萝岗,1.5-2.2万,5-10年,本科
C++开发工程师（CAE方向/视频面试）,软通动力信息技术(集团)股份有限公司,广州·黄埔·萝岗,1.5-2.2万,5-10年,本科
c++高级软件工程师,普杉科技发展(四川)有限公司,成都·武侯·桂溪,1-1.8万,5-10年,本科
c++高级软件工程师,普杉科技发展(四川)有限公司,成都·武侯·桂溪,1-1.8万,5-10年,本科
前/后端开发工程师（Java / C++ / Python / JS 等方向）可接受小白,外企德科数字技术有限公司,南京·雨花台·雨花,1.4-2.8万·14薪,经验不限,本科
前/后端开发工程师（Java / C++ / Python / JS 等方向）可接受小白,外企德科数字技术有限公司,南京·雨花台·雨花,1.4-2.8万·14薪,经验不限,本科
C++软件工程师,万合(洛阳)光电技术有限公司,洛阳·涧西·重庆路,1-1.5万·13薪,1-3年,本科
C++软件工程师,万合(洛阳)光电技术有限公司,洛阳·涧西·重庆路,1-1.5万·13薪,1-3年,本科
26届C++开发工程师,苏州大宇宙信息创造有限公司,常州·新北·三井,6000-8000元·13薪,无经验,本科
26届C++开发工程师,苏州大宇宙信息创造有限公司,常州·新北·三井,6000-8000元·13薪,无经验,本科
JAVA/C/C++/Python/go/web开发工程师,外企德科数字技术有限公司,上海·青浦·金泽,1.8-3.5万·15薪,经验不限,本科
JAVA/C/C++/Python/go/web开发工程师,外企德科数字技术有限公司,上海·青浦·金泽,1.8-3.5万·15薪,经验不限,本科
C++软件工程师,埃夫特智能机器人股份有限公司,芜湖·鸠江区·芜湖经济技术开发区,1.2-2万·16薪,5-10年,本科
C++软件工程师,埃夫特智能机器人股份有限公司,芜湖·鸠江区·芜湖经济技术开发区,1.2-2万·16薪,5-10年,本科
c++开发工程师,徐州徐工重型车辆有限公司,徐州·铜山区·新区街道,1.2-2万·14薪,3-5年,本科
c++开发工程师,徐州徐工重型车辆有限公司,徐州·铜山区·新区街道,1.2-2万·14薪,3-5年,本科
软件岗（Java/Python/C/C++/软测/嵌入式等）,外企德科数字技术有限公司,深圳·龙岗·坂田,1.4-2.8万·14薪,经验不限,本科
软件岗（Java/Python/C/C++/软测/嵌入式等）,外企德科数字技术有限公司,深圳·龙岗·坂田,1.4-2.8万·14薪,经验不限,本科
C++(QT) 软件工程师,桂林长海发展有限责任公司,桂林·秀峰区·甲山街道,1.1-1.3万,无经验,硕士
C++(QT) 软件工程师,桂林长海发展有限责任公司,桂林·秀峰区·甲山街道,1.1-1.3万,无经验,硕士
c++软件研发工程师,徐州徐工重型车辆有限公司,徐州·贾汪区·大庙街道,1-1.5万,3-5年,本科
c++软件研发工程师,徐州徐工重型车辆有限公司,徐州·贾汪区·大庙街道,1-1.5万,3-5年,本科
Java/Python/C/C++/测试/算法/前端岗,外企德科数字技术有限公司,上海·浦东·金桥,1.2-2.4万·14薪,经验不限,本科
Java/Python/C/C++/测试/算法/前端岗,外企德科数字技术有限公司,上海·浦东·金桥,1.2-2.4万·14薪,经验不限,本科
c++(青海西宁）,北京联合永道软件股份有限公司,西宁·城西区·胜利路街道,1.6-2万,3-5年,本科
c++(青海西宁）,北京联合永道软件股份有限公司,西宁·城西区·胜利路街道,1.6-2万,3-5年,本科
C/C++(Qt)软件工程师,北京和协航电信息科技有限公司,北京·海淀·马连洼,2-3.5万,3-5年,本科
C/C++(Qt)软件工程师,北京和协航电信息科技有限公司,北京·海淀·马连洼,2-3.5万,3-5年,本科
C/C++(Qt)软件工程师,北京和协航电信息科技有限公司,北京·海淀·马连洼,2-3.5万,3-5年,本科
C/C++(Qt)软件工程师,北京和协航电信息科技有限公司,北京·海淀·马连洼,2-3.5万,3-5年,本科
JAVA/C++/C/Python 14薪双休 应届生可投,外企德科数字技术有限公司,东莞·南城街道,1.5-3万,经验不限,本科
JAVA/C++/C/Python 14薪双休 应届生可投,外企德科数字技术有限公司,东莞·南城街道,1.5-3万,经验不限,本科
C++开发工程师周末双休,深圳市布易科技有限公司,深圳·南山·粤海,1.5-2.5万·13薪,1-3年,本科
C++开发工程师周末双休,深圳市布易科技有限公司,深圳·南山·粤海,1.5-2.5万·13薪,1-3年,本科
c++高级研发工程师,南京蓝军智能科技有限公司,南京·栖霞·仙林,1.5-2.5万,3-5年,本科
c++高级研发工程师,南京蓝军智能科技有限公司,南京·栖霞·仙林,1.5-2.5万,3-5年,本科
JAVA/C++/C/Python 14薪双休 应届生可投,外企德科数字技术有限公司,杭州·上城·湖滨,1.5-3万,经验不限,本科
JAVA/C++/C/Python 14薪双休 应届生可投,外企德科数字技术有限公司,杭州·上城·湖滨,1.5-3万,经验不限,本科
c++开发工程师,中服软件(西安)有限公司,西安·雁塔·漳浒寨,8000-11000元,3-5年,本科
c++开发工程师,中服软件(西安)有限公司,西安·雁塔·漳浒寨,8000-11000元,3-5年,本科
c++高级软件工程师,北京数聚智联科技有限公司,北京·丰台·六里桥,1.8-2.6万,5-10年,本科
c++高级软件工程师,北京数聚智联科技有限公司,北京·丰台·六里桥,1.8-2.6万,5-10年,本科
JAVA/JS/C/C++/Python/go/测试,外企德科数字技术有限公司,上海·浦东·金桥,1.5-3万·14薪,经验不限,本科
JAVA/JS/C/C++/Python/go/测试,外企德科数字技术有限公司,上海·浦东·金桥,1.5-3万·14薪,经验不限,本科
C++软件开发工程师,软通动力信息技术(集团)股份有限公司,南京·建邺·沙洲,1.3-1.8万,3-5年,本科
C++软件开发工程师,软通动力信息技术(集团)股份有限公司,南京·建邺·沙洲,1.3-1.8万,3-5年,本科
C++嵌入式工程师（Linux应用）,科锐尔人力资源服务(苏州)有限公司,武汉·洪山·九峰,1.1-1.8万,1-3年,大专
C++嵌入式工程师（Linux应用）,科锐尔人力资源服务(苏州)有限公司,武汉·洪山·九峰,1.1-1.8万,1-3年,大专
软件工程（Java/js/C/C++/Python）六险一金,外企德科数字技术有限公司,上海·青浦·金泽,1.4-2.8万·14薪,经验不限,本科
软件工程（Java/js/C/C++/Python）六险一金,外企德科数字技术有限公司,上海·青浦·金泽,1.4-2.8万·14薪,经验不限,本科
中高级c++工程师,深圳市法本信息技术股份有限公司,长沙·岳麓·岳麓街道,2-4万,1-3年,本科
中高级c++工程师,深圳市法本信息技术股份有限公司,长沙·岳麓·岳麓街道,2-4万,1-3年,本科
C++研发工程师,北京凯云恒达科技有限公司,合肥·蜀山·南岗,1.5-3万,5-10年,本科
C++研发工程师,北京凯云恒达科技有限公司,合肥·蜀山·南岗,1.5-3万,5-10年,本科
Java/C/C++/Python/Go开发工程师,外企德科数字技术有限公司,成都·郫都·合作街道,1.3-2.6万,3-5年,本科
Java/C/C++/Python/Go开发工程师,外企德科数字技术有限公司,成都·郫都·合作街道,1.3-2.6万,3-5年,本科
c++算法工程师,航天科工(北京)空间信息应用股份有限公司,合肥·蜀山·稻香村,1.2-1.6万,3-5年,本科
c++算法工程师,航天科工(北京)空间信息应用股份有限公司,合肥·蜀山·稻香村,1.2-1.6万,3-5年,本科
C++开发,北京易才博普奥管理顾问有限公司,武汉·洪山·关山,1.5-2.5万,经验不限,学历不限
C++开发,北京易才博普奥管理顾问有限公司,武汉·洪山·关山,1.5-2.5万,经验不限,学历不限
JAVA/JS/C/C++/Python/go/测试,外企德科数字技术有限公司,南京·雨花台·雨花,1.5-3万·14薪,经验不限,本科
JAVA/JS/C/C++/Python/go/测试,外企德科数字技术有限公司,南京·雨花台·雨花,1.5-3万·14薪,经验不限,本科
C++开发（编译器）,武汉佰钧成技术有限责任公司,上海·浦东·唐镇,2-4万,3-5年,本科
C++开发（编译器）,武汉佰钧成技术有限责任公司,上海·浦东·唐镇,2-4万,3-5年,本科
c++软件研发工程师,北京江宜科技有限公司,北京·海淀·学院路,1.2-2.4万,3-5年,本科
c++软件研发工程师,北京江宜科技有限公司,北京·海淀·学院路,1.2-2.4万,3-5年,本科
JAVA/C++/JS/python/GO等通用开发工程师,外企德科数字技术有限公司,上海·浦东·金桥,1.5-3万·14薪,经验不限,本科
JAVA/C++/JS/python/GO等通用开发工程师,外企德科数字技术有限公司,上海·浦东·金桥,1.5-3万·14薪,经验不限,本科
C++/Qt 软件工程师,津上智造智能科技江苏有限公司,无锡·新吴·硕放,6000-8000元·14薪,1-3年,本科
C++/Qt 软件工程师,津上智造智能科技江苏有限公司,无锡·新吴·硕放,6000-8000元·14薪,1-3年,本科
C++/Qt 软件工程师,津上智造智能科技江苏有限公司,无锡·新吴·硕放,6000-8000元·14薪,1-3年,本科
C++/Qt 软件工程师,津上智造智能科技江苏有限公司,无锡·新吴·硕放,6000-8000元·14薪,1-3年,本科
C++研发工程师,诚通互联(北京)科技有限公司,天津·滨海新区·塘沽,1.2-2.4万,3-5年,本科
C++研发工程师,诚通互联(北京)科技有限公司,天津·滨海新区·塘沽,1.2-2.4万,3-5年,本科
C++开发工程师（音视频开发经验优先）,外企德科数字技术有限公司,深圳·南山·粤海,2.5-3.5万,3-5年,本科
C++开发工程师（音视频开发经验优先）,外企德科数字技术有限公司,深圳·南山·粤海,2.5-3.5万,3-5年,本科
c++高级软件工程师,西安慧跃恒达信息科技有限公司,西安·雁塔·电子城,5000-10000元·13薪,3-5年,本科
c++高级软件工程师,西安慧跃恒达信息科技有限公司,西安·雁塔·电子城,5000-10000元·13薪,3-5年,本科
软件工程师（c/c++）,洛基精微(成都)工业技术有限公司,西安·雁塔·漳浒寨,1.5-2.5万·14薪,3-5年,本科
软件工程师（c/c++）,洛基精微(成都)工业技术有限公司,西安·雁塔·漳浒寨,1.5-2.5万·14薪,3-5年,本科
c++软件研发工程师,外企德科数字技术有限公司,西安·长安·郭杜,1.3-2.5万,经验不限,本科
c++软件研发工程师,外企德科数字技术有限公司,西安·长安·郭杜,1.3-2.5万,经验不限,本科
c++驱动开发,武汉佰钧成技术有限责任公司,深圳·宝安·新安,2.3-4.5万,3-5年,本科
c++驱动开发,武汉佰钧成技术有限责任公司,深圳·宝安·新安,2.3-4.5万,3-5年,本科
软件开发工程师（Java、C、C++、Python、JS）（多地域）,科锐尔人力资源服务(苏州)有限公司,郑州·新郑·新建路,1.5-3万·14薪,经验不限,本科
软件开发工程师（Java、C、C++、Python、JS）（多地域）,科锐尔人力资源服务(苏州)有限公司,郑州·新郑·新建路,1.5-3万·14薪,经验不限,本科
Java/C/C++/Python/前端/测试（接受无经验）,外企德科数字技术有限公司,西安·雁塔·漳浒寨,1.2-2.4万·14薪,经验不限,本科
Java/C/C++/Python/前端/测试（接受无经验）,外企德科数字技术有限公司,西安·雁塔·漳浒寨,1.2-2.4万·14薪,经验不限,本科
C++研发工程师,廊坊市新思维科技有限公司,北京·朝阳,7000-12000元,3-5年,本科
C++研发工程师,廊坊市新思维科技有限公司,北京·朝阳,7000-12000元,3-5年,本科
c++开发工程师（具身智能开发）,山东栋梁科技设备有限公司,济南·长清·平安,1-1.5万,3-5年,本科
c++开发工程师（具身智能开发）,山东栋梁科技设备有限公司,济南·长清·平安,1-1.5万,3-5年,本科
JAVA/C/C++/Python/go/web开发工程师,外企德科数字技术有限公司,北京·海淀·上地,1.8-3.5万·15薪,经验不限,本科
JAVA/C/C++/Python/go/web开发工程师,外企德科数字技术有限公司,北京·海淀·上地,1.8-3.5万·15薪,经验不限,本科
c++高级软件工程师,深圳市轩宇车鼎科技有限公司,深圳·宝安·福海,2-3万,10年以上,本科
c++高级软件工程师,深圳市轩宇车鼎科技有限公司,深圳·宝安·福海,2-3万,10年以上,本科
软件开发工程师（TS、Python、C++、Java、typeScript、cpp）,湖北电行科技有限公司,上海·浦东·金桥,1.3-1.5万,1-3年,本科
软件开发工程师（TS、Python、C++、Java、typeScript、cpp）,湖北电行科技有限公司,上海·浦东·金桥,1.3-1.5万,1-3年,本科
C++开发工程师,外企德科数字技术有限公司,东莞·大朗镇,1.2-2.4万,经验不限,本科
C++开发工程师,外企德科数字技术有限公司,东莞·大朗镇,1.2-2.4万,经验不限,本科
嵌入式开发工程师（C/C++）,中科创达软件股份有限公司,南京·雨花台·铁心桥,1-1.5万,经验不限,本科
嵌入式开发工程师（C/C++）,中科创达软件股份有限公司,南京·雨花台·铁心桥,1-1.5万,经验不限,本科
C++开发工程师（双休/互联网行业）,江苏猎宝网络科技股份有限公司,南京·玄武·玄武湖,1.4-2万·13薪,3-5年,本科
C++开发工程师（双休/互联网行业）,江苏猎宝网络科技股份有限公司,南京·玄武·玄武湖,1.4-2万·13薪,3-5年,本科
C/C++软件开发工程师（初中高级均有岗位-线上面试）,外企德科数字技术有限公司,南京·雨花台·雨花,1.5-3万·14薪,3-5年,本科
C/C++软件开发工程师（初中高级均有岗位-线上面试）,外企德科数字技术有限公司,南京·雨花台·雨花,1.5-3万·14薪,3-5年,本科
C++开发工程师（QT）,谱睿仪器(深圳)有限公司,深圳·南山·南头,1.1-1.5万·13薪,1-3年,本科
C++开发工程师（QT）,谱睿仪器(深圳)有限公司,深圳·南山·南头,1.1-1.5万·13薪,1-3年,本科
C++开发工程师（鸿蒙方向）,德科信息有限公司,武汉·洪山·花山,8000-16000元,3-5年,本科
C++开发工程师（鸿蒙方向）,德科信息有限公司,武汉·洪山·花山,8000-16000元,3-5年,本科
c/c++/java/python开发/测试【base广州】,外企德科数字技术有限公司,广州·白云·松洲,1.2-1.8万·14薪,经验不限,本科
c/c++/java/python开发/测试【base广州】,外企德科数字技术有限公司,广州·白云·松洲,1.2-1.8万·14薪,经验不限,本科
c/c++/java/python开发/测试【base广州】,外企德科数字技术有限公司,广州·白云·松洲,1.2-1.8万·14薪,经验不限,本科
c/c++/java/python开发/测试【base广州】,外企德科数字技术有限公司,广州·白云·松洲,1.2-1.8万·14薪,经验不限,本科
C++开发工程师,湖北融汇信息科技有限公司,武汉·江岸,1-1.5万,5-10年,本科
C++开发工程师,湖北融汇信息科技有限公司,武汉·江岸,1-1.5万,5-10年,本科
c++( Windows/人工智能开发),科锐尔人力资源服务(苏州)有限公司,北京·海淀·马连洼,1.9-2.2万,经验不限,本科
c++( Windows/人工智能开发),科锐尔人力资源服务(苏州)有限公司,北京·海淀·马连洼,1.9-2.2万,经验不限,本科
软件研发工程师（有Java、C、C++、Python、go、JS等）,外企德科数字技术有限公司,成都·郫都·合作街道,1.2-2.4万·14薪,经验不限,本科
软件研发工程师（有Java、C、C++、Python、go、JS等）,外企德科数字技术有限公司,成都·郫都·合作街道,1.2-2.4万·14薪,经验不限,本科
C++工程师,杭开控股集团有限公司,杭州·余杭·五常,1-1.5万,3-5年,本科
C++工程师,杭开控股集团有限公司,杭州·余杭·五常,1-1.5万,3-5年,本科
c++程序员(大厂 高薪),南京广育鑫澄科技有限公司,西安·长安·郭杜,1.5-3万·14薪,3-5年,本科
c++程序员(大厂 高薪),南京广育鑫澄科技有限公司,西安·长安·郭杜,1.5-3万·14薪,3-5年,本科
C/C++/python/js/GO/测试（所有语言都有招聘）,外企德科数字技术有限公司,上海·青浦·金泽,1.3-2.6万·14薪,经验不限,本科
C/C++/python/js/GO/测试（所有语言都有招聘）,外企德科数字技术有限公司,上海·青浦·金泽,1.3-2.6万·14薪,经验不限,本科
C++开发工程师,深圳市法本信息技术股份有限公司,北京·顺义·高丽营,1.7-2.3万,3-5年,本科
C++开发工程师,深圳市法本信息技术股份有限公司,北京·顺义·高丽营,1.7-2.3万,3-5年,本科
短期c++（驻场 线上面试 日薪1000）,上海信息人才服务有限公司,上海·静安·彭浦,1.7-2.2万,5-10年,本科
短期c++（驻场 线上面试 日薪1000）,上海信息人才服务有限公司,上海·静安·彭浦,1.7-2.2万,5-10年,本科
Java/C++/C/Python/web/Go/测试/安卓,外企德科数字技术有限公司,苏州·工业园区,1-2万,经验不限,本科
Java/C++/C/Python/web/Go/测试/安卓,外企德科数字技术有限公司,苏州·工业园区,1-2万,经验不限,本科
按键精灵或C++开发,合肥天泽网络科技有限公司,合肥·蜀山·南七,1-1.5万,1-3年,大专
按键精灵或C++开发,合肥天泽网络科技有限公司,合肥·蜀山·南七,1-1.5万,1-3年,大专
算法研发工程师（C++开发）,上海得物信息集团有限公司,上海·杨浦·大桥,2-3万,无经验,硕士
算法研发工程师（C++开发）,上海得物信息集团有限公司,上海·杨浦·大桥,2-3万,无经验,硕士
java/c++/python后端开发,外企德科数字技术有限公司,深圳·龙华·观湖,1.9-3.5万·15薪,经验不限,本科
java/c++/python后端开发,外企德科数字技术有限公司,深圳·龙华·观湖,1.9-3.5万·15薪,经验不限,本科
赴日C/C++开发工程师,株式会社GSD,日本,1.5-3万·13薪,1-3年,大专
赴日C/C++开发工程师,株式会社GSD,日本,1.5-3万·13薪,1-3年,大专
C++,湖南拓维云创科技有限责任公司,长沙·长沙·榔梨,1.2-2万,1-3年,本科
C++,湖南拓维云创科技有限责任公司,长沙·长沙·榔梨,1.2-2万,1-3年,本科
Java/C/C++/Python/js/软测,外企德科数字技术有限公司,深圳·龙岗·坂田,1.5-3万·14薪,经验不限,学历不限
Java/C/C++/Python/js/软测,外企德科数字技术有限公司,深圳·龙岗·坂田,1.5-3万·14薪,经验不限,学历不限
C++上位机开发工程师（中级）,中科永峰(北京)测控技术有限公司,长沙·岳麓·麓谷,9000-13000元,5-10年,本科
C++上位机开发工程师（中级）,中科永峰(北京)测控技术有限公司,长沙·岳麓·麓谷,9000-13000元,5-10年,本科
C++/通信信号处理软件方向(双休）,武汉瓴带科技有限公司,武汉·洪山,1.6-3万,1-3年,本科
C++/通信信号处理软件方向(双休）,武汉瓴带科技有限公司,武汉·洪山,1.6-3万,1-3年,本科
java/c++/C/Python/前端开发工程师,外企德科数字技术有限公司,苏州·虎丘,1.5-3万·14薪,经验不限,本科
java/c++/C/Python/前端开发工程师,外企德科数字技术有限公司,苏州·虎丘,1.5-3万·14薪,经验不限,本科
C++三维图形开发工程师,湖南三岳数维科技有限公司,北京·朝阳·建外,1.5-1.9万,3-5年,本科
C++三维图形开发工程师,湖南三岳数维科技有限公司,北京·朝阳·建外,1.5-1.9万,3-5年,本科
C++/QT,河南省爱普尔信息科技有限公司,郑州·惠济·迎宾路,1-1.5万,3-5年,本科
C++/QT,河南省爱普尔信息科技有限公司,郑州·惠济·迎宾路,1-1.5万,3-5年,本科
C++/QT,河南省爱普尔信息科技有限公司,郑州·惠济·迎宾路,1-1.5万,3-5年,本科
C++/QT,河南省爱普尔信息科技有限公司,郑州·惠济·迎宾路,1-1.5万,3-5年,本科
Java/C/C++/JS/python/测试/运维开发/数据（接受24届无经验、考研断档）,外企德科数字技术有限公司,南京·雨花台·雨花,1.7-3万·14薪,经验不限,本科
Java/C/C++/JS/python/测试/运维开发/数据（接受24届无经验、考研断档）,外企德科数字技术有限公司,南京·雨花台·雨花,1.7-3万·14薪,经验不限,本科
C++软件工程师,北京清航紫荆装备科技有限公司,北京·延庆·康庄,1.3-2.6万·13薪,经验不限,本科
C++软件工程师,北京清航紫荆装备科技有限公司,北京·延庆·康庄,1.3-2.6万·13薪,经验不限,本科
c++高级软件工程师,逻辑重构(四川)工业技术有限公司,成都·双流·兴隆,1.2-1.8万,5-10年,本科
c++高级软件工程师,逻辑重构(四川)工业技术有限公司,成都·双流·兴隆,1.2-1.8万,5-10年,本科
c++软件研发工程师,外企德科数字技术有限公司,深圳·龙岗·坂田,1.5-3万·14薪,经验不限,本科
c++软件研发工程师,外企德科数字技术有限公司,深圳·龙岗·坂田,1.5-3万·14薪,经验不限,本科
c++软件工程师,中原动力智能机器人有限公司,郑州·金水·杨金路,1-1.5万,3-5年,本科
c++软件工程师,中原动力智能机器人有限公司,郑州·金水·杨金路,1-1.5万,3-5年,本科
C++架构师（安全领域）,广东国腾量子科技有限公司,广州·黄埔·萝岗,1.8-3万,5-10年,本科
C++架构师（安全领域）,广东国腾量子科技有限公司,广州·黄埔·萝岗,1.8-3万,5-10年,本科
C/C++软件开发工程师,外企德科数字技术有限公司,北京·海淀,1.2-2.4万·14薪,经验不限,本科
C/C++软件开发工程师,外企德科数字技术有限公司,北京·海淀,1.2-2.4万·14薪,经验不限,本科
ISP图像工程师（C语言和C++，嵌入式linux系统）,深圳市思创奇科技有限公司,深圳·龙岗·坂田,1.5-2.5万·13薪,1-3年,本科
ISP图像工程师（C语言和C++，嵌入式linux系统）,深圳市思创奇科技有限公司,深圳·龙岗·坂田,1.5-2.5万·13薪,1-3年,本科
C++(短期项目2-3个月）,上海信息人才服务有限公司,上海·静安·大宁路,1.8-2.3万,3-5年,本科
C++(短期项目2-3个月）,上海信息人才服务有限公司,上海·静安·大宁路,1.8-2.3万,3-5年,本科
java\python\c\c++\go\js(双休五险一金年终奖),外企德科数字技术有限公司,上海·青浦·金泽,1.5-3万·14薪,经验不限,本科
java\python\c\c++\go\js(双休五险一金年终奖),外企德科数字技术有限公司,上海·青浦·金泽,1.5-3万·14薪,经验不限,本科
Python软件& C++工程师,重庆毅睿科技有限公司,重庆·渝北·宝圣湖,1-2万·13薪,3-5年,本科
Python软件& C++工程师,重庆毅睿科技有限公司,重庆·渝北·宝圣湖,1-2万·13薪,3-5年,本科
C++开发（QT方向）,软通动力信息技术(集团)股份有限公司,广州·黄埔·萝岗,1.7-2.2万,3-5年,本科
C++开发（QT方向）,软通动力信息技术(集团)股份有限公司,广州·黄埔·萝岗,1.7-2.2万,3-5年,本科
Java/C/C++软件开发/测试工程师（双休+五险一金+年终奖）,外企德科数字技术有限公司,苏州·工业园区,1.9-3.5万·16薪,经验不限,本科
Java/C/C++软件开发/测试工程师（双休+五险一金+年终奖）,外企德科数字技术有限公司,苏州·工业园区,1.9-3.5万·16薪,经验不限,本科
c++高级软件工程师,河南微星讯科技有限公司,郑州·中原·石佛,9000-13000元,3-5年,本科
c++高级软件工程师,河南微星讯科技有限公司,郑州·中原·石佛,9000-13000元,3-5年,本科
C++开发工程师,深圳市远东华强导航定位有限公司石家庄分公司,石家庄·鹿泉·鹿泉经开区,1-1.5万,经验不限,硕士
C++开发工程师,深圳市远东华强导航定位有限公司石家庄分公司,石家庄·鹿泉·鹿泉经开区,1-1.5万,经验不限,硕士
Java/Python/C/C++/测试/算法/前端岗,外企德科数字技术有限公司,深圳·龙岗·坂田,1.2-2.4万·14薪,经验不限,本科
Java/Python/C/C++/测试/算法/前端岗,外企德科数字技术有限公司,深圳·龙岗·坂田,1.2-2.4万·14薪,经验不限,本科
c++开发工程师,河南微星讯科技有限公司,郑州·中原·沟赵,6000-12000元,3-5年,本科
c++开发工程师,河南微星讯科技有限公司,郑州·中原·沟赵,6000-12000元,3-5年,本科
C++软件开发工程师,深圳市杰普特光电股份有限公司,济南·历城·彩石,8000-16000元,经验不限,本科
C++软件开发工程师,深圳市杰普特光电股份有限公司,济南·历城·彩石,8000-16000元,经验不限,本科
Java/C++/python/c/算法岗位,外企德科数字技术有限公司,北京·海淀,1.5-3万,经验不限,本科
Java/C++/python/c/算法岗位,外企德科数字技术有限公司,北京·海淀,1.5-3万,经验不限,本科
C/C++软件工程师,华航高科(北京)技术有限公司,成都·武侯·华兴,1.1-2.2万,无经验,本科
C/C++软件工程师,华航高科(北京)技术有限公司,成都·武侯·华兴,1.1-2.2万,无经验,本科
C/C++软件工程师,华航高科(北京)技术有限公司,成都·武侯·华兴,1.1-2.2万,无经验,本科
C/C++软件工程师,华航高科(北京)技术有限公司,成都·武侯·华兴,1.1-2.2万,无经验,本科
C++软件开发工程师,深圳市杰普特光电股份有限公司,深圳·南山·粤海,1-2万,经验不限,本科
C++软件开发工程师,深圳市杰普特光电股份有限公司,深圳·南山·粤海,1-2万,经验不限,本科
Java/C/C++/Python/前端/测试（接受应届）,外企德科数字技术有限公司,深圳·龙岗·坂田,1.2-1.3万·14薪,经验不限,本科
Java/C/C++/Python/前端/测试（接受应届）,外企德科数字技术有限公司,深圳·龙岗·坂田,1.2-1.3万·14薪,经验不限,本科
c++高级软件工程师,广东大黄蜂机器人有限公司,广州·白云·钟落潭,1-1.6万,1-3年,大专
c++高级软件工程师,广东大黄蜂机器人有限公司,广州·白云·钟落潭,1-1.6万,1-3年,大专
车载嵌入式C++开发-长期项目-反馈快,软通动力信息技术(集团)股份有限公司,成都·双流·华阳,1.2-1.5万,3-5年,大专
车载嵌入式C++开发-长期项目-反馈快,软通动力信息技术(集团)股份有限公司,成都·双流·华阳,1.2-1.5万,3-5年,大专
JAVA /C++/js/Python/测试开发工程师（接受应届，导师带教）,外企德科数字技术有限公司,深圳·龙岗·坂田,1.5-3万·14薪,经验不限,本科
JAVA /C++/js/Python/测试开发工程师（接受应届，导师带教）,外企德科数字技术有限公司,深圳·龙岗·坂田,1.5-3万·14薪,经验不限,本科
Qt/C++中级研发工程师,北京机械设备研究所,长沙·开福·东风路,1.5-1.8万,无经验,硕士
Qt/C++中级研发工程师,北京机械设备研究所,长沙·开福·东风路,1.5-1.8万,无经验,硕士
C++架构师（鸿蒙方向/外包）,恩士迅信息科技(中国)有限责任公司,武汉·洪山·花山,1.5-2.1万,5-10年,本科
C++架构师（鸿蒙方向/外包）,恩士迅信息科技(中国)有限责任公司,武汉·洪山·花山,1.5-2.1万,5-10年,本科
Java/C++/python/c/算法岗位,外企德科数字技术有限公司,东莞·大朗镇,1.5-3万,经验不限,本科
Java/C++/python/c/算法岗位,外企德科数字技术有限公司,东莞·大朗镇,1.5-3万,经验不限,本科
C++软件工程师,苏州烨辰科技有限公司,苏州·工业园区,1.3-1.5万,3-5年,本科
C++软件工程师,苏州烨辰科技有限公司,苏州·工业园区,1.3-1.5万,3-5年,本科
c++开发（双休）,济南银狐网络科技有限公司,济南·历下·舜华路,9000-12000元,3-5年,本科
c++开发（双休）,济南银狐网络科技有限公司,济南·历下·舜华路,9000-12000元,3-5年,本科
初级/中级c++软件开发工程师（可转语言）,外企德科数字技术有限公司,杭州·滨江·长河,1.2-2.4万·14薪,经验不限,本科
初级/中级c++软件开发工程师（可转语言）,外企德科数字技术有限公司,杭州·滨江·长河,1.2-2.4万·14薪,经验不限,本科
C++开发-英语流利,大连思泰克科技有限公司,上海·浦东·三林,2-2.8万,5-10年,本科
C++开发-英语流利,大连思泰克科技有限公司,上海·浦东·三林,2-2.8万,5-10年,本科
c++软件研发工程师,珠海贝尔科技有限公司,珠海·金湾区·红旗镇,1.5-2.5万,3-5年,大专
c++软件研发工程师,珠海贝尔科技有限公司,珠海·金湾区·红旗镇,1.5-2.5万,3-5年,大专
初级/中级c++软件开发工程师（可转语言）,外企德科数字技术有限公司,西安·雁塔·漳浒寨,1.2-2.4万·14薪,经验不限,本科
初级/中级c++软件开发工程师（可转语言）,外企德科数字技术有限公司,西安·雁塔·漳浒寨,1.2-2.4万·14薪,经验不限,本科
C++/通信信号处理软件方向(双休）,武汉瓴带科技有限公司,武汉·洪山,1.6-2.6万,1-3年,本科
C++/通信信号处理软件方向(双休）,武汉瓴带科技有限公司,武汉·洪山,1.6-2.6万,1-3年,本科
软件开发实习生（C++/Qt）,南京起拓科技有限公司,南京·浦口·顶山,150-200元/天,无经验,本科
软件开发实习生（C++/Qt）,南京起拓科技有限公司,南京·浦口·顶山,150-200元/天,无经验,本科
测试/前端/后端开发工程师Java/C/C++/Python,外企德科数字技术有限公司,上海·浦东·金桥,1.5-2.8万·14薪,经验不限,本科
测试/前端/后端开发工程师Java/C/C++/Python,外企德科数字技术有限公司,上海·浦东·金桥,1.5-2.8万·14薪,经验不限,本科
c++高级软件工程师,广州江杰网络科技有限公司,广州·白云·嘉禾,1-1.7万,1-3年,学历不限
c++高级软件工程师,广州江杰网络科技有限公司,广州·白云·嘉禾,1-1.7万,1-3年,学历不限
雷达软件开发实习生(C++/Qt),南京起拓科技有限公司,南京·浦口·顶山,150-200元/天,无经验,本科
雷达软件开发实习生(C++/Qt),南京起拓科技有限公司,南京·浦口·顶山,150-200元/天,无经验,本科
后/前端开发、测试【24/25/无经验也可投】接受java、c＋＋、js不限语言,外企德科数字技术有限公司,成都·郫都·合作街道,1.5-3万·14薪,经验不限,本科
后/前端开发、测试【24/25/无经验也可投】接受java、c＋＋、js不限语言,外企德科数字技术有限公司,成都·郫都·合作街道,1.5-3万·14薪,经验不限,本科
后/前端开发、测试【24/25/无经验也可投】接受java、c＋＋、js不限语言,外企德科数字技术有限公司,成都·郫都·合作街道,1.5-3万·14薪,经验不限,本科
后/前端开发、测试【24/25/无经验也可投】接受java、c＋＋、js不限语言,外企德科数字技术有限公司,成都·郫都·合作街道,1.5-3万·14薪,经验不限,本科
C++软件工程师,上海汉中诺软件科技有限公司,青岛·崂山·中韩,2-4万,3-5年,本科
C++软件工程师,上海汉中诺软件科技有限公司,青岛·崂山·中韩,2-4万,3-5年,本科
【校园招聘】软件开发工程师（C/C++;Java）,山东信通电子股份有限公司,青岛·崂山·中韩,1-2万·13薪,无经验,硕士
【校园招聘】软件开发工程师（C/C++;Java）,山东信通电子股份有限公司,青岛·崂山·中韩,1-2万·13薪,无经验,硕士
C/C++软件开发工程师（初中高级均有岗位）,外企德科数字技术有限公司,成都·郫都·合作街道,1.3-2.6万·14薪,3-5年,本科
C/C++软件开发工程师（初中高级均有岗位）,外企德科数字技术有限公司,成都·郫都·合作街道,1.3-2.6万·14薪,3-5年,本科
C++软件工程师,上海汉中诺软件科技有限公司,上海·浦东·康桥,2-4万,3-5年,本科
C++软件工程师,上海汉中诺软件科技有限公司,上海·浦东·康桥,2-4万,3-5年,本科
C++工程师,恒华科技,北京·东城·和平里,1.2-2万,1-3年,本科
C++工程师,恒华科技,北京·东城·和平里,1.2-2万,1-3年,本科
Java/python/C/C++/JS前后端软件开发工程师,外企德科数字技术有限公司,东莞·大朗镇,1.3-2.6万·14薪,经验不限,本科
Java/python/C/C++/JS前后端软件开发工程师,外企德科数字技术有限公司,东莞·大朗镇,1.3-2.6万·14薪,经验不限,本科
C++开发工程师,哈尔滨新光光电科技股份有限公司,哈尔滨·松北·松北街道,8000-10000元,3-5年,本科
C++开发工程师,哈尔滨新光光电科技股份有限公司,哈尔滨·松北·松北街道,8000-10000元,3-5年,本科
C++开发工程师,中华通信系统有限责任公司河北分公司,石家庄·桥西·友谊,7000-13000元,1-3年,本科
C++开发工程师,中华通信系统有限责任公司河北分公司,石家庄·桥西·友谊,7000-13000元,1-3年,本科
java/c++/C/Python/前端开发工程师,外企德科数字技术有限公司,西安·雁塔·漳浒寨,1.5-3万·14薪,经验不限,本科
java/c++/C/Python/前端开发工程师,外企德科数字技术有限公司,西安·雁塔·漳浒寨,1.5-3万·14薪,经验不限,本科
C++软件工程师,爱思助手,深圳·粤海,1.5-2.5万,3-5年,本科
C++软件工程师,爱思助手,深圳·粤海,1.5-2.5万,3-5年,本科
c++程序员,长春建业集团股份有限公司,杭州·余杭·仓前,1-1.8万,1-3年,本科
c++程序员,长春建业集团股份有限公司,杭州·余杭·仓前,1-1.8万,1-3年,本科
C/C++/Java/Python/JS软件开发/算法/数据,外企德科数字技术有限公司,广州·白云·松洲,1.7-3万·15薪,经验不限,本科
C/C++/Java/Python/JS软件开发/算法/数据,外企德科数字技术有限公司,广州·白云·松洲,1.7-3万·15薪,经验不限,本科
鸿蒙应用C++/ArkTS开发工程师,西安宜品康华健康科技有限公司,深圳·南山·粤海,2-3.5万,1-3年,本科
鸿蒙应用C++/ArkTS开发工程师,西安宜品康华健康科技有限公司,深圳·南山·粤海,2-3.5万,1-3年,本科
c++开发工程师,长春建业集团股份有限公司,杭州·余杭·仓前,1-1.8万,1-3年,本科
c++开发工程师,长春建业集团股份有限公司,杭州·余杭·仓前,1-1.8万,1-3年,本科
C/C++/Java/Python/JS软件开发/算法/数据,外企德科数字技术有限公司,深圳·龙岗·坂田,1.7-3万·15薪,经验不限,本科
C/C++/Java/Python/JS软件开发/算法/数据,外企德科数字技术有限公司,深圳·龙岗·坂田,1.7-3万·15薪,经验不限,本科
c++软件工程师,郑州畅想高科股份有限公司,郑州·中原·沟赵,8000-12000元,1-3年,本科
c++软件工程师,郑州畅想高科股份有限公司,郑州·中原·沟赵,8000-12000元,1-3年,本科
C++软件研发工程师,北京康吉森交通设备有限公司,北京·顺义·空港,8000-15000元,1-3年,本科
C++软件研发工程师,北京康吉森交通设备有限公司,北京·顺义·空港,8000-15000元,1-3年,本科
Java/C++/C/Python/前端/测试（接受应届）,外企德科数字技术有限公司,武汉·江夏·豹澥,1.4-2.1万·14薪,经验不限,本科
Java/C++/C/Python/前端/测试（接受应届）,外企德科数字技术有限公司,武汉·江夏·豹澥,1.4-2.1万·14薪,经验不限,本科
C++开发工程师（13薪公积金全额),中软国际,西安·雁塔·漳浒寨,面议,1-3年,本科
C++开发工程师（13薪公积金全额),中软国际,西安·雁塔·漳浒寨,面议,1-3年,本科
C++算法工程师（后处理方向）,北京软通智慧科技有限公司,深圳·罗湖·东门,2-3.5万,5-10年,本科
C++算法工程师（后处理方向）,北京软通智慧科技有限公司,深圳·罗湖·东门,2-3.5万,5-10年,本科
C++算法工程师（后处理方向）,北京软通智慧科技有限公司,深圳·罗湖·东门,2-3.5万,5-10年,本科
C++算法工程师（后处理方向）,北京软通智慧科技有限公司,深圳·罗湖·东门,2-3.5万,5-10年,本科
java/c++/C/Python/前端开发工程师,外企德科数字技术有限公司,杭州·滨江·长河,1.5-3万·14薪,经验不限,本科
java/c++/C/Python/前端开发工程师,外企德科数字技术有限公司,杭州·滨江·长河,1.5-3万·14薪,经验不限,本科
C++开发工程师,上海影火智能科技有限公司,上海·闵行·浦江,8000-14000元,1-3年,本科
C++开发工程师,上海影火智能科技有限公司,上海·闵行·浦江,8000-14000元,1-3年,本科
QT C++工程师,上海斌析软件科技有限公司,上海·闵行·吴泾,1.2-1.8万,1-3年,本科
QT C++工程师,上海斌析软件科技有限公司,上海·闵行·吴泾,1.2-1.8万,1-3年,本科
java/c++/python后端开发/软件测试,外企德科数字技术有限公司,西安·雁塔·丈八沟,1.5-3万·16薪,经验不限,本科
java/c++/python后端开发/软件测试,外企德科数字技术有限公司,西安·雁塔·丈八沟,1.5-3万·16薪,经验不限,本科
c++软件研发工程师,湖南国科鸿飞科技有限公司,北京·昌平·回龙观,1.2-2.2万·13薪,3-5年,本科
c++软件研发工程师,湖南国科鸿飞科技有限公司,北京·昌平·回龙观,1.2-2.2万·13薪,3-5年,本科
C++/Qt上位机开发工程师,长春市芯捷科技有限公司,长春·朝阳,4000-8000元,经验不限,本科
C++/Qt上位机开发工程师,长春市芯捷科技有限公司,长春·朝阳,4000-8000元,经验不限,本科
c++开发工程师/项目经理,外企德科数字技术有限公司,西安·雁塔·丈八沟,1.3-2.6万·14薪,经验不限,学历不限
c++开发工程师/项目经理,外企德科数字技术有限公司,西安·雁塔·丈八沟,1.3-2.6万·14薪,经验不限,学历不限
QT / C++软件工程师,湖南国科鸿飞科技有限公司,长沙·岳麓·麓谷,1.1-1.9万,3-5年,本科
QT / C++软件工程师,湖南国科鸿飞科技有限公司,长沙·岳麓·麓谷,1.1-1.9万,3-5年,本科
C++开发工程师,深圳市睿服科技有限公司,深圳·南山·招商,1.1-1.8万,3-5年,本科
C++开发工程师,深圳市睿服科技有限公司,深圳·南山·招商,1.1-1.8万,3-5年,本科
Java/C++中高级开发（线上面试，待遇可谈）,外企德科数字技术有限公司,杭州·滨江·长河,1.5-3万,3-5年,本科
Java/C++中高级开发（线上面试，待遇可谈）,外企德科数字技术有限公司,杭州·滨江·长河,1.5-3万,3-5年,本科
C++上位机软件工程师,北京金瑞博科技发展有限公司,呼和浩特·新城,8000-14000元,1-3年,本科
C++上位机软件工程师,北京金瑞博科技发展有限公司,呼和浩特·新城,8000-14000元,1-3年,本科
C++开发工程师,上海金曲信息技术有限公司常州分公司,常州·新北·三井,1.5-2.5万,3-5年,本科
C++开发工程师,上海金曲信息技术有限公司常州分公司,常州·新北·三井,1.5-2.5万,3-5年,本科
后端/前端/GIS/Python/c++,外企德科数字技术有限公司,武汉·江夏·豹澥,1.6-3万·14薪,3-5年,本科
后端/前端/GIS/Python/c++,外企德科数字技术有限公司,武汉·江夏·豹澥,1.6-3万·14薪,3-5年,本科
C++软件工程师,江西博微新技术有限公司,南昌·湖西新建区,1.1-1.8万,3-5年,本科
C++软件工程师,江西博微新技术有限公司,南昌·湖西新建区,1.1-1.8万,3-5年,本科
汽车电子项目经理（Java/Android/C/C++）,东软集团,大连·甘井子·凌水,1.5-2.5万,3-5年,大专
汽车电子项目经理（Java/Android/C/C++）,东软集团,大连·甘井子·凌水,1.5-2.5万,3-5年,大专
Java/C/C++/Python/前端/测试（接受应届）,外企德科数字技术有限公司,深圳·龙岗·坂田,1.3-2.6万·14薪,经验不限,本科
Java/C/C++/Python/前端/测试（接受应届）,外企德科数字技术有限公司,深圳·龙岗·坂田,1.3-2.6万·14薪,经验不限,本科
C/C++高级工程师,西安凯士电子科技有限公司,西安·长安·韦曲,8000-15000元,1-3年,本科
C/C++高级工程师,西安凯士电子科技有限公司,西安·长安·韦曲,8000-15000元,1-3年,本科
C++开发工程师,山东易构软件技术股份有限公司,济南·历下·舜华路,6000-9000元·13薪,无经验,本科
C++开发工程师,山东易构软件技术股份有限公司,济南·历下·舜华路,6000-9000元·13薪,无经验,本科
Java\C\C++\Python软件开发工程师,外企德科数字技术有限公司,杭州·滨江·长河,1.2-2.4万·14薪,经验不限,本科
Java\C\C++\Python软件开发工程师,外企德科数字技术有限公司,杭州·滨江·长河,1.2-2.4万·14薪,经验不限,本科
c/c++测试,西安旭东京晟科技有限公司,西安·碑林·张家村,6000-10000元,1-3年,本科
c/c++测试,西安旭东京晟科技有限公司,西安·碑林·张家村,6000-10000元,1-3年,本科
c/c++测试,西安旭东京晟科技有限公司,西安·碑林·张家村,6000-10000元,1-3年,本科
c/c++测试,西安旭东京晟科技有限公司,西安·碑林·张家村,6000-10000元,1-3年,本科
C++ 软件开发工程师,航天信息系统工程(北京)有限公司,深圳·盐田·梅沙,1.6-2.8万,3-5年,本科
C++ 软件开发工程师,航天信息系统工程(北京)有限公司,深圳·盐田·梅沙,1.6-2.8万,3-5年,本科
Java/C++/C/Python/GO/JS,外企德科数字技术有限公司,南京·江宁·秣陵,1.2-2.4万·15薪,经验不限,本科
Java/C++/C/Python/GO/JS,外企德科数字技术有限公司,南京·江宁·秣陵,1.2-2.4万·15薪,经验不限,本科
c++开发工程师,软通动力信息技术(集团)股份有限公司,深圳·龙岗·平湖,1-1.5万,1-3年,本科
c++开发工程师,软通动力信息技术(集团)股份有限公司,深圳·龙岗·平湖,1-1.5万,1-3年,本科
C++开发,中软国际,武汉·江夏·豹澥,面议,1-3年,本科
C++开发,中软国际,武汉·江夏·豹澥,面议,1-3年,本科
Java/C/C++/Python/JS 软件开发（多部门推荐）,外企德科数字技术有限公司,成都·郫都·合作街道,1.6-3万·14薪,经验不限,本科
Java/C/C++/Python/JS 软件开发（多部门推荐）,外企德科数字技术有限公司,成都·郫都·合作街道,1.6-3万·14薪,经验不限,本科
C/C++开发（双休）,软通动力信息技术(集团)股份有限公司,武汉·江夏·豹澥,7000-14000元,1年以下,本科
C/C++开发（双休）,软通动力信息技术(集团)股份有限公司,武汉·江夏·豹澥,7000-14000元,1年以下,本科
c++算法工程师,深圳市德明利技术股份有限公司,深圳·福田·梅林,1.4-2万·13薪,1-3年,硕士
c++算法工程师,深圳市德明利技术股份有限公司,深圳·福田·梅林,1.4-2万·13薪,1-3年,硕士
Java/python/JS/C++/C#\开发测试都可投递,外企德科数字技术有限公司,深圳·龙岗·坂田,1.5-3万,无经验,本科
Java/python/JS/C++/C#\开发测试都可投递,外企德科数字技术有限公司,深圳·龙岗·坂田,1.5-3万,无经验,本科
"C,C++",软通动力信息技术(集团)股份有限公司,成都·双流·华阳,8000-13000元,1-3年,本科
"C,C++",软通动力信息技术(集团)股份有限公司,成都·双流·华阳,8000-13000元,1-3年,本科
软件开发工程师（JAVA、.NET、VB、COBOL、Android、IOS、PHP、C++/C、SAP、EBS、Sal,株式会社GSD,日本,1.5-3万,3-5年,本科
软件开发工程师（JAVA、.NET、VB、COBOL、Android、IOS、PHP、C++/C、SAP、EBS、Sal,株式会社GSD,日本,1.5-3万,3-5年,本科
C++开发工程师,外企德科数字技术有限公司,杭州·滨江·长河,1.6-3万,经验不限,本科
C++开发工程师,外企德科数字技术有限公司,杭州·滨江·长河,1.6-3万,经验不限,本科
c/c++开发,软通动力信息技术(集团)股份有限公司,南京·江宁·淳化,1.1-2.2万,1-3年,本科
c/c++开发,软通动力信息技术(集团)股份有限公司,南京·江宁·淳化,1.1-2.2万,1-3年,本科
C/C++开发工程师（赴日）,株式会社GSD,日本,2-4万,1-3年,大专
C/C++开发工程师（赴日）,株式会社GSD,日本,2-4万,1-3年,大专
c++软件研发工程师,外企德科数字技术有限公司,上海·青浦·金泽,1.3-2.6万,经验不限,本科
c++软件研发工程师,外企德科数字技术有限公司,上海·青浦·金泽,1.3-2.6万,经验不限,本科
C/C++,陕西慧云联达企业管理咨询有限公司,苏州·工业园区,1.5-3万·16薪,经验不限,本科
C/C++,陕西慧云联达企业管理咨询有限公司,苏州·工业园区,1.5-3万·16薪,经验不限,本科
C++开发工程师,苏州同元软控信息技术有限公司,上海·闵行·颛桥,1.5-2.6万·15薪,1-3年,本科
C++开发工程师,苏州同元软控信息技术有限公司,上海·闵行·颛桥,1.5-2.6万·15薪,1-3年,本科
Java/C/C++软件开发/测试工程师（双休+五险一金+年终奖）,外企德科数字技术有限公司,武汉·江夏·豹澥,1.9-3.5万·16薪,经验不限,本科
Java/C/C++软件开发/测试工程师（双休+五险一金+年终奖）,外企德科数字技术有限公司,武汉·江夏·豹澥,1.9-3.5万·16薪,经验不限,本科
资深C++/qt工程师,成都飞航智云科技有限公司,成都·青羊·苏坡,1-2万·13薪,5-10年,本科
资深C++/qt工程师,成都飞航智云科技有限公司,成都·青羊·苏坡,1-2万·13薪,5-10年,本科
Qt C++工程师（Linux/Windows跨平台桌面应用）,温州博士安全用品有限公司,杭州·萧山·北干,1-1.5万,1-3年,本科
Qt C++工程师（Linux/Windows跨平台桌面应用）,温州博士安全用品有限公司,杭州·萧山·北干,1-1.5万,1-3年,本科
C/C++软件开发工程师（初中高级均有-线上面试）,外企德科数字技术有限公司,深圳·龙岗·坂田,1.5-2.3万·14薪,3-5年,本科
C/C++软件开发工程师（初中高级均有-线上面试）,外企德科数字技术有限公司,深圳·龙岗·坂田,1.5-2.3万·14薪,3-5年,本科
C/C++软件开发工程师（初中高级均有-线上面试）,外企德科数字技术有限公司,深圳·龙岗·坂田,1.5-2.3万·14薪,3-5年,本科
C/C++软件开发工程师（初中高级均有-线上面试）,外企德科数字技术有限公司,深圳·龙岗·坂田,1.5-2.3万·14薪,3-5年,本科
资深C++/qt工程师,成都飞航智云科技有限公司,咸阳·秦都区·上林街道,1.1-2万·13薪,5-10年,本科
资深C++/qt工程师,成都飞航智云科技有限公司,咸阳·秦都区·上林街道,1.1-2万·13薪,5-10年,本科
芯片仿真器（软件）开发工程师（C++）,浙江大学,杭州·萧山·宁围,1-1.5万,经验不限,本科
芯片仿真器（软件）开发工程师（C++）,浙江大学,杭州·萧山·宁围,1-1.5万,经验不限,本科
软件研发工程师（有Java、C、C++、Python、go、JS等）,外企德科数字技术有限公司,深圳·龙岗·坂田,1.2-2.4万·14薪,经验不限,本科
软件研发工程师（有Java、C、C++、Python、go、JS等）,外企德科数字技术有限公司,深圳·龙岗·坂田,1.2-2.4万·14薪,经验不限,本科
初级C++/qt工程师,成都飞航智云科技有限公司,成都·青羊·苏坡,1-1.5万·13薪,经验不限,本科
初级C++/qt工程师,成都飞航智云科技有限公司,成都·青羊·苏坡,1-1.5万·13薪,经验不限,本科
c++、qt软件研发工程师,山东探微科技有限公司,济南·历下·千佛山,8000-15000元,1-3年,本科
c++、qt软件研发工程师,山东探微科技有限公司,济南·历下·千佛山,8000-15000元,1-3年,本科
软件开发工程师-C++,外企德科数字技术有限公司,成都·郫都·合作街道,1.5-3万,经验不限,本科
软件开发工程师-C++,外企德科数字技术有限公司,成都·郫都·合作街道,1.5-3万,经验不限,本科
成都C++/QT岗位,成都飞航智云科技有限公司,成都·青羊·苏坡,1-2万·13薪,5-10年,本科
成都C++/QT岗位,成都飞航智云科技有限公司,成都·青羊·苏坡,1-2万·13薪,5-10年,本科
C++开发工程师,南京国电南思科技发展股份有限公司,南京·江宁·秣陵,1.3-1.6万,1-3年,本科
C++开发工程师,南京国电南思科技发展股份有限公司,南京·江宁·秣陵,1.3-1.6万,1-3年,本科
高薪社保公积金java/C/C++/开发测试工程师,外企德科数字技术有限公司,上海·杨浦·大桥,1-2万,1-3年,大专
高薪社保公积金java/C/C++/开发测试工程师,外企德科数字技术有限公司,上海·杨浦·大桥,1-2万,1-3年,大专
初级C++/qt工程师,成都飞航智云科技有限公司,咸阳·秦都区·上林街道,1-1.5万·13薪,1-3年,本科
初级C++/qt工程师,成都飞航智云科技有限公司,咸阳·秦都区·上林街道,1-1.5万·13薪,1-3年,本科
C/C++开发工程师,武汉达梦数据库股份有限公司,武汉·洪山·左岭,1.5-2万,3-5年,本科
C/C++开发工程师,武汉达梦数据库股份有限公司,武汉·洪山·左岭,1.5-2万,3-5年,本科
Java/C/C++/Python/前端/测试（接受应届）,外企德科数字技术有限公司,深圳·龙岗·坂田,1.6-3万,经验不限,本科
Java/C/C++/Python/前端/测试（接受应届）,外企德科数字技术有限公司,深圳·龙岗·坂田,1.6-3万,经验不限,本科
C++ 开发工程师,北京国芯智科科技发展有限公司,北京·顺义,8000-15000元,1-3年,大专
C++ 开发工程师,北京国芯智科科技发展有限公司,北京·顺义,8000-15000元,1-3年,大专
c/ c++ ROS移动机器人开发工程师,云境商务智能研究院南京有限公司,南京·鼓楼·小市,1-1.2万,1-3年,本科
c/ c++ ROS移动机器人开发工程师,云境商务智能研究院南京有限公司,南京·鼓楼·小市,1-1.2万,1-3年,本科
C/C++/Java/Python/Go通用软件开发/测试,外企德科数字技术有限公司,上海·浦东·金桥,1.5-3万,经验不限,本科
C/C++/Java/Python/Go通用软件开发/测试,外企德科数字技术有限公司,上海·浦东·金桥,1.5-3万,经验不限,本科
C++,四川数聚智造科技有限公司,成都·双流·煎茶,2-3万,3-5年,本科
C++,四川数聚智造科技有限公司,成都·双流·煎茶,2-3万,3-5年,本科
C/C++开发（核心自研、项目稳定、双休）,科锐尔人力资源服务(苏州)有限公司,东莞·大朗镇,1.5-3万·14薪,经验不限,本科
C/C++开发（核心自研、项目稳定、双休）,科锐尔人力资源服务(苏州)有限公司,东莞·大朗镇,1.5-3万·14薪,经验不限,本科
Java/python/JS/C++/测试(核心项目 年终奖,外企德科数字技术有限公司,苏州·工业园区,1.8-3.5万·16薪,经验不限,本科
Java/python/JS/C++/测试(核心项目 年终奖,外企德科数字技术有限公司,苏州·工业园区,1.8-3.5万·16薪,经验不限,本科
C/C++开发,中软国际,深圳·龙岗·坂田,面议,1-3年,本科
C/C++开发,中软国际,深圳·龙岗·坂田,面议,1-3年,本科
C/C++开发（核心自研、大厂、汽车行业）,科锐尔人力资源服务(苏州)有限公司,苏州·工业园区,1.5-3万·14薪,经验不限,本科
C/C++开发（核心自研、大厂、汽车行业）,科锐尔人力资源服务(苏州)有限公司,苏州·工业园区,1.5-3万·14薪,经验不限,本科
C/C++开发（核心自研、大厂、汽车行业）,科锐尔人力资源服务(苏州)有限公司,苏州·工业园区,1.5-3万·14薪,经验不限,本科
C/C++开发（核心自研、大厂、汽车行业）,科锐尔人力资源服务(苏州)有限公司,苏州·工业园区,1.5-3万·14薪,经验不限,本科
JAVA/C++/C/Python 14薪双休 应届生可投,外企德科数字技术有限公司,南京·秦淮·五老村,1.5-3万,经验不限,本科
JAVA/C++/C/Python 14薪双休 应届生可投,外企德科数字技术有限公司,南京·秦淮·五老村,1.5-3万,经验不限,本科
C++开发工程师,山东山大鸥玛软件股份有限公司,济南·历下·舜华路,9000-14000元,3-5年,本科
C++开发工程师,山东山大鸥玛软件股份有限公司,济南·历下·舜华路,9000-14000元,3-5年,本科
C/C++开发（核心自研、项目稳定、双休）,科锐尔人力资源服务(苏州)有限公司,北京·海淀,1.5-3万·14薪,经验不限,本科
C/C++开发（核心自研、项目稳定、双休）,科锐尔人力资源服务(苏州)有限公司,北京·海淀,1.5-3万·14薪,经验不限,本科
Java/C/C++/Python/前端/测试（接受应届）,外企德科数字技术有限公司,苏州·工业园区,1.5-3万·14薪,经验不限,本科
Java/C/C++/Python/前端/测试（接受应届）,外企德科数字技术有限公司,苏州·工业园区,1.5-3万·14薪,经验不限,本科
C++工程师,湖南鼎一致远科技发展股份有限公司,衡阳·衡阳县·西渡镇,8000-12000元,3-5年,本科
C++工程师,湖南鼎一致远科技发展股份有限公司,衡阳·衡阳县·西渡镇,8000-12000元,3-5年,本科
C++ QT软件工程师,佛山市中创电子科技有限公司,佛山·顺德·勒流,6000-12000元,1-3年,本科
C++ QT软件工程师,佛山市中创电子科技有限公司,佛山·顺德·勒流,6000-12000元,1-3年,本科
软件开发工程师(Java/C/C++/Python/Js),外企德科数字技术有限公司,苏州·工业园区,1.5-3万,经验不限,本科
软件开发工程师(Java/C/C++/Python/Js),外企德科数字技术有限公司,苏州·工业园区,1.5-3万,经验不限,本科
C++研发高级工程师,无锡挪瑞科技股份有限公司,北京·西城·展览路,1.5-2万·13薪,3-5年,本科
C++研发高级工程师,无锡挪瑞科技股份有限公司,北京·西城·展览路,1.5-2万·13薪,3-5年,本科
c++软件工程师 周末双休 五险一金,浙江桃园智能科技有限公司,湖州·德清县·阜溪街道,8000-10000元,经验不限,硕士
c++软件工程师 周末双休 五险一金,浙江桃园智能科技有限公司,湖州·德清县·阜溪街道,8000-10000元,经验不限,硕士
软件开发工程师(Java/C/C++/Python/Js),外企德科数字技术有限公司,成都·都江堰·聚源,1.5-3万,经验不限,本科
软件开发工程师(Java/C/C++/Python/Js),外企德科数字技术有限公司,成都·都江堰·聚源,1.5-3万,经验不限,本科
信息学教师c++,福州九色鹿培训学校,福州·台江·鳌峰,8000-12000元,3-5年,本科
信息学教师c++,福州九色鹿培训学校,福州·台江·鳌峰,8000-12000元,3-5年,本科
C++软件工程师（西安）,北京交大思诺科技股份有限公司,西安·雁塔·电子城,9000-12000元,1-3年,本科
C++软件工程师（西安）,北京交大思诺科技股份有限公司,西安·雁塔·电子城,9000-12000元,1-3年,本科
软件开发工程师（c++ Java python),外企德科数字技术有限公司,武汉·江夏·豹澥,1.2-2.4万·14薪,经验不限,本科
软件开发工程师（c++ Java python),外企德科数字技术有限公司,武汉·江夏·豹澥,1.2-2.4万·14薪,经验不限,本科
【2025校招】线下C++主讲,核桃编程,成都·青羊·金沙,1.1-1.6万,无经验,本科
【2025校招】线下C++主讲,核桃编程,成都·青羊·金沙,1.1-1.6万,无经验,本科
c++软件研发工程师,北京现龙科技有限公司,湖州·吴兴区·龙溪街道,1.5-3万,经验不限,硕士
c++软件研发工程师,北京现龙科技有限公司,湖州·吴兴区·龙溪街道,1.5-3万,经验不限,硕士
后/前段开发、测试【24/25/无经验可投】接受java、c++、js不限语言,外企德科数字技术有限公司,西安·雁塔·漳浒寨,1.4-2.8万·14薪,经验不限,本科
后/前段开发、测试【24/25/无经验可投】接受java、c++、js不限语言,外企德科数字技术有限公司,西安·雁塔·漳浒寨,1.4-2.8万·14薪,经验不限,本科
C/C++嵌入式软件开发（高级固件工程师）,新拓尼克科技研发中心 / Syntronic Beijing R&D Center,上海·浦东·唐镇,2-2.5万,5-10年,本科
C/C++嵌入式软件开发（高级固件工程师）,新拓尼克科技研发中心 / Syntronic Beijing R&D Center,上海·浦东·唐镇,2-2.5万,5-10年,本科
C++开发工程师,中软国际,深圳·坂田,面议,1-3年,本科
C++开发工程师,中软国际,深圳·坂田,面议,1-3年,本科
软件工程师（Java/python/JS/C++）,外企德科数字技术有限公司,杭州·滨江·长河,1.5-3万·14薪,经验不限,本科
软件工程师（Java/python/JS/C++）,外企德科数字技术有限公司,杭州·滨江·长河,1.5-3万·14薪,经验不限,本科
Windows C++应用开发工程师,北京微视新纪元科技有限公司,北京·海淀·上地,6000-12000元,1-3年,大专
Windows C++应用开发工程师,北京微视新纪元科技有限公司,北京·海淀·上地,6000-12000元,1-3年,大专
Windows C++应用开发工程师,北京微视新纪元科技有限公司,北京·海淀·上地,6000-12000元,1-3年,大专
Windows C++应用开发工程师,北京微视新纪元科技有限公司,北京·海淀·上地,6000-12000元,1-3年,大专
软件开发工程师（C++或python）,文远知行,广州·海珠·官洲,2-4万·15薪,3-5年,本科
软件开发工程师（C++或python）,文远知行,广州·海珠·官洲,2-4万·15薪,3-5年,本科
软件岗（Java/Python/C/C++/软测/嵌入式等）,外企德科数字技术有限公司,南京·雨花台·雨花,1.4-2.8万·14薪,经验不限,本科
软件岗（Java/Python/C/C++/软测/嵌入式等）,外企德科数字技术有限公司,南京·雨花台·雨花,1.4-2.8万·14薪,经验不限,本科
20k+中高级c++工程师,湖州轩逸人力资源服务有限公司,北京·朝阳·酒仙桥,2-3万,经验不限,本科
20k+中高级c++工程师,湖州轩逸人力资源服务有限公司,北京·朝阳·酒仙桥,2-3万,经验不限,本科
软件开发工程师（C++或python）,文远知行,深圳·宝安·新安,2-4万·15薪,3-5年,本科
软件开发工程师（C++或python）,文远知行,深圳·宝安·新安,2-4万·15薪,3-5年,本科
C++技术经理（英语）,外企德科数字技术有限公司,上海·黄浦·五里桥,3-3.5万,5-10年,本科
C++技术经理（英语）,外企德科数字技术有限公司,上海·黄浦·五里桥,3-3.5万,5-10年,本科
C++嵌入式应用开发,重庆群星引力大数据科技有限公司,成都·双流·华阳,1.2-2万,3-5年,本科
C++嵌入式应用开发,重庆群星引力大数据科技有限公司,成都·双流·华阳,1.2-2万,3-5年,本科
软件开发工程师（C++或python）,文远知行,北京·大兴·荣华街道,2-4万·15薪,3-5年,本科
软件开发工程师（C++或python）,文远知行,北京·大兴·荣华街道,2-4万·15薪,3-5年,本科
月薪15-35k/java/c++/python后端开发/算法、测试,外企德科数字技术有限公司,武汉·江夏·豹澥,1.5-3万·14薪,经验不限,学历不限
月薪15-35k/java/c++/python后端开发/算法、测试,外企德科数字技术有限公司,武汉·江夏·豹澥,1.5-3万·14薪,经验不限,学历不限
C++（双休+13薪）,中软国际,西安·雁塔·漳浒寨,面议,1-3年,本科
C++（双休+13薪）,中软国际,西安·雁塔·漳浒寨,面议,1-3年,本科
鸿蒙C++,德科信息有限公司,武汉·洪山·花山,1.6-1.7万,3-5年,本科
鸿蒙C++,德科信息有限公司,武汉·洪山·花山,1.6-1.7万,3-5年,本科
JAVA/C/C++/Python/go/web开发工程师 全国岗14薪，全额社保公积金 应届生/考研/考公失败可投,外企德科数字技术有限公司,广州·白云·松洲,1.5-3万·14薪,经验不限,本科
JAVA/C/C++/Python/go/web开发工程师 全国岗14薪，全额社保公积金 应届生/考研/考公失败可投,外企德科数字技术有限公司,广州·白云·松洲,1.5-3万·14薪,经验不限,本科
C++后端开发工程师,博彦科技承德有限公司,北京·海淀·马连洼,1.7-1.8万,5-10年,本科
C++后端开发工程师,博彦科技承德有限公司,北京·海淀·马连洼,1.7-1.8万,5-10年,本科
嵌入式应用开发C++,软通动力信息技术(集团)股份有限公司,北京·海淀,1.8-3万,5-10年,本科
嵌入式应用开发C++,软通动力信息技术(集团)股份有限公司,北京·海淀,1.8-3万,5-10年,本科
Java/C/C++/Python/前端/测试（接受应届）,外企德科数字技术有限公司,上海·浦东·金桥,1.5-3万·14薪,经验不限,本科
Java/C/C++/Python/前端/测试（接受应届）,外企德科数字技术有限公司,上海·浦东·金桥,1.5-3万·14薪,经验不限,本科
C/C++开发（双休、福利待遇好、多地域、可接受无经验）,科锐尔人力资源服务(苏州)有限公司,深圳·龙岗·坂田,1.5-3万·14薪,经验不限,本科
C/C++开发（双休、福利待遇好、多地域、可接受无经验）,科锐尔人力资源服务(苏州)有限公司,深圳·龙岗·坂田,1.5-3万·14薪,经验不限,本科
C++遥感算法研发工程师,航天科工(北京)空间信息应用股份有限公司,北京·丰台·看丹,1.5-3万,1-3年,硕士
C++遥感算法研发工程师,航天科工(北京)空间信息应用股份有限公司,北京·丰台·看丹,1.5-3万,1-3年,硕士
Java/前端/Python/C/C++/go开发工程师,外企德科数字技术有限公司,南京·雨花台·雨花,1.5-3万·14薪,经验不限,本科
Java/前端/Python/C/C++/go开发工程师,外企德科数字技术有限公司,南京·雨花台·雨花,1.5-3万·14薪,经验不限,本科
C/C++开发（双休、福利待遇好、多地域、可接受无经验）,科锐尔人力资源服务(苏州)有限公司,上海·浦东·金桥,1.5-3万·14薪,经验不限,本科
C/C++开发（双休、福利待遇好、多地域、可接受无经验）,科锐尔人力资源服务(苏州)有限公司,上海·浦东·金桥,1.5-3万·14薪,经验不限,本科
c/c++应用开发工程师,哈尔滨集睿谱光电技术有限公司,哈尔滨·南岗·先锋路,6000-12000元·13薪,经验不限,本科
c/c++应用开发工程师,哈尔滨集睿谱光电技术有限公司,哈尔滨·南岗·先锋路,6000-12000元·13薪,经验不限,本科
C/C++/Java/Python/Go通用软件开发/测试,外企德科数字技术有限公司,杭州·滨江·长河,1.5-3万,经验不限,本科
C/C++/Java/Python/Go通用软件开发/测试,外企德科数字技术有限公司,杭州·滨江·长河,1.5-3万,经验不限,本科
C/C++/Java/Python/Go通用软件开发/测试,外企德科数字技术有限公司,杭州·滨江·长河,1.5-3万,经验不限,本科
C/C++/Java/Python/Go通用软件开发/测试,外企德科数字技术有限公司,杭州·滨江·长河,1.5-3万,经验不限,本科
C/C++开发（双休、福利待遇好、多地域、可接受无经验）,科锐尔人力资源服务(苏州)有限公司,杭州·滨江·长河,1.5-3万·14薪,经验不限,本科
C/C++开发（双休、福利待遇好、多地域、可接受无经验）,科锐尔人力资源服务(苏州)有限公司,杭州·滨江·长河,1.5-3万·14薪,经验不限,本科
C++软件工程师（双休）,博瑞思数智科技(深圳)有限公司,深圳·宝安·航城,1.3-2.2万,3-5年,本科
C++软件工程师（双休）,博瑞思数智科技(深圳)有限公司,深圳·宝安·航城,1.3-2.2万,3-5年,本科
测试/前端/后端开发工程师Java/C/C++/Python,外企德科数字技术有限公司,成都·武侯·桂溪,1.5-2.8万·14薪,经验不限,本科
测试/前端/后端开发工程师Java/C/C++/Python,外企德科数字技术有限公司,成都·武侯·桂溪,1.5-2.8万·14薪,经验不限,本科
C/C++软件工程师（信阳）,阿尔泰科技,洛阳·涧西·重庆路,1.2-1.8万,5-10年,本科
C/C++软件工程师（信阳）,阿尔泰科技,洛阳·涧西·重庆路,1.2-1.8万,5-10年,本科
C++软件开发工程师,中望软件,广州·天河·车陂,180-200元/天,无经验,本科
C++软件开发工程师,中望软件,广州·天河·车陂,180-200元/天,无经验,本科
Java/C/C++/Python/Go+前端+算法+测试+全国,外企德科数字技术有限公司,上海·浦东·金桥,1.5-3万·16薪,经验不限,本科
Java/C/C++/Python/Go+前端+算法+测试+全国,外企德科数字技术有限公司,上海·浦东·金桥,1.5-3万·16薪,经验不限,本科
激光绘图软件开发工程师（C++/图形学）,苏州中辉激光科技有限公司,苏州·吴江·江陵,1.5-3万,5-10年,本科
激光绘图软件开发工程师（C++/图形学）,苏州中辉激光科技有限公司,苏州·吴江·江陵,1.5-3万,5-10年,本科
C/C++内核驱动开发,凯捷中国,上海·浦东·张江,1.5-2.3万·13薪,5-10年,本科
C/C++内核驱动开发,凯捷中国,上海·浦东·张江,1.5-2.3万·13薪,5-10年,本科
软件开发工程师(Java/C/C++/Python/Js),外企德科数字技术有限公司,北京·昌平·史各庄,1.5-3万,经验不限,本科
软件开发工程师(Java/C/C++/Python/Js),外企德科数字技术有限公司,北京·昌平·史各庄,1.5-3万,经验不限,本科
c++开发工程师,软通动力信息技术(集团)股份有限公司,武汉·洪山·花山,1-1.7万,3-5年,本科
c++开发工程师,软通动力信息技术(集团)股份有限公司,武汉·洪山·花山,1-1.7万,3-5年,本科
c++软件研发工程师,深圳华云信息系统科技股份有限公司,深圳·福田·华强北,1.4-1.6万,3-5年,本科
c++软件研发工程师,深圳华云信息系统科技股份有限公司,深圳·福田·华强北,1.4-1.6万,3-5年,本科
月薪15-35k/java/c++/python后端开发/,外企德科数字技术有限公司,深圳·龙岗·坂田,1.5-3万·14薪,经验不限,本科
月薪15-35k/java/c++/python后端开发/,外企德科数字技术有限公司,深圳·龙岗·坂田,1.5-3万·14薪,经验不限,本科
c/c++嵌入式开发工程师,株式会社GSD,日本,2-4万,3-5年,本科
c/c++嵌入式开发工程师,株式会社GSD,日本,2-4万,3-5年,本科
c++程序员,陕西中讯时代信息技术有限公司,石家庄·桥西·友谊,9000-14000元,3-5年,本科
c++程序员,陕西中讯时代信息技术有限公司,石家庄·桥西·友谊,9000-14000元,3-5年,本科
c++开发测试（经验不限1对1带教，14薪，全额五险，全国base）,外企德科数字技术有限公司,上海·浦东·金桥,1.6-2.7万·14薪,经验不限,本科
c++开发测试（经验不限1对1带教，14薪，全额五险，全国base）,外企德科数字技术有限公司,上海·浦东·金桥,1.6-2.7万·14薪,经验不限,本科
c++软件开发工程师（人工智能）,合肥市智能机器人研究院,合肥·蜀山·海恒社区,9000-12000元,1-3年,本科
c++软件开发工程师（人工智能）,合肥市智能机器人研究院,合肥·蜀山·海恒社区,9000-12000元,1-3年,本科
C/C++开发工程师,陕西中讯时代信息技术有限公司,石家庄·桥西·友谊,9000-14000元,3-5年,本科
C/C++开发工程师,陕西中讯时代信息技术有限公司,石家庄·桥西·友谊,9000-14000元,3-5年,本科
c++软件研发工程师,外企德科数字技术有限公司,东莞·大朗镇,1.5-3万·14薪,经验不限,本科
c++软件研发工程师,外企德科数字技术有限公司,东莞·大朗镇,1.5-3万·14薪,经验不限,本科
C++开发工程师,软通动力信息技术(集团)股份有限公司,杭州·滨江·长河,1.7-2万,1-3年,本科
C++开发工程师,软通动力信息技术(集团)股份有限公司,杭州·滨江·长河,1.7-2万,1-3年,本科
c/c++架构师,株式会社GSD,日本,2.4-4.5万·15薪,3-5年,本科
c/c++架构师,株式会社GSD,日本,2.4-4.5万·15薪,3-5年,本科
c/c++架构师,株式会社GSD,日本,2.4-4.5万·15薪,3-5年,本科
c/c++架构师,株式会社GSD,日本,2.4-4.5万·15薪,3-5年,本科
Java/Python/C/C++/数开/测试/算法/前端岗,外企德科数字技术有限公司,苏州·工业园区,1.5-3万·14薪,经验不限,本科
Java/Python/C/C++/数开/测试/算法/前端岗,外企德科数字技术有限公司,苏州·工业园区,1.5-3万·14薪,经验不限,本科
C/C++,软通动力信息技术(集团)股份有限公司,成都·双流·华阳,1-1.5万,1-3年,本科
C/C++,软通动力信息技术(集团)股份有限公司,成都·双流·华阳,1-1.5万,1-3年,本科
高级C++工程师（机器人端侧系统方向）,成都九洲电子信息系统股份有限公司,绵阳·涪城区·创业园街道,1.5-2.5万·13薪,5-10年,本科
高级C++工程师（机器人端侧系统方向）,成都九洲电子信息系统股份有限公司,绵阳·涪城区·创业园街道,1.5-2.5万·13薪,5-10年,本科
Java/Python/C/C++/Web/测试开发,外企德科数字技术有限公司,东莞·大朗镇,1.3-2.6万·16薪,经验不限,本科
Java/Python/C/C++/Web/测试开发,外企德科数字技术有限公司,东莞·大朗镇,1.3-2.6万·16薪,经验不限,本科
c++软件研发工程师,软通动力信息技术(集团)股份有限公司,深圳·福田·沙头,1-1.8万,1-3年,本科
c++软件研发工程师,软通动力信息技术(集团)股份有限公司,深圳·福田·沙头,1-1.8万,1-3年,本科
鸿蒙开发工程师：Android 方向、C++方向,郑州联创优聘信息科技有限公司,深圳·南山·粤海,2.5-4万,1-3年,本科
鸿蒙开发工程师：Android 方向、C++方向,郑州联创优聘信息科技有限公司,深圳·南山·粤海,2.5-4万,1-3年,本科
测试/前端/后端开发工程师Java/C/C++/JS/Python,外企德科数字技术有限公司,深圳·龙岗·坂田,1.4-2.8万·14薪,经验不限,本科
测试/前端/后端开发工程师Java/C/C++/JS/Python,外企德科数字技术有限公司,深圳·龙岗·坂田,1.4-2.8万·14薪,经验不限,本科
C++开发工程师,软通动力信息技术(集团)股份有限公司,武汉·江夏·豹澥,9000-14000元,1-3年,本科
C++开发工程师,软通动力信息技术(集团)股份有限公司,武汉·江夏·豹澥,9000-14000元,1-3年,本科
C++/QT开发工程师,成都邦飞科技有限公司,成都·武侯·肖家河,1-1.5万,3-5年,本科
C++/QT开发工程师,成都邦飞科技有限公司,成都·武侯·肖家河,1-1.5万,3-5年,本科
c/c++/java/python开发/测试【base上海】,外企德科数字技术有限公司,上海·浦东·金桥,1.2-2万·14薪,经验不限,本科
c/c++/java/python开发/测试【base上海】,外企德科数字技术有限公司,上海·浦东·金桥,1.2-2万·14薪,经验不限,本科
C++开发工程师,软通动力信息技术(集团)股份有限公司,武汉·洪山·花山,1.7-2万,1-3年,本科
C++开发工程师,软通动力信息技术(集团)股份有限公司,武汉·洪山·花山,1.7-2万,1-3年,本科
青少编程老师（c++方向、双休+五险一金）,新东方教育科技集团有限公司,南京·玄武·新街口,7000-12000元,经验不限,本科
青少编程老师（c++方向、双休+五险一金）,新东方教育科技集团有限公司,南京·玄武·新街口,7000-12000元,经验不限,本科
java软件开发工程师/C++,外企德科数字技术有限公司,武汉·江夏·豹澥,1.7-2.5万,经验不限,本科
java软件开发工程师/C++,外企德科数字技术有限公司,武汉·江夏·豹澥,1.7-2.5万,经验不限,本科
c++软件研发工程师,软通动力信息技术(集团)股份有限公司,南京·江宁·淳化,1-1.5万,1-3年,本科
c++软件研发工程师,软通动力信息技术(集团)股份有限公司,南京·江宁·淳化,1-1.5万,1-3年,本科
c++软件研发工程师,济南蓝动激光技术有限公司,济南·高新区·舜华路,8000-15000元,经验不限,硕士
c++软件研发工程师,济南蓝动激光技术有限公司,济南·高新区·舜华路,8000-15000元,经验不限,硕士
Java/Python/C/C++/数开/测试/算法/前端岗,外企德科数字技术有限公司,东莞·大朗镇,1.5-3万·14薪,经验不限,本科
Java/Python/C/C++/数开/测试/算法/前端岗,外企德科数字技术有限公司,东莞·大朗镇,1.5-3万·14薪,经验不限,本科
C++,软通动力信息技术(集团)股份有限公司,西安·雁塔·漳浒寨,1-1.5万,1-3年,本科
C++,软通动力信息技术(集团)股份有限公司,西安·雁塔·漳浒寨,1-1.5万,1-3年,本科
c++软件工程师,上海朗裕信息科技有限公司,惠州·惠阳区·西区街道,1-1.5万,3-5年,大专
c++软件工程师,上海朗裕信息科技有限公司,惠州·惠阳区·西区街道,1-1.5万,3-5年,大专
Java/C/C++/python/GO/web/测试,外企德科数字技术有限公司,杭州·滨江·长河,1.3-2.6万,经验不限,本科
Java/C/C++/python/GO/web/测试,外企德科数字技术有限公司,杭州·滨江·长河,1.3-2.6万,经验不限,本科
五险一金---编程/c++老师---无义务课,无锡新文拾教育科技有限公司,无锡·梁溪·清名桥,7000-10000元,1年以下,本科
五险一金---编程/c++老师---无义务课,无锡新文拾教育科技有限公司,无锡·梁溪·清名桥,7000-10000元,1年以下,本科
五险一金---编程/c++老师---无义务课,无锡新文拾教育科技有限公司,无锡·梁溪·清名桥,7000-10000元,1年以下,本科
五险一金---编程/c++老师---无义务课,无锡新文拾教育科技有限公司,无锡·梁溪·清名桥,7000-10000元,1年以下,本科
C++软件开发工程师,中电华鸿科技有限公司,石家庄·鹿泉·鹿泉经开区,8000-10000元,1-3年,硕士
C++软件开发工程师,中电华鸿科技有限公司,石家庄·鹿泉·鹿泉经开区,8000-10000元,1-3年,硕士
C++/前端/Java/Python/C/go开发工程师,外企德科数字技术有限公司,苏州·虎丘,1.5-3万·14薪,经验不限,本科
C++/前端/Java/Python/C/go开发工程师,外企德科数字技术有限公司,苏州·虎丘,1.5-3万·14薪,经验不限,本科
C++开发工程师,合肥超科电子有限公司,合肥·蜀山·南岗,1-1.8万·13薪,3-5年,本科
C++开发工程师,合肥超科电子有限公司,合肥·蜀山·南岗,1-1.8万·13薪,3-5年,本科
C++软件工程师,湖南华宏铁路高新科技开发有限公司,长沙·雨花·雨花亭,2-3万,3-5年,本科
C++软件工程师,湖南华宏铁路高新科技开发有限公司,长沙·雨花·雨花亭,2-3万,3-5年,本科
c/c++开发（接受考研应届，双休，六险一金，免费导师带教）,外企德科数字技术有限公司,深圳·龙岗·坂田,1-2万,经验不限,本科
c/c++开发（接受考研应届，双休，六险一金，免费导师带教）,外企德科数字技术有限公司,深圳·龙岗·坂田,1-2万,经验不限,本科
高级C++开发工程师（深圳）(J10023),深圳市众云网科技有限公司,深圳·南山·粤海,2.5-3.5万,5-10年,本科
高级C++开发工程师（深圳）(J10023),深圳市众云网科技有限公司,深圳·南山·粤海,2.5-3.5万,5-10年,本科
C++(远程面试-五险一金）,湖南拓维云创科技有限责任公司,南京·雨花台·雨花,1-1.3万,1-3年,本科
C++(远程面试-五险一金）,湖南拓维云创科技有限责任公司,南京·雨花台·雨花,1-1.3万,1-3年,本科
C/C++/Java/Python/JS软件开发/算法/数据,外企德科数字技术有限公司,南昌·红谷滩,1.7-3万·15薪,经验不限,本科
C/C++/Java/Python/JS软件开发/算法/数据,外企德科数字技术有限公司,南昌·红谷滩,1.7-3万·15薪,经验不限,本科
产品研发部-C++开发工程师（ROS系统经验）(J10348),天府绛溪实验室,成都·简阳·福田,面议,经验不限,硕士
产品研发部-C++开发工程师（ROS系统经验）(J10348),天府绛溪实验室,成都·简阳·福田,面议,经验不限,硕士
高级c++测试工程师,软通动力信息技术(集团)股份有限公司,厦门·思明·莲前,1.4-1.5万,1-3年,大专
高级c++测试工程师,软通动力信息技术(集团)股份有限公司,厦门·思明·莲前,1.4-1.5万,1-3年,大专
Java/Python/C/C++/Web/测试工程师,外企德科数字技术有限公司,深圳·龙岗·坂田,1.4-2.8万·16薪,经验不限,本科
Java/Python/C/C++/Web/测试工程师,外企德科数字技术有限公司,深圳·龙岗·坂田,1.4-2.8万·16薪,经验不限,本科
安卓Framework开发（C/C++),南京绛门信息科技有限公司,南京·雨花台·铁心桥,1.5-2.2万,经验不限,本科
安卓Framework开发（C/C++),南京绛门信息科技有限公司,南京·雨花台·铁心桥,1.5-2.2万,经验不限,本科
c++高级软件工程师,大族数控,深圳·宝安·福海,2-4万,1-3年,本科
c++高级软件工程师,大族数控,深圳·宝安·福海,2-4万,1-3年,本科
Java/c/c++/python/js软件开发工程师,外企德科数字技术有限公司,杭州·滨江·长河,1.4-2.8万·14薪,经验不限,本科
Java/c/c++/python/js软件开发工程师,外企德科数字技术有限公司,杭州·滨江·长河,1.4-2.8万·14薪,经验不限,本科
高级C++工程师,柔胜刚智能科技(苏州)有限公司,苏州·太仓·城厢,2-2.6万,1-3年,硕士
高级C++工程师,柔胜刚智能科技(苏州)有限公司,苏州·太仓·城厢,2-2.6万,1-3年,硕士
C++软件开发工程师,中联重科,长沙·岳麓·银盆岭,2-3万,5-10年,硕士
C++软件开发工程师,中联重科,长沙·岳麓·银盆岭,2-3万,5-10年,硕士
java/c/c++/python/测试 双休 高薪 五险一金,外企德科数字技术有限公司,南京·雨花台·雨花,1.5-3万·16薪,经验不限,本科
java/c/c++/python/测试 双休 高薪 五险一金,外企德科数字技术有限公司,南京·雨花台·雨花,1.5-3万·16薪,经验不限,本科
C++工程师,招商新智科技有限公司,重庆·南岸·海棠溪,1.2-1.3万,3-5年,本科
C++工程师,招商新智科技有限公司,重庆·南岸·海棠溪,1.2-1.3万,3-5年,本科
c++软件研发工程师,杭州兆华电子股份有限公司,杭州·余杭·中泰,2-2.5万·14薪,3-5年,本科
c++软件研发工程师,杭州兆华电子股份有限公司,杭州·余杭·中泰,2-2.5万·14薪,3-5年,本科
JAVA/C++/C/Python 14薪双休 应届生可投,外企德科数字技术有限公司,西安·雁塔·漳浒寨,1.5-3万,经验不限,本科
JAVA/C++/C/Python 14薪双休 应届生可投,外企德科数字技术有限公司,西安·雁塔·漳浒寨,1.5-3万,经验不限,本科
JAVA/C++/C/Python 14薪双休 应届生可投,外企德科数字技术有限公司,西安·雁塔·漳浒寨,1.5-3万,经验不限,本科
JAVA/C++/C/Python 14薪双休 应届生可投,外企德科数字技术有限公司,西安·雁塔·漳浒寨,1.5-3万,经验不限,本科
c++软件工程师,软通动力信息技术(集团)股份有限公司,深圳·龙岗·平湖,1-1.8万,1-3年,本科
c++软件工程师,软通动力信息技术(集团)股份有限公司,深圳·龙岗·平湖,1-1.8万,1-3年,本科
C++开发工程师（轨道交通）,浙江中控信息产业股份有限公司,杭州·滨江·长河,1.2-2万·14薪,3-5年,本科
C++开发工程师（轨道交通）,浙江中控信息产业股份有限公司,杭州·滨江·长河,1.2-2万·14薪,3-5年,本科
C/C++/Java/Python/Go通用软件开发/测试,外企德科数字技术有限公司,广州·白云·松洲,1.5-3万,经验不限,本科
C/C++/Java/Python/Go通用软件开发/测试,外企德科数字技术有限公司,广州·白云·松洲,1.5-3万,经验不限,本科
c++全栈工程师,深圳市法本信息技术股份有限公司,广州·黄埔·联和,1.5-1.8万,3-5年,本科
c++全栈工程师,深圳市法本信息技术股份有限公司,广州·黄埔·联和,1.5-1.8万,3-5年,本科
c++软件研发工程师,北京瓦特曼智能科技有限公司,长沙·长沙·泉塘,1.5-2.5万,5-10年,本科
c++软件研发工程师,北京瓦特曼智能科技有限公司,长沙·长沙·泉塘,1.5-2.5万,5-10年,本科
JAVA/C++/C/Python 14薪双休 应届生可投,外企德科数字技术有限公司,北京·朝阳·建外,1.5-3万,经验不限,本科
JAVA/C++/C/Python 14薪双休 应届生可投,外企德科数字技术有限公司,北京·朝阳·建外,1.5-3万,经验不限,本科
高级C/C++开发工程师岗,苏州智氪纪元机器人有限公司,重庆·九龙坡·含谷,1.5-2.5万·13薪,3-5年,本科
高级C/C++开发工程师岗,苏州智氪纪元机器人有限公司,重庆·九龙坡·含谷,1.5-2.5万·13薪,3-5年,本科
C++开发工程师,清尘环保技术股份有限公司,深圳·南山·粤海,2-4万,3-5年,本科
C++开发工程师,清尘环保技术股份有限公司,深圳·南山·粤海,2-4万,3-5年,本科
c++高级软件工程师,外企德科数字技术有限公司,深圳·南山·粤海,2.6-3万,5-10年,本科
c++高级软件工程师,外企德科数字技术有限公司,深圳·南山·粤海,2.6-3万,5-10年,本科
资深 C++ 软件工程师,科锐尔人力资源服务(苏州)有限公司,无锡·新吴·旺庄,1.5-1.8万,5-10年,本科
资深 C++ 软件工程师,科锐尔人力资源服务(苏州)有限公司,无锡·新吴·旺庄,1.5-1.8万,5-10年,本科
C++工程师,天津鹰眼智能科技有限公司,天津·和平·劝业场,1.5-2.5万,3-5年,本科
C++工程师,天津鹰眼智能科技有限公司,天津·和平·劝业场,1.5-2.5万,3-5年,本科
Java/C/C++/Python/JS 软件开发（多部门推荐）,外企德科数字技术有限公司,南京·雨花台·雨花,1.6-3万·14薪,经验不限,本科
Java/C/C++/Python/JS 软件开发（多部门推荐）,外企德科数字技术有限公司,南京·雨花台·雨花,1.6-3万·14薪,经验不限,本科
C++ 软件工程师,科锐尔人力资源服务(苏州)有限公司,无锡·新吴·旺庄,1.3-1.7万,5-10年,本科
C++ 软件工程师,科锐尔人力资源服务(苏州)有限公司,无锡·新吴·旺庄,1.3-1.7万,5-10年,本科
视觉工程师（C++）,福建(泉州)先进制造技术研究院,泉州·丰泽区·北峰街道,8000-15000元·13薪,3-5年,本科
视觉工程师（C++）,福建(泉州)先进制造技术研究院,泉州·丰泽区·北峰街道,8000-15000元·13薪,3-5年,本科
Java/C/C++/Python/JS 软件开发（多部门推荐）,外企德科数字技术有限公司,东莞·大朗镇,1.6-3万·14薪,经验不限,本科
Java/C/C++/Python/JS 软件开发（多部门推荐）,外企德科数字技术有限公司,东莞·大朗镇,1.6-3万·14薪,经验不限,本科
C++开发,软通动力信息技术(集团)股份有限公司,深圳·龙岗·坂田,1.2-1.9万,3-5年,本科
C++开发,软通动力信息技术(集团)股份有限公司,深圳·龙岗·坂田,1.2-1.9万,3-5年,本科
C/C++软件工程师(驻马店）,阿尔泰科技,洛阳·涧西·重庆路,1.2-1.8万,5-10年,本科
C/C++软件工程师(驻马店）,阿尔泰科技,洛阳·涧西·重庆路,1.2-1.8万,5-10年,本科
Java/c/c++/python/js软件开发工程师,外企德科数字技术有限公司,南京·雨花台·雨花,1.4-2.8万·14薪,经验不限,本科
Java/c/c++/python/js软件开发工程师,外企德科数字技术有限公司,南京·雨花台·雨花,1.4-2.8万·14薪,经验不限,本科
c++高级软件工程师,中电金信软件有限公司,南京·栖霞·仙林,1.6-2万,3-5年,硕士
c++高级软件工程师,中电金信软件有限公司,南京·栖霞·仙林,1.6-2万,3-5年,硕士
C++地图开发工程师,深圳市法本信息技术股份有限公司,深圳·南山·西丽,1.6-2万,1-3年,大专
C++地图开发工程师,深圳市法本信息技术股份有限公司,深圳·南山·西丽,1.6-2万,1-3年,大专
C++地图开发工程师,深圳市法本信息技术股份有限公司,深圳·南山·西丽,1.6-2万,1-3年,大专
C++地图开发工程师,深圳市法本信息技术股份有限公司,深圳·南山·西丽,1.6-2万,1-3年,大专
c++/python/java/c/算法/测试,外企德科数字技术有限公司,深圳·龙岗·坂田,1.5-3万·14薪,经验不限,本科
c++/python/java/c/算法/测试,外企德科数字技术有限公司,深圳·龙岗·坂田,1.5-3万·14薪,经验不限,本科
AI大数据开发主管工程师（C++开发）,中国一汽,长春·绿园·西新,1.2-2万·16薪,5-10年,本科
AI大数据开发主管工程师（C++开发）,中国一汽,长春·绿园·西新,1.2-2万·16薪,5-10年,本科
C++软件工程师,上海知远察微医疗科技有限公司,上海·嘉定·南翔,2-3.5万,3-5年,本科
C++软件工程师,上海知远察微医疗科技有限公司,上海·嘉定·南翔,2-3.5万,3-5年,本科
c++/python/java/c/算法/测试,外企德科数字技术有限公司,西安·雁塔·漳浒寨,1.5-3万·14薪,经验不限,本科
c++/python/java/c/算法/测试,外企德科数字技术有限公司,西安·雁塔·漳浒寨,1.5-3万·14薪,经验不限,本科
c++程序员,陕西玄度智能科技有限公司,合肥·庐阳·亳州路,5000-10000元,经验不限,本科
c++程序员,陕西玄度智能科技有限公司,合肥·庐阳·亳州路,5000-10000元,经验不限,本科
c++/qt开发工程师,时代亿信,北京·西城·德胜,1-1.5万,1-3年,本科
c++/qt开发工程师,时代亿信,北京·西城·德胜,1-1.5万,1-3年,本科
c++软件研发工程师,外企德科数字技术有限公司,武汉·江夏·豹澥,1-2万·14薪,1-3年,本科
c++软件研发工程师,外企德科数字技术有限公司,武汉·江夏·豹澥,1-2万·14薪,1-3年,本科
C++软件开发,徐工集团,徐州·鼓楼区·东环街道,1.7-3万,3-5年,本科
C++软件开发,徐工集团,徐州·鼓楼区·东环街道,1.7-3万,3-5年,本科
C++老师/编程老师（双休）,广州图灵科教软件有限公司,广州·天河·石牌,1.5-2.8万,3-5年,本科
C++老师/编程老师（双休）,广州图灵科教软件有限公司,广州·天河·石牌,1.5-2.8万,3-5年,本科
测试工程师/软件开发（C/C++、Java、Scala、Python、go，JS/前端/测试等）,外企德科数字技术有限公司,深圳·龙岗·坂田,1.2-2万·14薪,经验不限,本科
测试工程师/软件开发（C/C++、Java、Scala、Python、go，JS/前端/测试等）,外企德科数字技术有限公司,深圳·龙岗·坂田,1.2-2万·14薪,经验不限,本科
c++高级软件工程师,大为医疗(江苏)有限公司,徐州·鼓楼区·金山桥街道,2-4万,3-5年,本科
c++高级软件工程师,大为医疗(江苏)有限公司,徐州·鼓楼区·金山桥街道,2-4万,3-5年,本科
c/c++开发,软通动力信息技术(集团)股份有限公司,成都·双流·华阳,1-1.6万,3-5年,本科
c/c++开发,软通动力信息技术(集团)股份有限公司,成都·双流·华阳,1-1.6万,3-5年,本科
算法工程师/C/C#/C++/java/python/js,外企德科数字技术有限公司,西安·雁塔·漳浒寨,1.3-2.6万·14薪,经验不限,本科
算法工程师/C/C#/C++/java/python/js,外企德科数字技术有限公司,西安·雁塔·漳浒寨,1.3-2.6万·14薪,经验不限,本科
Linux C/C++高级软件工程师（网络方向）,格尔软件,西安·雁塔·丈八沟,1.5-2万,5-10年,本科
Linux C/C++高级软件工程师（网络方向）,格尔软件,西安·雁塔·丈八沟,1.5-2万,5-10年,本科
c++教学导师（高薪课时费双休五险一金）,编程猫,武汉·洪山·关山,1-1.5万,经验不限,本科
c++教学导师（高薪课时费双休五险一金）,编程猫,武汉·洪山·关山,1-1.5万,经验不限,本科
c/c++/java/python开发/测试【base深圳】,外企德科数字技术有限公司,深圳·龙岗·坂田,1.2-1.8万·14薪,经验不限,本科
c/c++/java/python开发/测试【base深圳】,外企德科数字技术有限公司,深圳·龙岗·坂田,1.2-1.8万·14薪,经验不限,本科
C++及JAVA开发工程师,招商证券股份有限公司,深圳·福田·福田街道,7000-14000元,经验不限,本科
C++及JAVA开发工程师,招商证券股份有限公司,深圳·福田·福田街道,7000-14000元,经验不限,本科
石家庄C++开发工程师,沈阳嘉越电力科技有限公司,石家庄·桥西·维明,8000-15000元,1-3年,本科
石家庄C++开发工程师,沈阳嘉越电力科技有限公司,石家庄·桥西·维明,8000-15000元,1-3年,本科
软件岗（Java/Python/C/C++/软测/嵌入式等）,外企德科数字技术有限公司,西安·雁塔·漳浒寨,1.4-2.8万·14薪,经验不限,本科
软件岗（Java/Python/C/C++/软测/嵌入式等）,外企德科数字技术有限公司,西安·雁塔·漳浒寨,1.4-2.8万·14薪,经验不限,本科
高级C++软件工程师(J17048),无锡先导智能装备股份有限公司,上海·闵行·江川路,1.8-3.5万·15薪,5-10年,硕士
高级C++软件工程师(J17048),无锡先导智能装备股份有限公司,上海·闵行·江川路,1.8-3.5万·15薪,5-10年,硕士
高级C++软件工程师(J17048),无锡先导智能装备股份有限公司,上海·闵行·江川路,1.8-3.5万·15薪,5-10年,硕士
高级C++软件工程师(J17048),无锡先导智能装备股份有限公司,上海·闵行·江川路,1.8-3.5万·15薪,5-10年,硕士
c++三维研发工程师（10K-30K）,苍穹数码,武汉·江夏·关东,1-2万,3-5年,本科
c++三维研发工程师（10K-30K）,苍穹数码,武汉·江夏·关东,1-2万,3-5年,本科
软件开发工程师（六险一金-Python/C++/C/shell）,外企德科数字技术有限公司,深圳·龙岗·坂田,1.4-1.9万,1-3年,本科
软件开发工程师（六险一金-Python/C++/C/shell）,外企德科数字技术有限公司,深圳·龙岗·坂田,1.4-1.9万,1-3年,本科
c++开发工程师,诚通互联(北京)科技有限公司,天津·滨海新区·塘沽,1.9-2.5万,3-5年,本科
c++开发工程师,诚通互联(北京)科技有限公司,天津·滨海新区·塘沽,1.9-2.5万,3-5年,本科
北京C++开发工程师,沈阳嘉越电力科技有限公司,北京·海淀·上地,1.2-2.4万,3-5年,本科
北京C++开发工程师,沈阳嘉越电力科技有限公司,北京·海淀·上地,1.2-2.4万,3-5年,本科
java/Python/C/C++/JS/AI算法/软件测试,外企德科数字技术有限公司,杭州·滨江·长河,2-4万,经验不限,本科
java/Python/C/C++/JS/AI算法/软件测试,外企德科数字技术有限公司,杭州·滨江·长河,2-4万,经验不限,本科
EDA软件开发工程师（C++）,成都华微电子科技股份有限公司,成都·武侯·桂溪,1.5-3万,3-5年,硕士
EDA软件开发工程师（C++）,成都华微电子科技股份有限公司,成都·武侯·桂溪,1.5-3万,3-5年,硕士
C++ QT工程师 10k-12k 周末双休,重庆风励人力资源管理有限公司,太原·小店·西温庄,7000-12000元,3-5年,大专
C++ QT工程师 10k-12k 周末双休,重庆风励人力资源管理有限公司,太原·小店·西温庄,7000-12000元,3-5年,大专
C++/C开发工程师,外企德科数字技术有限公司,西安·雁塔·漳浒寨,1.6-3万·14薪,经验不限,本科
C++/C开发工程师,外企德科数字技术有限公司,西安·雁塔·漳浒寨,1.6-3万·14薪,经验不限,本科
C/C++测开,软通动力信息技术(集团)股份有限公司,厦门·思明·莲前,9000-12000元,1-3年,本科
C/C++测开,软通动力信息技术(集团)股份有限公司,厦门·思明·莲前,9000-12000元,1-3年,本科
软件开发/测试/算法 java、c/c++、python、js（可接24/25应届无经验）,智联猎头,武汉·江夏·豹澥,1.5-3万·14薪,经验不限,本科
软件开发/测试/算法 java、c/c++、python、js（可接24/25应届无经验）,智联猎头,武汉·江夏·豹澥,1.5-3万·14薪,经验不限,本科
月薪15-35k/java/c++/python后端开发/,外企德科数字技术有限公司,上海·青浦·金泽,1.7-2.7万,经验不限,本科
月薪15-35k/java/c++/python后端开发/,外企德科数字技术有限公司,上海·青浦·金泽,1.7-2.7万,经验不限,本科
影像效果交付工程师（C++）,软通动力信息技术(集团)股份有限公司,深圳·福田·梅林,1-1.2万,1-3年,本科
影像效果交付工程师（C++）,软通动力信息技术(集团)股份有限公司,深圳·福田·梅林,1-1.2万,1-3年,本科
软件开发/测试/算法 java、c/c++、python、js（可接24/25应届无经验）,智联猎头,成都·都江堰·聚源,1.5-3万·14薪,经验不限,本科
软件开发/测试/算法 java、c/c++、python、js（可接24/25应届无经验）,智联猎头,成都·都江堰·聚源,1.5-3万·14薪,经验不限,本科
c/c++/java/python开发/测试【base西安】,外企德科数字技术有限公司,西安·雁塔·漳浒寨,1-1.8万·14薪,经验不限,本科
c/c++/java/python开发/测试【base西安】,外企德科数字技术有限公司,西安·雁塔·漳浒寨,1-1.8万·14薪,经验不限,本科
c++高级软件工程师,湖南永和阳光生物科技股份有限公司,长沙·岳麓·麓谷,1.8-3.5万,5-10年,本科
c++高级软件工程师,湖南永和阳光生物科技股份有限公司,长沙·岳麓·麓谷,1.8-3.5万,5-10年,本科
软件开发/测试/算法 java、c/c++、python、js（可接24/25应届无经验）,智联猎头,东莞·寮步镇,1.5-3万·14薪,经验不限,本科
软件开发/测试/算法 java、c/c++、python、js（可接24/25应届无经验）,智联猎头,东莞·寮步镇,1.5-3万·14薪,经验不限,本科
c++高级软件工程师,外企德科数字技术有限公司,成都·都江堰·聚源,1.5-2.6万,经验不限,本科
c++高级软件工程师,外企德科数字技术有限公司,成都·都江堰·聚源,1.5-2.6万,经验不限,本科
c++软件开发工程师,成都主导科技有限责任公司,成都·青羊·文家,1.2-2万·13薪,无经验,硕士
c++软件开发工程师,成都主导科技有限责任公司,成都·青羊·文家,1.2-2万·13薪,无经验,硕士
软件开发/测试/算法 java、c/c++、python、js（可接24/25应届无经验）,智联猎头,南京·雨花台·雨花,1.5-3万·14薪,经验不限,本科
软件开发/测试/算法 java、c/c++、python、js（可接24/25应届无经验）,智联猎头,南京·雨花台·雨花,1.5-3万·14薪,经验不限,本科
JAVA/C/C++/Python/go/web开发工程师,外企德科数字技术有限公司,成都·郫都·合作街道,1.8-3.5万·15薪,经验不限,本科
JAVA/C/C++/Python/go/web开发工程师,外企德科数字技术有限公司,成都·郫都·合作街道,1.8-3.5万·15薪,经验不限,本科
JAVA/C/C++/Python/go/web开发工程师,外企德科数字技术有限公司,成都·郫都·合作街道,1.8-3.5万·15薪,经验不限,本科
JAVA/C/C++/Python/go/web开发工程师,外企德科数字技术有限公司,成都·郫都·合作街道,1.8-3.5万·15薪,经验不限,本科
Linux C++,上海朗裕信息科技有限公司,惠州·惠城区·江北街道,1-1.5万,3-5年,大专
Linux C++,上海朗裕信息科技有限公司,惠州·惠城区·江北街道,1-1.5万,3-5年,大专
软件开发/测试/算法 java、c/c++、python、js（可接24/25应届无经验）,智联猎头,上海·浦东·金桥,1.5-3万·14薪,经验不限,本科
软件开发/测试/算法 java、c/c++、python、js（可接24/25应届无经验）,智联猎头,上海·浦东·金桥,1.5-3万·14薪,经验不限,本科
Java/python/C/C++/JS前后端软件开发工程师,外企德科数字技术有限公司,成都·郫都·合作街道,1.3-2.6万·14薪,经验不限,本科
Java/python/C/C++/JS前后端软件开发工程师,外企德科数字技术有限公司,成都·郫都·合作街道,1.3-2.6万·14薪,经验不限,本科
沈阳C++开发工程师,沈阳嘉越电力科技有限公司,沈阳·浑南·白塔,1-1.8万,3-5年,本科
沈阳C++开发工程师,沈阳嘉越电力科技有限公司,沈阳·浑南·白塔,1-1.8万,3-5年,本科
软件开发/测试/算法 java、c/c++、python、js（可接24/25应届无经验）,智联猎头,深圳·龙岗·坂田,1.5-3万·14薪,经验不限,本科
软件开发/测试/算法 java、c/c++、python、js（可接24/25应届无经验）,智联猎头,深圳·龙岗·坂田,1.5-3万·14薪,经验不限,本科
Java/C/C++/JS/python/测试/运维开发/数据（接受24届无经验、考研断档）,外企德科数字技术有限公司,苏州·虎丘,1.7-3万·14薪,经验不限,本科
Java/C/C++/JS/python/测试/运维开发/数据（接受24届无经验、考研断档）,外企德科数字技术有限公司,苏州·虎丘,1.7-3万·14薪,经验不限,本科
C# （C++）软件开发工程师,北京中远通科技有限公司,北京·昌平·史各庄,1.5-2万,3-5年,本科
C# （C++）软件开发工程师,北京中远通科技有限公司,北京·昌平·史各庄,1.5-2万,3-5年,本科
软件开发/测试/算法 java、c/c++、python、js（可接24/25应届无经验）,智联猎头,北京·昌平·北七家,1.5-3万·14薪,经验不限,本科
软件开发/测试/算法 java、c/c++、python、js（可接24/25应届无经验）,智联猎头,北京·昌平·北七家,1.5-3万·14薪,经验不限,本科
Java/Python/C/C++/数开/测试/算法/前端岗,外企德科数字技术有限公司,杭州·滨江·长河,1.5-3万·14薪,经验不限,本科
Java/Python/C/C++/数开/测试/算法/前端岗,外企德科数字技术有限公司,杭州·滨江·长河,1.5-3万·14薪,经验不限,本科
c++工程师,佛山市联动科技股份有限公司,佛山·南海·狮山,8000-15000元,无经验,本科
c++工程师,佛山市联动科技股份有限公司,佛山·南海·狮山,8000-15000元,无经验,本科
软件开发/测试/算法 java、c/c++、python、js（可接24/25应届无经验）,智联猎头,西安·雁塔·漳浒寨,1.5-3万·14薪,经验不限,本科
软件开发/测试/算法 java、c/c++、python、js（可接24/25应届无经验）,智联猎头,西安·雁塔·漳浒寨,1.5-3万·14薪,经验不限,本科
C/C++研发——智能车/智能驾驶研发（接受24届无经验、考研断档等）,外企德科数字技术有限公司,南京·雨花台·雨花,1.6-3万·14薪,经验不限,本科
C/C++研发——智能车/智能驾驶研发（接受24届无经验、考研断档等）,外企德科数字技术有限公司,南京·雨花台·雨花,1.6-3万·14薪,经验不限,本科
C++（QT）研发工程师,西安翱翔科信软件有限责任公司,西安·雁塔·丈八沟,7000-12000元,1-3年,本科
C++（QT）研发工程师,西安翱翔科信软件有限责任公司,西安·雁塔·丈八沟,7000-12000元,1-3年,本科
整机测试工程师（光纤陀螺/硬件测试/C++/衢州急聘）,广东先导稀材股份有限公司,衢州·衢江区·高家镇,1-2万·13薪,1-3年,大专
整机测试工程师（光纤陀螺/硬件测试/C++/衢州急聘）,广东先导稀材股份有限公司,衢州·衢江区·高家镇,1-2万·13薪,1-3年,大专
Java/C++/C/Python/web/Go/测试/安卓,外企德科数字技术有限公司,杭州·滨江·长河,1-2万,经验不限,本科
Java/C++/C/Python/web/Go/测试/安卓,外企德科数字技术有限公司,杭州·滨江·长河,1-2万,经验不限,本科
研发工程师（C++方向）,思创数码,南昌·青山湖·塘山,1-1.3万,3-5年,本科
研发工程师（C++方向）,思创数码,南昌·青山湖·塘山,1-1.3万,3-5年,本科
QT C++ 框架开发工程师,华澜能源(山东)有限公司,济南·历下·智远,6000-12000元,3-5年,本科
QT C++ 框架开发工程师,华澜能源(山东)有限公司,济南·历下·智远,6000-12000元,3-5年,本科
c++程序员,外企德科数字技术有限公司,广州·白云·松洲,1.5-3万,经验不限,本科
c++程序员,外企德科数字技术有限公司,广州·白云·松洲,1.5-3万,经验不限,本科
c++软件研发工程师,途观科技有限公司,襄阳·襄州区·张湾街道,6000-10000元,1-3年,学历不限
c++软件研发工程师,途观科技有限公司,襄阳·襄州区·张湾街道,6000-10000元,1-3年,学历不限
java、C/C++、python等个后端开发,外企德科数字技术有限公司,苏州·虎丘,1.6-3万·16薪,经验不限,本科
java、C/C++、python等个后端开发,外企德科数字技术有限公司,苏州·虎丘,1.6-3万·16薪,经验不限,本科
java、C/C++、python等个后端开发,外企德科数字技术有限公司,苏州·虎丘,1.6-3万·16薪,经验不限,本科
java、C/C++、python等个后端开发,外企德科数字技术有限公司,苏州·虎丘,1.6-3万·16薪,经验不限,本科
Java/C/C++/Python/前端/测试（接受无经验）,外企德科数字技术有限公司,北京·海淀·上地,1.6-3万·14薪,经验不限,本科
Java/C/C++/Python/前端/测试（接受无经验）,外企德科数字技术有限公司,北京·海淀·上地,1.6-3万·14薪,经验不限,本科
Java/C/C++/Python/前端/测试（线上面试）,外企德科数字技术有限公司,北京·海淀,1.5-3万·14薪,经验不限,本科
Java/C/C++/Python/前端/测试（线上面试）,外企德科数字技术有限公司,北京·海淀,1.5-3万·14薪,经验不限,本科
Java/C/C++软件开发/测试工程师（双休+五险一金+年终奖）,外企德科数字技术有限公司,杭州·滨江·长河,1.9-3.5万·16薪,经验不限,本科
Java/C/C++软件开发/测试工程师（双休+五险一金+年终奖）,外企德科数字技术有限公司,杭州·滨江·长河,1.9-3.5万·16薪,经验不限,本科
Java/C++/C/Python/GO/JS,外企德科数字技术有限公司,北京·海淀·上地,1.2-2.4万·15薪,经验不限,本科
Java/C++/C/Python/GO/JS,外企德科数字技术有限公司,北京·海淀·上地,1.2-2.4万·15薪,经验不限,本科
Java/C++/C/Python/GO/JS,外企德科数字技术有限公司,武汉·江夏·豹澥,1.2-2.4万·15薪,经验不限,本科
Java/C++/C/Python/GO/JS,外企德科数字技术有限公司,武汉·江夏·豹澥,1.2-2.4万·15薪,经验不限,本科
JAVA/C++/C/Python/GO,外企德科数字技术有限公司,深圳·龙岗·坂田,1.5-2.6万·15薪,经验不限,本科
JAVA/C++/C/Python/GO,外企德科数字技术有限公司,深圳·龙岗·坂田,1.5-2.6万·15薪,经验不限,本科
c++高级软件工程师,外企德科数字技术有限公司,武汉·江夏·豹澥,1.6-2.5万·14薪,1-3年,本科
c++高级软件工程师,外企德科数字技术有限公司,武汉·江夏·豹澥,1.6-2.5万·14薪,1-3年,本科
前/后端开发/测试招聘（java/C/C＋＋/python）,外企德科数字技术有限公司,杭州·滨江·长河,1.6-3万·14薪,经验不限,本科
前/后端开发/测试招聘（java/C/C＋＋/python）,外企德科数字技术有限公司,杭州·滨江·长河,1.6-3万·14薪,经验不限,本科
Java/Python/C/C++/Web/测试工程师,外企德科数字技术有限公司,上海·青浦·金泽,1.6-3万·16薪,经验不限,本科
Java/Python/C/C++/Web/测试工程师,外企德科数字技术有限公司,上海·青浦·金泽,1.6-3万·16薪,经验不限,本科
前/后端开发 Java、C++、python、js,外企德科数字技术有限公司,苏州·工业园区,1.3-2.6万·14薪,无经验,本科
前/后端开发 Java、C++、python、js,外企德科数字技术有限公司,苏州·工业园区,1.3-2.6万·14薪,无经验,本科
C++/C（全国）考公考研失败可，无经验可,外企德科数字技术有限公司,上海·浦东·金桥,1.3-2.6万·14薪,无经验,学历不限
C++/C（全国）考公考研失败可，无经验可,外企德科数字技术有限公司,上海·浦东·金桥,1.3-2.6万·14薪,无经验,学历不限
JAVA/JS/C/C++/Python/go/测试,外企德科数字技术有限公司,深圳·龙岗·坂田,1.5-3万·14薪,经验不限,本科
JAVA/JS/C/C++/Python/go/测试,外企德科数字技术有限公司,深圳·龙岗·坂田,1.5-3万·14薪,经验不限,本科
JAVA/JS/C/C++/Python/go/测试,外企德科数字技术有限公司,西安·雁塔·漳浒寨,1.5-3万·14薪,经验不限,本科
JAVA/JS/C/C++/Python/go/测试,外企德科数字技术有限公司,西安·雁塔·漳浒寨,1.5-3万·14薪,经验不限,本科
初级/中级c++软件开发工程师（可转语言）,外企德科数字技术有限公司,南京·雨花台·雨花,1.2-2.4万·14薪,经验不限,本科
初级/中级c++软件开发工程师（可转语言）,外企德科数字技术有限公司,南京·雨花台·雨花,1.2-2.4万·14薪,经验不限,本科
JAVA/JS/C/C++/Python/go/测试,外企德科数字技术有限公司,北京·海淀,1.5-3万·14薪,经验不限,本科
JAVA/JS/C/C++/Python/go/测试,外企德科数字技术有限公司,北京·海淀,1.5-3万·14薪,经验不限,本科
研发工程师（Java/C++/Python/前端/测试等）,外企德科数字技术有限公司,上海·浦东·金桥,1.2-2万·14薪,经验不限,本科
研发工程师（Java/C++/Python/前端/测试等）,外企德科数字技术有限公司,上海·浦东·金桥,1.2-2万·14薪,经验不限,本科
后/前端开发、测试【24/25/无经验也可投】接受java、c＋＋、js不限语言,外企德科数字技术有限公司,长沙·开福·月湖,1.5-3万·14薪,经验不限,本科
后/前端开发、测试【24/25/无经验也可投】接受java、c＋＋、js不限语言,外企德科数字技术有限公司,长沙·开福·月湖,1.5-3万·14薪,经验不限,本科
java/c++/C/Python/前端开发工程师,外企德科数字技术有限公司,南京·雨花台·雨花,1.5-3万·14薪,经验不限,本科
java/c++/C/Python/前端开发工程师,外企德科数字技术有限公司,南京·雨花台·雨花,1.5-3万·14薪,经验不限,本科
C/C++/Java/Python/JS软件开发/算法/数据,外企德科数字技术有限公司,杭州·滨江·长河,1.7-3万·15薪,经验不限,本科
C/C++/Java/Python/JS软件开发/算法/数据,外企德科数字技术有限公司,杭州·滨江·长河,1.7-3万·15薪,经验不限,本科
java/c/C++/测试,外企德科数字技术有限公司,杭州·滨江·长河,1.4-2.8万,经验不限,本科
java/c/C++/测试,外企德科数字技术有限公司,杭州·滨江·长河,1.4-2.8万,经验不限,本科
java/c/C++/测试,外企德科数字技术有限公司,杭州·滨江·长河,1.4-2.8万,经验不限,本科
java/c/C++/测试,外企德科数字技术有限公司,杭州·滨江·长河,1.4-2.8万,经验不限,本科
C/C++/Java/JS/Python软件开发（全国有岗 接受应届）,外企德科数字技术有限公司,长沙·岳麓·麓谷,1.5-3万·14薪,经验不限,本科
C/C++/Java/JS/Python软件开发（全国有岗 接受应届）,外企德科数字技术有限公司,长沙·岳麓·麓谷,1.5-3万·14薪,经验不限,本科
C/C++/Java/JS/Python软件开发（全国有岗 接受应届）,外企德科数字技术有限公司,武汉·江夏·豹澥,1.5-3万·14薪,经验不限,本科
C/C++/Java/JS/Python软件开发（全国有岗 接受应届）,外企德科数字技术有限公司,武汉·江夏·豹澥,1.5-3万·14薪,经验不限,本科
Java/Python/C/C++/Web/测试工程师,外企德科数字技术有限公司,武汉·江夏·豹澥,1.4-2.8万·16薪,经验不限,本科
Java/Python/C/C++/Web/测试工程师,外企德科数字技术有限公司,武汉·江夏·豹澥,1.4-2.8万·16薪,经验不限,本科
java/Python/C/C++/JS/AI算法/软件测试,外企德科数字技术有限公司,南京·雨花台·铁心桥,2-4万·14薪,经验不限,本科
java/Python/C/C++/JS/AI算法/软件测试,外企德科数字技术有限公司,南京·雨花台·铁心桥,2-4万·14薪,经验不限,本科
Java/C++/C/Python/web/Go/测试/安卓,外企德科数字技术有限公司,东莞·大朗镇,1-2万,经验不限,本科
Java/C++/C/Python/web/Go/测试/安卓,外企德科数字技术有限公司,东莞·大朗镇,1-2万,经验不限,本科
java/python/C++/测试/C/GO/大数据开发 软件通用岗位/接受应届考研考公失败,外企德科数字技术有限公司,南京·雨花台·雨花,1.5-3万·14薪,经验不限,本科
java/python/C++/测试/C/GO/大数据开发 软件通用岗位/接受应届考研考公失败,外企德科数字技术有限公司,南京·雨花台·雨花,1.5-3万·14薪,经验不限,本科
c++程序员,外企德科数字技术有限公司,珠海·香洲区·狮山街道,1.5-3万,经验不限,本科
c++程序员,外企德科数字技术有限公司,珠海·香洲区·狮山街道,1.5-3万,经验不限,本科
C/C++/Java/Python/JS软件开发/算法/数据,外企德科数字技术有限公司,重庆·渝中·七星岗,1.5-3万·15薪,经验不限,本科
C/C++/Java/Python/JS软件开发/算法/数据,外企德科数字技术有限公司,重庆·渝中·七星岗,1.5-3万·15薪,经验不限,本科
C/C++/Java/Python/JS软件开发/算法/数据,外企德科数字技术有限公司,北京·海淀,1.5-3万·15薪,经验不限,本科
C/C++/Java/Python/JS软件开发/算法/数据,外企德科数字技术有限公司,北京·海淀,1.5-3万·15薪,经验不限,本科
软件开发工程师（Java/C/C++/python),外企德科数字技术有限公司,上海·青浦·金泽,1.5-3万·14薪,经验不限,本科
软件开发工程师（Java/C/C++/python),外企德科数字技术有限公司,上海·青浦·金泽,1.5-3万·14薪,经验不限,本科
Java/C/C++/Python/JS 软件开发（多部门推荐）,外企德科数字技术有限公司,杭州·滨江·长河,1.8-3.5万·14薪,经验不限,本科
Java/C/C++/Python/JS 软件开发（多部门推荐）,外企德科数字技术有限公司,杭州·滨江·长河,1.8-3.5万·14薪,经验不限,本科
Java/C/C++/Python/前端/测试（接受应届）,外企德科数字技术有限公司,成都·郫都·合作街道,1.3-2.6万·14薪,经验不限,本科
Java/C/C++/Python/前端/测试（接受应届）,外企德科数字技术有限公司,成都·郫都·合作街道,1.3-2.6万·14薪,经验不限,本科
Java/python/JS/C++/C#\开发测试，均有岗位在招聘,外企德科数字技术有限公司,深圳·龙岗·坂田,1.5-3万,无经验,本科
Java/python/JS/C++/C#\开发测试，均有岗位在招聘,外企德科数字技术有限公司,深圳·龙岗·坂田,1.5-3万,无经验,本科
Java/C/C++/Python/JS 软件开发（多部门推荐）,外企德科数字技术有限公司,北京·海淀·花园路,1.8-3.5万·14薪,经验不限,本科
Java/C/C++/Python/JS 软件开发（多部门推荐）,外企德科数字技术有限公司,北京·海淀·花园路,1.8-3.5万·14薪,经验不限,本科
java/c++/python后端开发/软件测试,外企德科数字技术有限公司,杭州·滨江·长河,1.6-3万·14薪,经验不限,本科
java/c++/python后端开发/软件测试,外企德科数字技术有限公司,杭州·滨江·长河,1.6-3万·14薪,经验不限,本科
后/前端开发、测试【24/25/无经验也可投】接受java、c＋＋、js不限语言,外企德科数字技术有限公司,西安·雁塔·漳浒寨,1.5-3万·14薪,经验不限,本科
后/前端开发、测试【24/25/无经验也可投】接受java、c＋＋、js不限语言,外企德科数字技术有限公司,西安·雁塔·漳浒寨,1.5-3万·14薪,经验不限,本科
c/c++/java/python开发/测试【base东莞】,外企德科数字技术有限公司,东莞·大朗镇,1.2-1.8万·14薪,经验不限,本科
c/c++/java/python开发/测试【base东莞】,外企德科数字技术有限公司,东莞·大朗镇,1.2-1.8万·14薪,经验不限,本科
软件开发测试工程师（c++、c、java、python）,外企德科数字技术有限公司,上海·青浦·金泽,1.1-1.4万,经验不限,学历不限
软件开发测试工程师（c++、c、java、python）,外企德科数字技术有限公司,上海·青浦·金泽,1.1-1.4万,经验不限,学历不限
Java/C/C++/Python/前端/测试（接受应届）,外企德科数字技术有限公司,西安·雁塔·漳浒寨,1.4-2.8万·14薪,经验不限,本科
Java/C/C++/Python/前端/测试（接受应届）,外企德科数字技术有限公司,西安·雁塔·漳浒寨,1.4-2.8万·14薪,经验不限,本科
c++软件研发工程师,外企德科数字技术有限公司,武汉·江夏·豹澥,1.2-2.4万,经验不限,本科
c++软件研发工程师,外企德科数字技术有限公司,武汉·江夏·豹澥,1.2-2.4万,经验不限,本科
c++软件研发工程师,外企德科数字技术有限公司,武汉·江夏·豹澥,1.2-2.4万,经验不限,本科
c++软件研发工程师,外企德科数字技术有限公司,武汉·江夏·豹澥,1.2-2.4万,经验不限,本科
后/前端开发、测试【24/25/无经验也可投】接受java、c＋＋、js不限语言,外企德科数字技术有限公司,北京·海淀,1.5-3万·14薪,经验不限,本科
后/前端开发、测试【24/25/无经验也可投】接受java、c＋＋、js不限语言,外企德科数字技术有限公司,北京·海淀,1.5-3万·14薪,经验不限,本科
后/前端开发、测试【24/25/无经验也可投】接受java、c＋＋、js不限语言,外企德科数字技术有限公司,深圳·龙岗·坂田,1.5-3万·14薪,经验不限,本科
后/前端开发、测试【24/25/无经验也可投】接受java、c＋＋、js不限语言,外企德科数字技术有限公司,深圳·龙岗·坂田,1.5-3万·14薪,经验不限,本科
Java/Python/C/C++/数开/测试/算法/前端岗,外企德科数字技术有限公司,深圳·龙岗·坂田,1.5-3万·14薪,经验不限,本科
Java/Python/C/C++/数开/测试/算法/前端岗,外企德科数字技术有限公司,深圳·龙岗·坂田,1.5-3万·14薪,经验不限,本科
C/C++研发——智能车/智能驾驶研发（接受24届无经验、考研断档等）,外企德科数字技术有限公司,上海·浦东·金桥,1.6-3万·14薪,经验不限,本科
C/C++研发——智能车/智能驾驶研发（接受24届无经验、考研断档等）,外企德科数字技术有限公司,上海·浦东·金桥,1.6-3万·14薪,经验不限,本科
C/c++开发工程师,外企德科数字技术有限公司,南京·雨花台·雨花,1.4-2.8万·15薪,经验不限,本科
C/c++开发工程师,外企德科数字技术有限公司,南京·雨花台·雨花,1.4-2.8万·15薪,经验不限,本科
c/c++开发工程师（接受考研空档）,外企德科数字技术有限公司,上海·青浦·金泽,1.3-2.6万·16薪,经验不限,本科
c/c++开发工程师（接受考研空档）,外企德科数字技术有限公司,上海·青浦·金泽,1.3-2.6万·16薪,经验不限,本科
软件工程师c/c++/python/java+双休,外企德科数字技术有限公司,合肥·蜀山·笔架山,2.2-2.3万·16薪,经验不限,本科
软件工程师c/c++/python/java+双休,外企德科数字技术有限公司,合肥·蜀山·笔架山,2.2-2.3万·16薪,经验不限,本科
java、C/C++、python等个后端开发,外企德科数字技术有限公司,南京·雨花台·雨花,1.6-3万·16薪,经验不限,本科
java、C/C++、python等个后端开发,外企德科数字技术有限公司,南京·雨花台·雨花,1.6-3万·16薪,经验不限,本科
C++/C/Java/python/GO/JS/算法,外企德科数字技术有限公司,杭州·滨江·长河,1.4-2.8万·15薪,经验不限,本科
C++/C/Java/python/GO/JS/算法,外企德科数字技术有限公司,杭州·滨江·长河,1.4-2.8万·15薪,经验不限,本科
Java/Python/C/C++/Web/测试工程师,外企德科数字技术有限公司,成都·郫都·合作街道,1.4-2.8万·16薪,经验不限,本科
Java/Python/C/C++/Web/测试工程师,外企德科数字技术有限公司,成都·郫都·合作街道,1.4-2.8万·16薪,经验不限,本科
软件开发工程师(C/C++/ Java/Python),外企德科数字技术有限公司,广州·白云·松洲,2-2.8万·16薪,经验不限,本科
软件开发工程师(C/C++/ Java/Python),外企德科数字技术有限公司,广州·白云·松洲,2-2.8万·16薪,经验不限,本科
Java/c/c++/python/js软件开发工程师,外企德科数字技术有限公司,上海·青浦·金泽,1.4-2.8万·14薪,经验不限,本科
Java/c/c++/python/js软件开发工程师,外企德科数字技术有限公司,上海·青浦·金泽,1.4-2.8万·14薪,经验不限,本科
软件开发工程师(Java/Python/C/C++/Js),外企德科数字技术有限公司,西安·长安·郭杜,1.5-3万,经验不限,本科
软件开发工程师(Java/Python/C/C++/Js),外企德科数字技术有限公司,西安·长安·郭杜,1.5-3万,经验不限,本科
java/c++/python后端开发/软件测试,外企德科数字技术有限公司,南京·雨花台·雨花,1.5-3万·16薪,经验不限,本科
java/c++/python后端开发/软件测试,外企德科数字技术有限公司,南京·雨花台·雨花,1.5-3万·16薪,经验不限,本科
软件开发（C/C++，Java，Python）14薪,外企德科数字技术有限公司,上海·青浦·金泽,1.5-3万·16薪,经验不限,本科
软件开发（C/C++，Java，Python）14薪,外企德科数字技术有限公司,上海·青浦·金泽,1.5-3万·16薪,经验不限,本科
Java/C/C++软件开发/测试工程师（双休+五险一金+年终奖）,外企德科数字技术有限公司,南京·雨花台·雨花,1.9-3.5万·16薪,经验不限,本科
Java/C/C++软件开发/测试工程师（双休+五险一金+年终奖）,外企德科数字技术有限公司,南京·雨花台·雨花,1.9-3.5万·16薪,经验不限,本科
软件岗（Java/Python/C/C++/软测/嵌入式等）,外企德科数字技术有限公司,成都·郫都·合作街道,1.4-2.8万·14薪,经验不限,本科
软件岗（Java/Python/C/C++/软测/嵌入式等）,外企德科数字技术有限公司,成都·郫都·合作街道,1.4-2.8万·14薪,经验不限,本科
c++程序员,外企德科数字技术有限公司,长沙·开福·月湖,1.5-2.5万,经验不限,本科
c++程序员,外企德科数字技术有限公司,长沙·开福·月湖,1.5-2.5万,经验不限,本科
JAVA/C/C++/Python/go/web开发工程师 全国岗14薪，全额社保公积金 应届生/考研/考公失败可投,外企德科数字技术有限公司,贵阳·花溪·孟关,1.5-3万·14薪,经验不限,本科
JAVA/C/C++/Python/go/web开发工程师 全国岗14薪，全额社保公积金 应届生/考研/考公失败可投,外企德科数字技术有限公司,贵阳·花溪·孟关,1.5-3万·14薪,经验不限,本科
Java/Python/C/C++/Web/测试工程师,外企德科数字技术有限公司,杭州·滨江·长河,1.3-2.6万·16薪,经验不限,本科
Java/Python/C/C++/Web/测试工程师,外企德科数字技术有限公司,杭州·滨江·长河,1.3-2.6万·16薪,经验不限,本科
Java/Python/C/C++/Web/测试工程师,外企德科数字技术有限公司,杭州·滨江·长河,1.3-2.6万·16薪,经验不限,本科
Java/Python/C/C++/Web/测试工程师,外企德科数字技术有限公司,杭州·滨江·长河,1.3-2.6万·16薪,经验不限,本科
Java/c++/前端/测试开发工程师（接受应届，导师带教）,外企德科数字技术有限公司,成都·郫都·合作街道,1.5-3万·14薪,经验不限,本科
Java/c++/前端/测试开发工程师（接受应届，导师带教）,外企德科数字技术有限公司,成都·郫都·合作街道,1.5-3万·14薪,经验不限,本科
高薪诚聘Java/c++/python后端开发/开发工程师 (高额年终奖),外企德科数字技术有限公司,西安·雁塔·丈八沟,1.5-3万·14薪,经验不限,本科
高薪诚聘Java/c++/python后端开发/开发工程师 (高额年终奖),外企德科数字技术有限公司,西安·雁塔·丈八沟,1.5-3万·14薪,经验不限,本科
前/后端开发 Java、C++、python、js,外企德科数字技术有限公司,上海·青浦·金泽,1.5-3万·14薪,无经验,本科
前/后端开发 Java、C++、python、js,外企德科数字技术有限公司,上海·青浦·金泽,1.5-3万·14薪,无经验,本科
Java/C/C++软件开发/测试工程师（双休+五险一金+年终奖）,外企德科数字技术有限公司,西安·雁塔·漳浒寨,1.9-3.5万·16薪,经验不限,本科
Java/C/C++软件开发/测试工程师（双休+五险一金+年终奖）,外企德科数字技术有限公司,西安·雁塔·漳浒寨,1.9-3.5万·16薪,经验不限,本科
软件开发工程师（Java/C/C++/python),外企德科数字技术有限公司,深圳·龙岗·坂田,1.5-3万·14薪,经验不限,本科
软件开发工程师（Java/C/C++/python),外企德科数字技术有限公司,深圳·龙岗·坂田,1.5-3万·14薪,经验不限,本科
Java/C++/C/Python/前端/测试（25届可投）,外企德科数字技术有限公司,上海·青浦·金泽,1.5-3万·15薪,经验不限,本科
Java/C++/C/Python/前端/测试（25届可投）,外企德科数字技术有限公司,上海·青浦·金泽,1.5-3万·15薪,经验不限,本科
Java/C++/python/c/算法岗位,外企德科数字技术有限公司,西安·雁塔·漳浒寨,1.5-3万,经验不限,本科
Java/C++/python/c/算法岗位,外企德科数字技术有限公司,西安·雁塔·漳浒寨,1.5-3万,经验不限,本科
c++/python/java/c/算法/测试,外企德科数字技术有限公司,武汉·江夏·豹澥,1.5-3万·14薪,经验不限,本科
c++/python/java/c/算法/测试,外企德科数字技术有限公司,武汉·江夏·豹澥,1.5-3万·14薪,经验不限,本科
c++/python/java/c/算法/测试,外企德科数字技术有限公司,成都·郫都·合作街道,1.5-3万·14薪,经验不限,本科
c++/python/java/c/算法/测试,外企德科数字技术有限公司,成都·郫都·合作街道,1.5-3万·14薪,经验不限,本科
软件研发工程师（有Java、C、C++、Python、go、JS等）,外企德科数字技术有限公司,苏州·工业园区,1.2-2.4万·14薪,经验不限,本科
软件研发工程师（有Java、C、C++、Python、go、JS等）,外企德科数字技术有限公司,苏州·工业园区,1.2-2.4万·14薪,经验不限,本科
前/后端开发工程师（Java / C/C++ / Python / JS 等方向）接受小白,外企德科数字技术有限公司,杭州·滨江·长河,1-1.1万·14薪,经验不限,本科
前/后端开发工程师（Java / C/C++ / Python / JS 等方向）接受小白,外企德科数字技术有限公司,杭州·滨江·长河,1-1.1万·14薪,经验不限,本科
Java/C/C++/Python/js前端,外企德科数字技术有限公司,苏州·工业园区,1.5-3万·14薪,经验不限,学历不限
Java/C/C++/Python/js前端,外企德科数字技术有限公司,苏州·工业园区,1.5-3万·14薪,经验不限,学历不限
FAE-C/C++、嵌入式现场技术支持-可看应届生,外企德科数字技术有限公司,武汉·江夏·豹澥,1-1.2万,1-3年,本科
FAE-C/C++、嵌入式现场技术支持-可看应届生,外企德科数字技术有限公司,武汉·江夏·豹澥,1-1.2万,1-3年,本科
Java/JS/Python/算法/C/C++工程师,外企德科数字技术有限公司,深圳·龙岗·坂田,1.2-2.4万·14薪,经验不限,本科
Java/JS/Python/算法/C/C++工程师,外企德科数字技术有限公司,深圳·龙岗·坂田,1.2-2.4万·14薪,经验不限,本科
Java/Python/C/C++/数开/测试/算法/前端岗,外企德科数字技术有限公司,成都·郫都·合作街道,1.5-3万·14薪,经验不限,本科
Java/Python/C/C++/数开/测试/算法/前端岗,外企德科数字技术有限公司,成都·郫都·合作街道,1.5-3万·14薪,经验不限,本科
Java/C/C++/python/GO/web/测试,外企德科数字技术有限公司,武汉·江夏·豹澥,1.2-2.4万·14薪,经验不限,本科
Java/C/C++/python/GO/web/测试,外企德科数字技术有限公司,武汉·江夏·豹澥,1.2-2.4万·14薪,经验不限,本科
C/JAVA/C++/Python/JS软件开发工程师,外企德科数字技术有限公司,济南·历下·龙洞,1.5-3万·14薪,无经验,本科
C/JAVA/C++/Python/JS软件开发工程师,外企德科数字技术有限公司,济南·历下·龙洞,1.5-3万·14薪,无经验,本科
java/c++/C/Python/前端开发工程师,外企德科数字技术有限公司,北京·海淀,1.5-3万·14薪,经验不限,本科
java/c++/C/Python/前端开发工程师,外企德科数字技术有限公司,北京·海淀,1.5-3万·14薪,经验不限,本科
java/Python/C/C++/JS/AI算法/软件测试,外企德科数字技术有限公司,成都·郫都·合作街道,1.5-3万,1-3年,本科
java/Python/C/C++/JS/AI算法/软件测试,外企德科数字技术有限公司,成都·郫都·合作街道,1.5-3万,1-3年,本科
java/c++/C/Python/前端开发工程师,外企德科数字技术有限公司,成都·郫都·合作街道,1.5-3万·14薪,经验不限,本科
java/c++/C/Python/前端开发工程师,外企德科数字技术有限公司,成都·郫都·合作街道,1.5-3万·14薪,经验不限,本科
java/c++/C/Python/前端开发工程师,外企德科数字技术有限公司,成都·郫都·合作街道,1.5-3万·14薪,经验不限,本科
java/c++/C/Python/前端开发工程师,外企德科数字技术有限公司,成都·郫都·合作街道,1.5-3万·14薪,经验不限,本科
Java/C/C++/Python/GO/JS,外企德科数字技术有限公司,杭州·滨江·长河,1.3-2.6万·14薪,经验不限,本科
Java/C/C++/Python/GO/JS,外企德科数字技术有限公司,杭州·滨江·长河,1.3-2.6万·14薪,经验不限,本科
java/Python/C/C++/JS/AI算法/软件测试,外企德科数字技术有限公司,深圳·龙岗·坂田,2-4万,经验不限,本科
java/Python/C/C++/JS/AI算法/软件测试,外企德科数字技术有限公司,深圳·龙岗·坂田,2-4万,经验不限,本科
java/python/C++/测试/C/GO/大数据开发 软件通用岗位/接受应届考研考公失败,外企德科数字技术有限公司,成都·郫都·合作街道,1.5-3万·14薪,经验不限,本科
java/python/C++/测试/C/GO/大数据开发 软件通用岗位/接受应届考研考公失败,外企德科数字技术有限公司,成都·郫都·合作街道,1.5-3万·14薪,经验不限,本科
C/C++/Java/Python/JS软件开发/算法/数据,外企德科数字技术有限公司,苏州·虎丘,1.7-3万·15薪,经验不限,本科
C/C++/Java/Python/JS软件开发/算法/数据,外企德科数字技术有限公司,苏州·虎丘,1.7-3万·15薪,经验不限,本科
C/C++、Java、Python、JS、测试等工程师,外企德科数字技术有限公司,上海·青浦·金泽,1.5-2.7万·16薪,经验不限,本科
C/C++、Java、Python、JS、测试等工程师,外企德科数字技术有限公司,上海·青浦·金泽,1.5-2.7万·16薪,经验不限,本科
JAVA/C/C++/Python/go/web开发工程师 全国岗，14薪，全额社保公积金 应届生/考研/考公失败可投,外企德科数字技术有限公司,上海·青浦·金泽,1.5-3万·14薪,经验不限,本科
JAVA/C/C++/Python/go/web开发工程师 全国岗，14薪，全额社保公积金 应届生/考研/考公失败可投,外企德科数字技术有限公司,上海·青浦·金泽,1.5-3万·14薪,经验不限,本科
JAVA/C++/C/Python 14薪双休 应届生可投,外企德科数字技术有限公司,苏州·昆山·玉山,1.5-3万,经验不限,本科
JAVA/C++/C/Python 14薪双休 应届生可投,外企德科数字技术有限公司,苏州·昆山·玉山,1.5-3万,经验不限,本科
Java/C++/C/Python/GO/JS,外企德科数字技术有限公司,东莞·大朗镇,1.2-2.4万·15薪,经验不限,本科
Java/C++/C/Python/GO/JS,外企德科数字技术有限公司,东莞·大朗镇,1.2-2.4万·15薪,经验不限,本科
JAVA/C++/C/Python 14薪双休 应届生可投,外企德科数字技术有限公司,成都·锦江·书院街,1.5-3万,经验不限,本科
JAVA/C++/C/Python 14薪双休 应届生可投,外企德科数字技术有限公司,成都·锦江·书院街,1.5-3万,经验不限,本科
测试/前端/后端开发工程师Java/C/C++/Python,外企德科数字技术有限公司,杭州·滨江·长河,1.5-2.8万·14薪,经验不限,本科
测试/前端/后端开发工程师Java/C/C++/Python,外企德科数字技术有限公司,杭州·滨江·长河,1.5-2.8万·14薪,经验不限,本科
软件开发工程师（java/c++/测试/算法）,外企德科数字技术有限公司,南京·雨花台·雨花,1.5-3万,无经验,本科
软件开发工程师（java/c++/测试/算法）,外企德科数字技术有限公司,南京·雨花台·雨花,1.5-3万,无经验,本科
java/c++/python后端开发/软件测试,外企德科数字技术有限公司,深圳·龙岗·坂田,1.5-3万·16薪,经验不限,本科
java/c++/python后端开发/软件测试,外企德科数字技术有限公司,深圳·龙岗·坂田,1.5-3万·16薪,经验不限,本科
软件开发工程师（Java/C/C++/python),外企德科数字技术有限公司,武汉·江夏·豹澥,1.5-3万·14薪,经验不限,本科
软件开发工程师（Java/C/C++/python),外企德科数字技术有限公司,武汉·江夏·豹澥,1.5-3万·14薪,经验不限,本科
Java/python/JS/C++/测试(核心项目 年终奖,外企德科数字技术有限公司,西安·雁塔·漳浒寨,1.8-3.5万·16薪,经验不限,本科
Java/python/JS/C++/测试(核心项目 年终奖,外企德科数字技术有限公司,西安·雁塔·漳浒寨,1.8-3.5万·16薪,经验不限,本科
C++/C,外企德科数字技术有限公司,深圳·龙岗·坂田,1.5-3万·14薪,经验不限,本科
C++/C,外企德科数字技术有限公司,深圳·龙岗·坂田,1.5-3万·14薪,经验不限,本科
软件研发工程师（有Java、C、C++、Python、go、JS等）,外企德科数字技术有限公司,上海·浦东·金桥,1.2-2.4万·14薪,经验不限,本科
软件研发工程师（有Java、C、C++、Python、go、JS等）,外企德科数字技术有限公司,上海·浦东·金桥,1.2-2.4万·14薪,经验不限,本科
c++软件研发工程师,外企德科数字技术有限公司,深圳·龙岗·坂田,1-2万·14薪,1-3年,本科
c++软件研发工程师,外企德科数字技术有限公司,深圳·龙岗·坂田,1-2万·14薪,1-3年,本科
c++开发工程师,外企德科数字技术有限公司,南京·雨花台·铁心桥,1.5-3万,经验不限,本科
c++开发工程师,外企德科数字技术有限公司,南京·雨花台·铁心桥,1.5-3万,经验不限,本科
C/C++软件开发工程师（初中高级均有-线上面试）,外企德科数字技术有限公司,上海·浦东·金桥,1.5-3万·14薪,3-5年,本科
C/C++软件开发工程师（初中高级均有-线上面试）,外企德科数字技术有限公司,上海·浦东·金桥,1.5-3万·14薪,3-5年,本科
Java/JS/Python/算法/C/C++工程师,外企德科数字技术有限公司,上海·浦东·金桥,1.2-2.4万·14薪,经验不限,本科
Java/JS/Python/算法/C/C++工程师,外企德科数字技术有限公司,上海·浦东·金桥,1.2-2.4万·14薪,经验不限,本科
Java/JS/Python/算法/C/C++工程师,外企德科数字技术有限公司,上海·浦东·金桥,1.2-2.4万·14薪,经验不限,本科
Java/JS/Python/算法/C/C++工程师,外企德科数字技术有限公司,上海·浦东·金桥,1.2-2.4万·14薪,经验不限,本科
Java/JS/Python/算法/C/C++工程师,外企德科数字技术有限公司,杭州·滨江·西兴,1.2-2.4万·14薪,经验不限,本科
Java/JS/Python/算法/C/C++工程师,外企德科数字技术有限公司,杭州·滨江·西兴,1.2-2.4万·14薪,经验不限,本科
C/C++/Java/Python/GO/算法/web前端开发,外企德科数字技术有限公司,西安·雁塔·漳浒寨,1.6-3万·14薪,经验不限,本科
C/C++/Java/Python/GO/算法/web前端开发,外企德科数字技术有限公司,西安·雁塔·漳浒寨,1.6-3万·14薪,经验不限,本科
java、C/C++、js、python等后端开发,外企德科数字技术有限公司,合肥·蜀山·荷叶地,1.4-2.8万·16薪,经验不限,本科
java、C/C++、js、python等后端开发,外企德科数字技术有限公司,合肥·蜀山·荷叶地,1.4-2.8万·16薪,经验不限,本科
java/c++/C/Python/前端开发工程师,外企德科数字技术有限公司,上海·青浦·金泽,1.5-3万·14薪,经验不限,本科
java/c++/C/Python/前端开发工程师,外企德科数字技术有限公司,上海·青浦·金泽,1.5-3万·14薪,经验不限,本科
C/C++/Java/JS/Python软件开发（全国有岗 接受应届）,外企德科数字技术有限公司,西安·雁塔·漳浒寨,1.5-3万·14薪,经验不限,本科
C/C++/Java/JS/Python软件开发（全国有岗 接受应届）,外企德科数字技术有限公司,西安·雁塔·漳浒寨,1.5-3万·14薪,经验不限,本科
C/C++开发工程师（可接受无经验应届生）,外企德科数字技术有限公司,上海·青浦·金泽,1.4-2.8万·14薪,经验不限,本科
C/C++开发工程师（可接受无经验应届生）,外企德科数字技术有限公司,上海·青浦·金泽,1.4-2.8万·14薪,经验不限,本科
java/c++/python后端开发 双休 高薪 五险一金,外企德科数字技术有限公司,东莞·大朗镇,1.5-3万·14薪,经验不限,本科
java/c++/python后端开发 双休 高薪 五险一金,外企德科数字技术有限公司,东莞·大朗镇,1.5-3万·14薪,经验不限,本科
java/python/c/c++ 应届可培养,外企德科数字技术有限公司,深圳·龙岗·坂田,1.6-2.4万·16薪,经验不限,本科
java/python/c/c++ 应届可培养,外企德科数字技术有限公司,深圳·龙岗·坂田,1.6-2.4万·16薪,经验不限,本科
C/C++、Java、Scala、Python、JS等后端开发,外企德科数字技术有限公司,杭州·滨江·长河,1.7-3万·16薪,经验不限,本科
C/C++、Java、Scala、Python、JS等后端开发,外企德科数字技术有限公司,杭州·滨江·长河,1.7-3万·16薪,经验不限,本科
Java/C/C++/Python/Go开发工程师,外企德科数字技术有限公司,武汉·江夏·豹澥,1.3-2.6万,1-3年,本科
Java/C/C++/Python/Go开发工程师,外企德科数字技术有限公司,武汉·江夏·豹澥,1.3-2.6万,1-3年,本科
FAE（C++/算法）,外企德科数字技术有限公司,杭州·滨江·长河,1.3-1.8万,3-5年,本科
FAE（C++/算法）,外企德科数字技术有限公司,杭州·滨江·长河,1.3-1.8万,3-5年,本科
初级/中级c++软件开发工程师（可转语言）,外企德科数字技术有限公司,东莞·大朗镇,1.2-2.4万·14薪,经验不限,本科
初级/中级c++软件开发工程师（可转语言）,外企德科数字技术有限公司,东莞·大朗镇,1.2-2.4万·14薪,经验不限,本科
Java/Python/C/C++/测试/算法/前端岗,外企德科数字技术有限公司,苏州·工业园区,1.2-2.4万·14薪,经验不限,本科
Java/Python/C/C++/测试/算法/前端岗,外企德科数字技术有限公司,苏州·工业园区,1.2-2.4万·14薪,经验不限,本科
软件开发工程师（Java/C/C++/python),外企德科数字技术有限公司,苏州·工业园区,1.5-3万·14薪,经验不限,本科
软件开发工程师（Java/C/C++/python),外企德科数字技术有限公司,苏州·工业园区,1.5-3万·14薪,经验不限,本科
c++/python/java/c/算法/测试,外企德科数字技术有限公司,杭州·滨江·长河,1.5-3万·14薪,经验不限,本科
c++/python/java/c/算法/测试,外企德科数字技术有限公司,杭州·滨江·长河,1.5-3万·14薪,经验不限,本科
c++软件研发工程师,外企德科数字技术有限公司,深圳·龙岗·坂田,1.5-3万,经验不限,本科
c++软件研发工程师,外企德科数字技术有限公司,深圳·龙岗·坂田,1.5-3万,经验不限,本科
测试/前端/后端开发工程师Java/C/C++/Python,外企德科数字技术有限公司,长沙·开福·月湖,1.5-2.8万·14薪,经验不限,本科
测试/前端/后端开发工程师Java/C/C++/Python,外企德科数字技术有限公司,长沙·开福·月湖,1.5-2.8万·14薪,经验不限,本科
Java/C/C++/Python/前端/测试（接受应届）,外企德科数字技术有限公司,西安·雁塔·漳浒寨,1.5-3万·14薪,经验不限,本科
Java/C/C++/Python/前端/测试（接受应届）,外企德科数字技术有限公司,西安·雁塔·漳浒寨,1.5-3万·14薪,经验不限,本科
c++软件研发工程师,外企德科数字技术有限公司,杭州·滨江·长河,1.2-2.4万,经验不限,本科
c++软件研发工程师,外企德科数字技术有限公司,杭州·滨江·长河,1.2-2.4万,经验不限,本科
java/C++软件开发工程师,外企德科数字技术有限公司,东莞·大朗镇,1.2-2.3万,经验不限,本科
java/C++软件开发工程师,外企德科数字技术有限公司,东莞·大朗镇,1.2-2.3万,经验不限,本科
java/C++软件开发工程师,外企德科数字技术有限公司,东莞·大朗镇,1.2-2.3万,经验不限,本科
java/C++软件开发工程师,外企德科数字技术有限公司,东莞·大朗镇,1.2-2.3万,经验不限,本科
c/c++/java/python开发/测试【base北京】,外企德科数字技术有限公司,北京·海淀·上地,1.2-1.8万·14薪,经验不限,本科
c/c++/java/python开发/测试【base北京】,外企德科数字技术有限公司,北京·海淀·上地,1.2-1.8万·14薪,经验不限,本科
c/c++/java/python开发/测试【base武汉】,外企德科数字技术有限公司,武汉·江夏·豹澥,1.2-1.8万·14薪,经验不限,本科
c/c++/java/python开发/测试【base武汉】,外企德科数字技术有限公司,武汉·江夏·豹澥,1.2-1.8万·14薪,经验不限,本科
Java/JS/Python/算法/C/C++工程师,外企德科数字技术有限公司,南京·雨花台·雨花,1.2-2.4万·14薪,经验不限,本科
Java/JS/Python/算法/C/C++工程师,外企德科数字技术有限公司,南京·雨花台·雨花,1.2-2.4万·14薪,经验不限,本科
[Java/C/C++/Python/前端/测试（接受应届/无经验\考研考公失败过渡）大厂＋双休＋14~16薪open],外企德科数字技术有限公司,上海·浦东·金桥,1.5-3万·14薪,经验不限,本科
[Java/C/C++/Python/前端/测试（接受应届/无经验\考研考公失败过渡）大厂＋双休＋14~16薪open],外企德科数字技术有限公司,上海·浦东·金桥,1.5-3万·14薪,经验不限,本科
JAVA/ Python/C/C++/GO/数据开发,外企德科数字技术有限公司,上海·浦东·金桥,1.7-3万,经验不限,本科
JAVA/ Python/C/C++/GO/数据开发,外企德科数字技术有限公司,上海·浦东·金桥,1.7-3万,经验不限,本科
java/c++/C/Python/前端开发工程师,外企德科数字技术有限公司,东莞·大朗镇,1.5-3万·14薪,经验不限,本科
java/c++/C/Python/前端开发工程师,外企德科数字技术有限公司,东莞·大朗镇,1.5-3万·14薪,经验不限,本科
java、C/C++、python等个后端开发,外企德科数字技术有限公司,深圳·龙岗·坂田,1.6-3万·14薪,经验不限,本科
java、C/C++、python等个后端开发,外企德科数字技术有限公司,深圳·龙岗·坂田,1.6-3万·14薪,经验不限,本科
java、C/C++、python等个后端开发,外企德科数字技术有限公司,上海·浦东·金桥,1.6-3万·16薪,经验不限,本科
java、C/C++、python等个后端开发,外企德科数字技术有限公司,上海·浦东·金桥,1.6-3万·16薪,经验不限,本科
月薪15-35k/java/c++/python后端开发/,外企德科数字技术有限公司,上海·浦东·金桥,1.6-3万·14薪,经验不限,本科
月薪15-35k/java/c++/python后端开发/,外企德科数字技术有限公司,上海·浦东·金桥,1.6-3万·14薪,经验不限,本科
月薪15-35k/java/c++/python后端开发/算法/测试,外企德科数字技术有限公司,南京·雨花台·雨花,1.5-3万·14薪,经验不限,本科
月薪15-35k/java/c++/python后端开发/算法/测试,外企德科数字技术有限公司,南京·雨花台·雨花,1.5-3万·14薪,经验不限,本科
Java/C++开发工程师（接受25届，导师带教）,外企德科数字技术有限公司,南京·雨花台·雨花,1.6-3万·14薪,经验不限,本科
Java/C++开发工程师（接受25届，导师带教）,外企德科数字技术有限公司,南京·雨花台·雨花,1.6-3万·14薪,经验不限,本科
Java/C/C++/Python/Go开发工程师,外企德科数字技术有限公司,西安·雁塔·漳浒寨,1.3-2.6万·14薪,经验不限,本科
Java/C/C++/Python/Go开发工程师,外企德科数字技术有限公司,西安·雁塔·漳浒寨,1.3-2.6万·14薪,经验不限,本科
软件开发工程师（Java/C/C++/python),外企德科数字技术有限公司,成都·郫都·合作街道,1.5-3万·14薪,经验不限,本科
软件开发工程师（Java/C/C++/python),外企德科数字技术有限公司,成都·郫都·合作街道,1.5-3万·14薪,经验不限,本科
Java/C/C++/Python/JS 软件开发测试工程师,外企德科数字技术有限公司,长沙·岳麓·麓谷,1.5-2.8万·14薪,经验不限,本科
Java/C/C++/Python/JS 软件开发测试工程师,外企德科数字技术有限公司,长沙·岳麓·麓谷,1.5-2.8万·14薪,经验不限,本科
Java/C/C++/Python/前端/测试（接受应届）,外企德科数字技术有限公司,杭州·滨江·长河,1.5-3万·14薪,经验不限,本科
Java/C/C++/Python/前端/测试（接受应届）,外企德科数字技术有限公司,杭州·滨江·长河,1.5-3万·14薪,经验不限,本科
c++软件研发工程师,外企德科数字技术有限公司,南京·雨花台·雨花,1-2万·14薪,1-3年,本科
c++软件研发工程师,外企德科数字技术有限公司,南京·雨花台·雨花,1-2万·14薪,1-3年,本科
c/c++/java/python开发/测试【base南京】,外企德科数字技术有限公司,南京·雨花台·雨花,1.2-1.8万·14薪,经验不限,本科
c/c++/java/python开发/测试【base南京】,外企德科数字技术有限公司,南京·雨花台·雨花,1.2-1.8万·14薪,经验不限,本科
java、C/C++、python等个后端开发,外企德科数字技术有限公司,成都·郫都·合作街道,1.6-3万·14薪,经验不限,本科
java、C/C++、python等个后端开发,外企德科数字技术有限公司,成都·郫都·合作街道,1.6-3万·14薪,经验不限,本科
Java/python/C/C++/JS前后端软件开发工程师,外企德科数字技术有限公司,西安·雁塔·漳浒寨,1.3-2.6万·14薪,经验不限,本科
Java/python/C/C++/JS前后端软件开发工程师,外企德科数字技术有限公司,西安·雁塔·漳浒寨,1.3-2.6万·14薪,经验不限,本科
C/C++软件开发工程师,外企德科数字技术有限公司,西安·雁塔·漳浒寨,1.2-2.4万·14薪,经验不限,本科
C/C++软件开发工程师,外企德科数字技术有限公司,西安·雁塔·漳浒寨,1.2-2.4万·14薪,经验不限,本科
C/C++软件开发工程师,外企德科数字技术有限公司,西安·雁塔·漳浒寨,1.2-2.4万·14薪,经验不限,本科
C/C++软件开发工程师,外企德科数字技术有限公司,西安·雁塔·漳浒寨,1.2-2.4万·14薪,经验不限,本科
C/C++/Java/JS/Python软件开发【全国有岗】,外企德科数字技术有限公司,厦门·湖里·江头,1.5-3万·14薪,经验不限,本科
C/C++/Java/JS/Python软件开发【全国有岗】,外企德科数字技术有限公司,厦门·湖里·江头,1.5-3万·14薪,经验不限,本科
Java/C++/C/Python/测试开发工程师（接受应届，导师带教）,外企德科数字技术有限公司,西安·雁塔·漳浒寨,1.3-2.6万·14薪,经验不限,本科
Java/C++/C/Python/测试开发工程师（接受应届，导师带教）,外企德科数字技术有限公司,西安·雁塔·漳浒寨,1.3-2.6万·14薪,经验不限,本科
C++软件开发工程师　五险一金最高缴纳比例　年终奖,外企德科数字技术有限公司,武汉·江夏·豹澥,1.5-3万·16薪,经验不限,本科
C++软件开发工程师　五险一金最高缴纳比例　年终奖,外企德科数字技术有限公司,武汉·江夏·豹澥,1.5-3万·16薪,经验不限,本科
C/C#/C++/python/java/,外企德科数字技术有限公司,上海·浦东·金桥,1.5-3万·14薪,经验不限,本科
C/C#/C++/python/java/,外企德科数字技术有限公司,上海·浦东·金桥,1.5-3万·14薪,经验不限,本科
C++开发工程师,外企德科数字技术有限公司,杭州·滨江·长河,1.4-2.8万·14薪,经验不限,本科
C++开发工程师,外企德科数字技术有限公司,杭州·滨江·长河,1.4-2.8万·14薪,经验不限,本科
c++软件研发工程师,外企德科数字技术有限公司,南京·雨花台·雨花,1.2-2.4万,经验不限,本科
c++软件研发工程师,外企德科数字技术有限公司,南京·雨花台·雨花,1.2-2.4万,经验不限,本科
月薪15-35k/java/c++/python后端开发/双休/五险一金,外企德科数字技术有限公司,东莞·大朗镇,1.5-3万·14薪,经验不限,本科
月薪15-35k/java/c++/python后端开发/双休/五险一金,外企德科数字技术有限公司,东莞·大朗镇,1.5-3万·14薪,经验不限,本科
c++软件研发工程师,外企德科数字技术有限公司,东莞·大朗镇,1.2-1.4万,经验不限,本科
c++软件研发工程师,外企德科数字技术有限公司,东莞·大朗镇,1.2-1.4万,经验不限,本科
C/C++软件开发工程师（初中高级均有岗位-线上面试）,外企德科数字技术有限公司,苏州·工业园区,1.5-3万·14薪,3-5年,本科
C/C++软件开发工程师（初中高级均有岗位-线上面试）,外企德科数字技术有限公司,苏州·工业园区,1.5-3万·14薪,3-5年,本科
软件岗（Java/Python/C/C++/软测/嵌入式等）,外企德科数字技术有限公司,苏州·工业园区,1.4-2.8万·14薪,经验不限,本科
软件岗（Java/Python/C/C++/软测/嵌入式等）,外企德科数字技术有限公司,苏州·工业园区,1.4-2.8万·14薪,经验不限,本科
Java/JS/Python/算法/C/C++工程师,外企德科数字技术有限公司,武汉·江夏·豹澥,1.2-2.4万·14薪,经验不限,本科
Java/JS/Python/算法/C/C++工程师,外企德科数字技术有限公司,武汉·江夏·豹澥,1.2-2.4万·14薪,经验不限,本科
Java/JS/Python/算法/C/C++工程师,外企德科数字技术有限公司,成都·郫都·合作街道,1.2-2.4万·14薪,经验不限,本科
Java/JS/Python/算法/C/C++工程师,外企德科数字技术有限公司,成都·郫都·合作街道,1.2-2.4万·14薪,经验不限,本科
Java/JS/Python/算法/C/C++工程师,外企德科数字技术有限公司,西安·雁塔·漳浒寨,1.2-2.4万·14薪,经验不限,本科
Java/JS/Python/算法/C/C++工程师,外企德科数字技术有限公司,西安·雁塔·漳浒寨,1.2-2.4万·14薪,经验不限,本科
C/C++/Java/JS/Python软件开发（全国有岗 接受应届）,外企德科数字技术有限公司,深圳·龙岗·坂田,1.5-3万·14薪,经验不限,本科
C/C++/Java/JS/Python软件开发（全国有岗 接受应届）,外企德科数字技术有限公司,深圳·龙岗·坂田,1.5-3万·14薪,经验不限,本科
软件通用岗位/接受应届考研考公失败 java/python/C++/测试/C/GO/大数据开发,外企德科数字技术有限公司,深圳·龙岗·坂田,1.5-3万·14薪,经验不限,本科
软件通用岗位/接受应届考研考公失败 java/python/C++/测试/C/GO/大数据开发,外企德科数字技术有限公司,深圳·龙岗·坂田,1.5-3万·14薪,经验不限,本科
C/C++/Java/JS/Python/Go软件开发【全国有岗位 可接受应届】,外企德科数字技术有限公司,南京·雨花台·雨花,1.5-3万·14薪,经验不限,本科
C/C++/Java/JS/Python/Go软件开发【全国有岗位 可接受应届】,外企德科数字技术有限公司,南京·雨花台·雨花,1.5-3万·14薪,经验不限,本科
java/Python/C/C++/JS/AI算法/软件测试,外企德科数字技术有限公司,武汉·江夏·豹澥,1.6-3万,经验不限,本科
java/Python/C/C++/JS/AI算法/软件测试,外企德科数字技术有限公司,武汉·江夏·豹澥,1.6-3万,经验不限,本科
C/C++/Java/JS/Python软件开发（全国有岗 接受应届）,外企德科数字技术有限公司,苏州·虎丘,1.5-3万·14薪,经验不限,本科
C/C++/Java/JS/Python软件开发（全国有岗 接受应届）,外企德科数字技术有限公司,苏州·虎丘,1.5-3万·14薪,经验不限,本科
C/C++/Java/Python/JS软件开发/算法/数据,外企德科数字技术有限公司,上海·浦东·金桥,1.7-3万·15薪,经验不限,本科
C/C++/Java/Python/JS软件开发/算法/数据,外企德科数字技术有限公司,上海·浦东·金桥,1.7-3万·15薪,经验不限,本科
Java/C/C++/Python/前端/测试（接受应届）,外企德科数字技术有限公司,上海·浦东·金桥,1.5-3万·14薪,经验不限,本科
Java/C/C++/Python/前端/测试（接受应届）,外企德科数字技术有限公司,上海·浦东·金桥,1.5-3万·14薪,经验不限,本科
Java/C/C++/Python/前端/测试（接受应届）,外企德科数字技术有限公司,上海·浦东·金桥,1.5-3万·14薪,经验不限,本科
Java/C/C++/Python/前端/测试（接受应届）,外企德科数字技术有限公司,上海·浦东·金桥,1.5-3万·14薪,经验不限,本科
java、C/C++、python等个后端开发,外企德科数字技术有限公司,东莞·大朗镇,1.6-3万·14薪,经验不限,本科
java、C/C++、python等个后端开发,外企德科数字技术有限公司,东莞·大朗镇,1.6-3万·14薪,经验不限,本科
Java/C/C++/Python/C#/Js/Ios,外企德科数字技术有限公司,成都·郫都·合作街道,1.5-2.7万,1-3年,本科
Java/C/C++/Python/C#/Js/Ios,外企德科数字技术有限公司,成都·郫都·合作街道,1.5-2.7万,1-3年,本科
JAVA/C/C++/Python/go/web开发工程师 全国岗14薪，全额社保公积金 应届生/考研/考公失败可投,外企德科数字技术有限公司,成都·郫都·合作街道,1.5-3万·14薪,经验不限,本科
JAVA/C/C++/Python/go/web开发工程师 全国岗14薪，全额社保公积金 应届生/考研/考公失败可投,外企德科数字技术有限公司,成都·郫都·合作街道,1.5-3万·14薪,经验不限,本科
C++/C开发工程师（接受应届，导师带教）,外企德科数字技术有限公司,杭州·滨江·西兴,1.5-3万·14薪,经验不限,本科
C++/C开发工程师（接受应届，导师带教）,外企德科数字技术有限公司,杭州·滨江·西兴,1.5-3万·14薪,经验不限,本科
Java/c/c++/python/js软件开发工程师,外企德科数字技术有限公司,成都·郫都·合作街道,1.4-2.8万·14薪,经验不限,本科
Java/c/c++/python/js软件开发工程师,外企德科数字技术有限公司,成都·郫都·合作街道,1.4-2.8万·14薪,经验不限,本科
Java/C++/C/Python/GO/JS,外企德科数字技术有限公司,成都·郫都·合作街道,1.2-2.4万·15薪,经验不限,本科
Java/C++/C/Python/GO/JS,外企德科数字技术有限公司,成都·郫都·合作街道,1.2-2.4万·15薪,经验不限,本科
Java/Python/C/C++/测试/算法/前端岗,外企德科数字技术有限公司,成都·郫都·合作街道,1.2-2.4万·14薪,经验不限,本科
Java/Python/C/C++/测试/算法/前端岗,外企德科数字技术有限公司,成都·郫都·合作街道,1.2-2.4万·14薪,经验不限,本科
C/C++/Java/Python/Go通用软件开发/测试,外企德科数字技术有限公司,深圳·龙岗·坂田,1.5-3万,经验不限,本科
C/C++/Java/Python/Go通用软件开发/测试,外企德科数字技术有限公司,深圳·龙岗·坂田,1.5-3万,经验不限,本科
Java/c/c++/python/js软件开发工程师,外企德科数字技术有限公司,东莞·大朗镇,1.4-2.8万·14薪,经验不限,本科
Java/c/c++/python/js软件开发工程师,外企德科数字技术有限公司,东莞·大朗镇,1.4-2.8万·14薪,经验不限,本科
Java/C/C++/Python/JS 软件开发测试工程师,外企德科数字技术有限公司,济南·历下·龙洞,1.5-2.8万·14薪,经验不限,本科
Java/C/C++/Python/JS 软件开发测试工程师,外企德科数字技术有限公司,济南·历下·龙洞,1.5-2.8万·14薪,经验不限,本科
c++软件研发工程师,外企德科数字技术有限公司,武汉·江夏·豹澥,1.2-2.4万·14薪,经验不限,本科
c++软件研发工程师,外企德科数字技术有限公司,武汉·江夏·豹澥,1.2-2.4万·14薪,经验不限,本科
C++ 开发工程师,外企德科数字技术有限公司,武汉·江夏·豹澥,1.3-2.5万,经验不限,本科
C++ 开发工程师,外企德科数字技术有限公司,武汉·江夏·豹澥,1.3-2.5万,经验不限,本科
C/C++/C#/python/算法工程师/java,外企德科数字技术有限公司,杭州·滨江·长河,1.3-2.5万·14薪,经验不限,本科
C/C++/C#/python/算法工程师/java,外企德科数字技术有限公司,杭州·滨江·长河,1.3-2.5万·14薪,经验不限,本科
C++开发工程师,外企德科数字技术有限公司,西安·长安·漳浒寨,1.3-2.6万,经验不限,本科
C++开发工程师,外企德科数字技术有限公司,西安·长安·漳浒寨,1.3-2.6万,经验不限,本科
Java/C/C++/Python/前端/测试（接受应届）,外企德科数字技术有限公司,杭州·滨江·长河,1.6-2.4万·14薪,经验不限,本科
Java/C/C++/Python/前端/测试（接受应届）,外企德科数字技术有限公司,杭州·滨江·长河,1.6-2.4万·14薪,经验不限,本科
软件工程师c/c++/python/java+双休,外企德科数字技术有限公司,苏州·虎丘,2.2-2.3万·16薪,经验不限,本科
软件工程师c/c++/python/java+双休,外企德科数字技术有限公司,苏州·虎丘,2.2-2.3万·16薪,经验不限,本科
软件工程师c/c++/python/java+双休,外企德科数字技术有限公司,西安·雁塔·漳浒寨,2.2-2.3万·16薪,经验不限,本科
软件工程师c/c++/python/java+双休,外企德科数字技术有限公司,西安·雁塔·漳浒寨,2.2-2.3万·16薪,经验不限,本科
Java/C/C++/python/GO/web/测试,外企德科数字技术有限公司,东莞·大朗镇,1.2-2.4万,经验不限,本科
Java/C/C++/python/GO/web/测试,外企德科数字技术有限公司,东莞·大朗镇,1.2-2.4万,经验不限,本科
C/C++/Java/Python/JS软件开发/算法/数据,外企德科数字技术有限公司,贵阳·花溪·湖潮,1.7-3万·15薪,经验不限,本科
C/C++/Java/Python/JS软件开发/算法/数据,外企德科数字技术有限公司,贵阳·花溪·湖潮,1.7-3万·15薪,经验不限,本科
Java/Python/C/C++/数开/测试/算法/前端岗,外企德科数字技术有限公司,武汉·江夏·豹澥,1.5-3万·14薪,经验不限,本科
Java/Python/C/C++/数开/测试/算法/前端岗,外企德科数字技术有限公司,武汉·江夏·豹澥,1.5-3万·14薪,经验不限,本科
Java/Python/C/C++/数开/测试/算法/前端岗,外企德科数字技术有限公司,武汉·江夏·豹澥,1.5-3万·14薪,经验不限,本科
Java/Python/C/C++/数开/测试/算法/前端岗,外企德科数字技术有限公司,武汉·江夏·豹澥,1.5-3万·14薪,经验不限,本科
C/C++/Java/Python/JS软件开发/算法/数据,外企德科数字技术有限公司,佛山·禅城·祖庙,1.7-3万·15薪,经验不限,本科
C/C++/Java/Python/JS软件开发/算法/数据,外企德科数字技术有限公司,佛山·禅城·祖庙,1.7-3万·15薪,经验不限,本科
C/C++/Java/Python/JS软件开发/算法/数据,外企德科数字技术有限公司,成都·郫都·合作街道,1.7-3万·15薪,经验不限,本科
C/C++/Java/Python/JS软件开发/算法/数据,外企德科数字技术有限公司,成都·郫都·合作街道,1.7-3万·15薪,经验不限,本科
Java/C/C++/Python/JS 软件开发（多部门推荐）,外企德科数字技术有限公司,西安·雁塔·漳浒寨,1.6-3万·14薪,经验不限,本科
Java/C/C++/Python/JS 软件开发（多部门推荐）,外企德科数字技术有限公司,西安·雁塔·漳浒寨,1.6-3万·14薪,经验不限,本科
JAVA/JS/C/C++/Python/go/测试,外企德科数字技术有限公司,杭州·滨江·长河,1.5-3万·14薪,经验不限,本科
JAVA/JS/C/C++/Python/go/测试,外企德科数字技术有限公司,杭州·滨江·长河,1.5-3万·14薪,经验不限,本科
JAVA/JS/C/C++/Python/go/测试,外企德科数字技术有限公司,武汉·江夏·豹澥,1.5-3万·14薪,经验不限,本科
JAVA/JS/C/C++/Python/go/测试,外企德科数字技术有限公司,武汉·江夏·豹澥,1.5-3万·14薪,经验不限,本科
C/C++/python/Java/JS/测试/算法所有语言都有招聘,外企德科数字技术有限公司,南京·雨花台·铁心桥,1.2-2.4万,经验不限,本科
C/C++/python/Java/JS/测试/算法所有语言都有招聘,外企德科数字技术有限公司,南京·雨花台·铁心桥,1.2-2.4万,经验不限,本科
C++/C/Java/python/GO/JS/算法（所有语言都有招聘）,外企德科数字技术有限公司,武汉·江夏·豹澥,1.3-2.6万·15薪,经验不限,本科
C++/C/Java/python/GO/JS/算法（所有语言都有招聘）,外企德科数字技术有限公司,武汉·江夏·豹澥,1.3-2.6万·15薪,经验不限,本科
Java/C/C++/Python/前端/测试（接受应届）,外企德科数字技术有限公司,深圳·龙岗·坂田,1.5-3万·14薪,经验不限,本科
Java/C/C++/Python/前端/测试（接受应届）,外企德科数字技术有限公司,深圳·龙岗·坂田,1.5-3万·14薪,经验不限,本科
月薪15-35k/java/c++/python后端开发/,外企德科数字技术有限公司,上海·青浦·金泽,1.5-3万·14薪,经验不限,本科
月薪15-35k/java/c++/python后端开发/,外企德科数字技术有限公司,上海·青浦·金泽,1.5-3万·14薪,经验不限,本科
java/c++/python后端开发/软件测试,外企德科数字技术有限公司,长沙·岳麓·咸嘉湖,1.5-3万·16薪,经验不限,本科
java/c++/python后端开发/软件测试,外企德科数字技术有限公司,长沙·岳麓·咸嘉湖,1.5-3万·16薪,经验不限,本科
Java/c/c++/python/js软件开发工程师,外企德科数字技术有限公司,武汉·江夏·豹澥,1.4-2.8万·14薪,经验不限,本科
Java/c/c++/python/js软件开发工程师,外企德科数字技术有限公司,武汉·江夏·豹澥,1.4-2.8万·14薪,经验不限,本科
JAVA/C/C++/Python/go/web开发工程师 全国岗14薪，全额社保公积金 应届生/考研/考公失败可投,外企德科数字技术有限公司,北京·海淀·上地,1.5-3万·14薪,经验不限,本科
JAVA/C/C++/Python/go/web开发工程师 全国岗14薪，全额社保公积金 应届生/考研/考公失败可投,外企德科数字技术有限公司,北京·海淀·上地,1.5-3万·14薪,经验不限,本科
java/c++/python后端开发/软件测试,外企德科数字技术有限公司,武汉·江夏·豹澥,1.5-3万·16薪,经验不限,本科
java/c++/python后端开发/软件测试,外企德科数字技术有限公司,武汉·江夏·豹澥,1.5-3万·16薪,经验不限,本科
Java/C/C++/Python/JS 软件开发（多部门推荐）,外企德科数字技术有限公司,上海·浦东·金桥,1.8-3.5万·14薪,经验不限,本科
Java/C/C++/Python/JS 软件开发（多部门推荐）,外企德科数字技术有限公司,上海·浦东·金桥,1.8-3.5万·14薪,经验不限,本科
Java/C/C++/Python/JS 软件开发（多部门推荐）,外企德科数字技术有限公司,深圳·龙岗·坂田,1.8-3.5万·14薪,经验不限,本科
Java/C/C++/Python/JS 软件开发（多部门推荐）,外企德科数字技术有限公司,深圳·龙岗·坂田,1.8-3.5万·14薪,经验不限,本科
初级开发【Java/python/C++】【25届/24届无经验可投】,外企德科数字技术有限公司,北京·海淀,1-1.8万·14薪,1年以下,本科
初级开发【Java/python/C++】【25届/24届无经验可投】,外企德科数字技术有限公司,北京·海淀,1-1.8万·14薪,1年以下,本科
JAVA/C++/C/Python 14薪双休 应届生可投,外企德科数字技术有限公司,武汉·硚口·长丰,1.5-3万,经验不限,本科
JAVA/C++/C/Python 14薪双休 应届生可投,外企德科数字技术有限公司,武汉·硚口·长丰,1.5-3万,经验不限,本科
Java/C++/C/python/测试工程师（接受25届，导师带教）,外企德科数字技术有限公司,上海·浦东·金桥,1.5-3万·14薪,经验不限,本科
Java/C++/C/python/测试工程师（接受25届，导师带教）,外企德科数字技术有限公司,上海·浦东·金桥,1.5-3万·14薪,经验不限,本科
初级/中级c++软件开发工程师（可转语言）,外企德科数字技术有限公司,深圳·龙岗·坂田,1.2-2.4万·14薪,经验不限,本科
初级/中级c++软件开发工程师（可转语言）,外企德科数字技术有限公司,深圳·龙岗·坂田,1.2-2.4万·14薪,经验不限,本科
Java/C++/python/c/算法岗位,外企德科数字技术有限公司,成都·郫都·合作街道,1.5-3万,经验不限,本科
Java/C++/python/c/算法岗位,外企德科数字技术有限公司,成都·郫都·合作街道,1.5-3万,经验不限,本科
Java/C++/python/c/算法岗位,外企德科数字技术有限公司,成都·郫都·合作街道,1.5-3万,经验不限,本科
Java/C++/python/c/算法岗位,外企德科数字技术有限公司,成都·郫都·合作街道,1.5-3万,经验不限,本科
Java/C/C++/Python/前端/测试（接受应届）,外企德科数字技术有限公司,苏州·工业园区,1.6-2.6万·14薪,经验不限,本科
Java/C/C++/Python/前端/测试（接受应届）,外企德科数字技术有限公司,苏州·工业园区,1.6-2.6万·14薪,经验不限,本科
Java/python/JS/C+＋开发/测试(核心项目),外企德科数字技术有限公司,深圳·龙岗·坂田,1.5-3万·14薪,无经验,本科
Java/python/JS/C+＋开发/测试(核心项目),外企德科数字技术有限公司,深圳·龙岗·坂田,1.5-3万·14薪,无经验,本科
java/c++/python后端开发/软件测试,外企德科数字技术有限公司,深圳·龙岗·坂田,1.5-3万·16薪,经验不限,本科
java/c++/python后端开发/软件测试,外企德科数字技术有限公司,深圳·龙岗·坂田,1.5-3万·16薪,经验不限,本科
Java/C/C++/Python/前端/测试（接受应届）,外企德科数字技术有限公司,武汉·江夏·豹澥,1.5-3万·14薪,经验不限,本科
Java/C/C++/Python/前端/测试（接受应届）,外企德科数字技术有限公司,武汉·江夏·豹澥,1.5-3万·14薪,经验不限,本科
Java/C/C++（急急急，诚聘）,外企德科数字技术有限公司,上海·青浦·金泽,1.4-2.6万,1-3年,学历不限
Java/C/C++（急急急，诚聘）,外企德科数字技术有限公司,上海·青浦·金泽,1.4-2.6万,1-3年,学历不限
C/C++软件开发工程师（初中高级均有岗位-线上面试）,外企德科数字技术有限公司,西安·雁塔·漳浒寨,1.5-2.8万·14薪,3-5年,本科
C/C++软件开发工程师（初中高级均有岗位-线上面试）,外企德科数字技术有限公司,西安·雁塔·漳浒寨,1.5-2.8万·14薪,3-5年,本科
FAE-C/C++、嵌入式现场技术支持-可看应届生,外企德科数字技术有限公司,武汉·江夏·豹澥,1-1.2万,3-5年,本科
FAE-C/C++、嵌入式现场技术支持-可看应届生,外企德科数字技术有限公司,武汉·江夏·豹澥,1-1.2万,3-5年,本科
C++软件开发/嵌入式开发（急急急）,外企德科数字技术有限公司,苏州·工业园区,1.3-2.5万,1-3年,本科
C++软件开发/嵌入式开发（急急急）,外企德科数字技术有限公司,苏州·工业园区,1.3-2.5万,1-3年,本科
算法工程师-Python C++,外企德科数字技术有限公司,苏州·工业园区,1.5-2.5万·14薪,3-5年,本科
算法工程师-Python C++,外企德科数字技术有限公司,苏州·工业园区,1.5-2.5万·14薪,3-5年,本科
软件开发测试工程师（c++、c、java、python）,外企德科数字技术有限公司,武汉·江夏·豹澥,1.1-1.4万,经验不限,学历不限
软件开发测试工程师（c++、c、java、python）,外企德科数字技术有限公司,武汉·江夏·豹澥,1.1-1.4万,经验不限,学历不限
软件测试工程师（Java、C、C++、python）,外企德科数字技术有限公司,东莞·大朗镇,1.3-1.6万,经验不限,学历不限
软件测试工程师（Java、C、C++、python）,外企德科数字技术有限公司,东莞·大朗镇,1.3-1.6万,经验不限,学历不限
测试/前端/后端开发工程师Java/C/C++/JS/Python,外企德科数字技术有限公司,上海·浦东·金桥,1.4-2.8万·14薪,经验不限,本科
测试/前端/后端开发工程师Java/C/C++/JS/Python,外企德科数字技术有限公司,上海·浦东·金桥,1.4-2.8万·14薪,经验不限,本科
JAVA/C/C++/Python/go/web开发工程师,外企德科数字技术有限公司,武汉·江夏·豹澥,1.8-3.5万·15薪,经验不限,本科
JAVA/C/C++/Python/go/web开发工程师,外企德科数字技术有限公司,武汉·江夏·豹澥,1.8-3.5万·15薪,经验不限,本科
java/c++/python后端开发/,外企德科数字技术有限公司,上海·青浦·金泽,1.8-3.5万·16薪,经验不限,本科
java/c++/python后端开发/,外企德科数字技术有限公司,上海·青浦·金泽,1.8-3.5万·16薪,经验不限,本科
java/Python/C/C++/JS/AI算法/软件测试,外企德科数字技术有限公司,上海·浦东·金桥,1.5-3万,1-3年,本科
java/Python/C/C++/JS/AI算法/软件测试,外企德科数字技术有限公司,上海·浦东·金桥,1.5-3万,1-3年,本科
C/C++/Java/JS/Python/Go软件开发【全国有岗位 可接受应届】,外企德科数字技术有限公司,杭州·滨江·西兴,1.5-3万·14薪,经验不限,本科
C/C++/Java/JS/Python/Go软件开发【全国有岗位 可接受应届】,外企德科数字技术有限公司,杭州·滨江·西兴,1.5-3万·14薪,经验不限,本科
java/c++/C/Python/前端开发工程师,外企德科数字技术有限公司,深圳·龙岗·坂田,1.5-3万·14薪,经验不限,本科
java/c++/C/Python/前端开发工程师,外企德科数字技术有限公司,深圳·龙岗·坂田,1.5-3万·14薪,经验不限,本科
Java/C/C++/JS/python/测试/运维开发/数据（接受24届无经验、考研断档）,外企德科数字技术有限公司,杭州·滨江·长河,1.7-3万·14薪,经验不限,本科
Java/C/C++/JS/python/测试/运维开发/数据（接受24届无经验、考研断档）,外企德科数字技术有限公司,杭州·滨江·长河,1.7-3万·14薪,经验不限,本科
Java/C/C++/JS/python/测试/运维开发/数据（接受24届无经验、考研断档等）,外企德科数字技术有限公司,上海·浦东·金桥,1.7-3万·14薪,经验不限,本科
Java/C/C++/JS/python/测试/运维开发/数据（接受24届无经验、考研断档等）,外企德科数字技术有限公司,上海·浦东·金桥,1.7-3万·14薪,经验不限,本科
前端/Java/Python/C/C++/go开发工程师,外企德科数字技术有限公司,合肥·蜀山·笔架山,2-4万·14薪,经验不限,本科
前端/Java/Python/C/C++/go开发工程师,外企德科数字技术有限公司,合肥·蜀山·笔架山,2-4万·14薪,经验不限,本科
前端/Java/Python/C/C++/go开发工程师,外企德科数字技术有限公司,合肥·蜀山·笔架山,2-4万·14薪,经验不限,本科
前端/Java/Python/C/C++/go开发工程师,外企德科数字技术有限公司,合肥·蜀山·笔架山,2-4万·14薪,经验不限,本科
C/C++开发工程师,外企德科数字技术有限公司,杭州·滨江·长河,1.4-2.8万·14薪,经验不限,本科
C/C++开发工程师,外企德科数字技术有限公司,杭州·滨江·长河,1.4-2.8万·14薪,经验不限,本科
软件开发工程师(Java/Python/C/C++/Js),外企德科数字技术有限公司,上海·青浦·金泽,1.5-3万,经验不限,本科
软件开发工程师(Java/Python/C/C++/Js),外企德科数字技术有限公司,上海·青浦·金泽,1.5-3万,经验不限,本科
Java/C/C++/Python/Go开发工程师,外企德科数字技术有限公司,南京·雨花台·雨花,1.3-2.6万,1-3年,本科
Java/C/C++/Python/Go开发工程师,外企德科数字技术有限公司,南京·雨花台·雨花,1.3-2.6万,1-3年,本科
软件开发工程师（Java/C/C++/python),外企德科数字技术有限公司,东莞·常平镇,1.5-3万·14薪,经验不限,本科
软件开发工程师（Java/C/C++/python),外企德科数字技术有限公司,东莞·常平镇,1.5-3万·14薪,经验不限,本科
Java/C++/C/Python/GO/JS,外企德科数字技术有限公司,上海·浦东·金桥,1.2-2.4万·15薪,经验不限,本科
Java/C++/C/Python/GO/JS,外企德科数字技术有限公司,上海·浦东·金桥,1.2-2.4万·15薪,经验不限,本科
Java/Python/C/C++/测试/算法/前端岗,外企德科数字技术有限公司,西安·雁塔·漳浒寨,1.2-2.4万·14薪,经验不限,本科
Java/Python/C/C++/测试/算法/前端岗,外企德科数字技术有限公司,西安·雁塔·漳浒寨,1.2-2.4万·14薪,经验不限,本科
软件开发工程师（Java/C/C++/python),外企德科数字技术有限公司,西安·雁塔·漳浒寨,1.5-3万·14薪,经验不限,本科
软件开发工程师（Java/C/C++/python),外企德科数字技术有限公司,西安·雁塔·漳浒寨,1.5-3万·14薪,经验不限,本科
c++软件研发工程师,外企德科数字技术有限公司,哈尔滨·道里·康安,1.2-2.4万·14薪,经验不限,本科
c++软件研发工程师,外企德科数字技术有限公司,哈尔滨·道里·康安,1.2-2.4万·14薪,经验不限,本科
JAVA/C++/C/Python 14薪双休 应届生可投,外企德科数字技术有限公司,上海·浦东·花木,1.5-3万,经验不限,本科
JAVA/C++/C/Python 14薪双休 应届生可投,外企德科数字技术有限公司,上海·浦东·花木,1.5-3万,经验不限,本科
Java/C/C++软件开发/测试工程师（双休+五险一金+年终奖）,外企德科数字技术有限公司,北京·海淀,1.9-3.5万·16薪,经验不限,本科
Java/C/C++软件开发/测试工程师（双休+五险一金+年终奖）,外企德科数字技术有限公司,北京·海淀,1.9-3.5万·16薪,经验不限,本科
C/C++/Java/JS/Python软件开发【全国有岗】,外企德科数字技术有限公司,贵阳·花溪,1.5-3万·14薪,经验不限,本科
C/C++/Java/JS/Python软件开发【全国有岗】,外企德科数字技术有限公司,贵阳·花溪,1.5-3万·14薪,经验不限,本科
测试/前端/后端开发工程师Java/C/C++/JS/Python,外企德科数字技术有限公司,东莞·大朗镇,1.5-3万·14薪,经验不限,本科
测试/前端/后端开发工程师Java/C/C++/JS/Python,外企德科数字技术有限公司,东莞·大朗镇,1.5-3万·14薪,经验不限,本科
接受小白，python、c、c++、Java一种开发语言即可,外企德科数字技术有限公司,东莞·大朗镇,1.6-3万,经验不限,本科
接受小白，python、c、c++、Java一种开发语言即可,外企德科数字技术有限公司,东莞·大朗镇,1.6-3万,经验不限,本科
后/前端开发、测试【24/25/无经验也可投】接受java、c＋＋、js不限语言,外企德科数字技术有限公司,东莞·大朗镇,1.5-3万·14薪,经验不限,本科
后/前端开发、测试【24/25/无经验也可投】接受java、c＋＋、js不限语言,外企德科数字技术有限公司,东莞·大朗镇,1.5-3万·14薪,经验不限,本科
ai算法工程师（c、c++、java、python),外企德科数字技术有限公司,东莞·大朗镇,1.1-1.6万,经验不限,学历不限
ai算法工程师（c、c++、java、python),外企德科数字技术有限公司,东莞·大朗镇,1.1-1.6万,经验不限,学历不限
java/Python/C/C++/JS/AI算法/软件测试,外企德科数字技术有限公司,东莞·大朗镇,2-4万·14薪,经验不限,本科
java/Python/C/C++/JS/AI算法/软件测试,外企德科数字技术有限公司,东莞·大朗镇,2-4万·14薪,经验不限,本科
C/C++/Java/Python/JS软件开发/算法/数据,外企德科数字技术有限公司,南宁·青秀·津头,1.7-3万·15薪,经验不限,本科
C/C++/Java/Python/JS软件开发/算法/数据,外企德科数字技术有限公司,南宁·青秀·津头,1.7-3万·15薪,经验不限,本科
软件通用岗位/接受应届考研考公失败 java/python/C++/测试/C/GO/大数据开发,外企德科数字技术有限公司,东莞·大朗镇,1.5-3万·14薪,经验不限,本科
软件通用岗位/接受应届考研考公失败 java/python/C++/测试/C/GO/大数据开发,外企德科数字技术有限公司,东莞·大朗镇,1.5-3万·14薪,经验不限,本科
Java/C++/python/c/算法岗位,外企德科数字技术有限公司,桂林·临桂区·临桂镇,1.5-3万,经验不限,本科
Java/C++/python/c/算法岗位,外企德科数字技术有限公司,桂林·临桂区·临桂镇,1.5-3万,经验不限,本科
机器人javaScript架构双休,深圳市天域智慧服务有限公司,南京·秦淮·光华路,1.6-1.8万·13薪,经验不限,学历不限
机器人javaScript架构双休,深圳市天域智慧服务有限公司,南京·秦淮·光华路,1.6-1.8万·13薪,经验不限,学历不限
机器人javaScript架构双休,深圳市天域智慧服务有限公司,南京·秦淮·光华路,1.6-1.8万·13薪,经验不限,学历不限
机器人javaScript架构双休,深圳市天域智慧服务有限公司,南京·秦淮·光华路,1.6-1.8万·13薪,经验不限,学历不限
javaScript后台开发负责人,北京怡景人力资源服务有限公司,天津·河西·友谊路,1.3-1.4万·13薪,经验不限,高中
javaScript后台开发负责人,北京怡景人力资源服务有限公司,天津·河西·友谊路,1.3-1.4万·13薪,经验不限,高中
javaScript后台开发工程师,青岛青柠檬人力资源有限公司,成都·金牛·猛追湾,1.6-1.9万·13薪,经验不限,高中
javaScript后台开发工程师,青岛青柠檬人力资源有限公司,成都·金牛·猛追湾,1.6-1.9万·13薪,经验不限,高中
无人机JAVAScript工程师,深圳市天域智慧服务有限公司,南京·秦淮·光华路,1.6-1.7万·13薪,经验不限,中专/中技
无人机JAVAScript工程师,深圳市天域智慧服务有限公司,南京·秦淮·光华路,1.6-1.7万·13薪,经验不限,中专/中技
JavaScript石家庄,河北迪埃驰法森纳科技有限公司,石家庄·新华·跃进,1.5-1.6万·13薪,经验不限,学历不限
JavaScript石家庄,河北迪埃驰法森纳科技有限公司,石家庄·新华·跃进,1.5-1.6万·13薪,经验不限,学历不限
运营JAVAScript程序员,青岛青柠檬人力资源有限公司,成都·武侯·草市街,1.6-1.9万·13薪,经验不限,学历不限
运营JAVAScript程序员,青岛青柠檬人力资源有限公司,成都·武侯·草市街,1.6-1.9万·13薪,经验不限,学历不限
无人机JAVAScript程序员双二休,杭州众萃人力资源服务有限公司,杭州·滨江·彭埠,1.7-1.8万,经验不限,学历不限
无人机JAVAScript程序员双二休,杭州众萃人力资源服务有限公司,杭州·滨江·彭埠,1.7-1.8万,经验不限,学历不限
JavaScript前端开发工程师,湖南东数交通科技有限公司,长沙·开福·浏阳河,5000-8000元,5-10年,大专
JavaScript前端开发工程师,湖南东数交通科技有限公司,长沙·开福·浏阳河,5000-8000元,5-10年,大专
JavaScript开发工程师（偏后端）,英业达集团(天津)电子技术有限公司,天津·南开·嘉陵道,7000-10000元,经验不限,本科
JavaScript开发工程师（偏后端）,英业达集团(天津)电子技术有限公司,天津·南开·嘉陵道,7000-10000元,经验不限,本科
javaScript开发负责人,广州一滴水企业管理服务有限公司,深圳·坪山·莲花,1.9-2万,经验不限,中专/中技
javaScript开发负责人,广州一滴水企业管理服务有限公司,深圳·坪山·莲花,1.9-2万,经验不限,中专/中技
软件开发工程师（TS、Python、Java、Android，JavaScript、C、C++、JS、ArkTS）,湖北电行科技有限公司,北京·昌平,1.3-1.5万,1-3年,本科
软件开发工程师（TS、Python、Java、Android，JavaScript、C、C++、JS、ArkTS）,湖北电行科技有限公司,北京·昌平,1.3-1.5万,1-3年,本科
javaScript机器人顾问,沈阳莱弗人力资源管理有限公司,重庆·渝中·马鞍,1.4-1.5万·13薪,经验不限,学历不限
javaScript机器人顾问,沈阳莱弗人力资源管理有限公司,重庆·渝中·马鞍,1.4-1.5万·13薪,经验不限,学历不限
php后端mysql、swoole、JavaScript、AjaxH5,菁沐人力资源服务(沧州)有限公司,西安·雁塔·漳浒寨,1.3-2.1万,1-3年,大专
php后端mysql、swoole、JavaScript、AjaxH5,菁沐人力资源服务(沧州)有限公司,西安·雁塔·漳浒寨,1.3-2.1万,1-3年,大专
javascript全栈工程师,济南龙腾人力资源管理有限公司,济南·天桥,8000-12000元,3-5年,本科
javascript全栈工程师,济南龙腾人力资源管理有限公司,济南·天桥,8000-12000元,3-5年,本科
前端工程师（北京 JavaScript WEB）,广州宏意星,北京·朝阳·八里庄,1.5-2万,3-5年,本科
前端工程师（北京 JavaScript WEB）,广州宏意星,北京·朝阳·八里庄,1.5-2万,3-5年,本科
大模型javaScript程序员双二休,山东胜兴城市服务有限公司,上海·闵行·长海路,1.7-1.9万·13薪,经验不限,高中
大模型javaScript程序员双二休,山东胜兴城市服务有限公司,上海·闵行·长海路,1.7-1.9万·13薪,经验不限,高中
JavaScript/Web前端开发工程师（急招 要求会cesium、 threejs。 ）,青岛中海潮科技有限公司,青岛·市南·香港中路,8000-11000元·13薪,1-3年,本科
JavaScript/Web前端开发工程师（急招 要求会cesium、 threejs。 ）,青岛中海潮科技有限公司,青岛·市南·香港中路,8000-11000元·13薪,1-3年,本科
JavaScript软件开发工程师,青岛远航高新科技股份有限公司,青岛·李沧·李村,6000-7000元,1-3年,本科
JavaScript软件开发工程师,青岛远航高新科技股份有限公司,青岛·李沧·李村,6000-7000元,1-3年,本科
Javascript运维,软通动力信息技术(集团)股份有限公司,东莞·松山湖·南城街道,8000-12000元,1-3年,本科
Javascript运维,软通动力信息技术(集团)股份有限公司,东莞·松山湖·南城街道,8000-12000元,1-3年,本科
郑州vue+微信小程序前端开发实习生（JavaScript）,上海玉带信息技术有限公司,郑州·二七区·淮河路,1000-2000元,经验不限,大专
郑州vue+微信小程序前端开发实习生（JavaScript）,上海玉带信息技术有限公司,郑州·二七区·淮河路,1000-2000元,经验不限,大专
web前端工程师,南京利智禾软件科技有限公司,南京·溧水·柘塘,9000-12000元,3-5年,本科
web前端工程师,南京利智禾软件科技有限公司,南京·溧水·柘塘,9000-12000元,3-5年,本科
web前端工程师,南京利智禾软件科技有限公司,南京·溧水·柘塘,9000-12000元,3-5年,本科
web前端工程师,南京利智禾软件科技有限公司,南京·溧水·柘塘,9000-12000元,3-5年,本科
JavaScript测试开发工程师,软通动力信息技术(集团)股份有限公司,成都·武侯·桂溪,9000-10000元·13薪,1-3年,本科
JavaScript测试开发工程师,软通动力信息技术(集团)股份有限公司,成都·武侯·桂溪,9000-10000元·13薪,1-3年,本科
精实招聘软件工程师+包吃住+五险+月薪7-14K,湖北前包人力资源集团有限公司,武汉·东西湖·慈惠,7000-10000元,3-5年,大专
精实招聘软件工程师+包吃住+五险+月薪7-14K,湖北前包人力资源集团有限公司,武汉·东西湖·慈惠,7000-10000元,3-5年,大专
软件开发实习生(对日),凌志软件,南通·如皋·如城,150-200元/天,无经验,本科
软件开发实习生(对日),凌志软件,南通·如皋·如城,150-200元/天,无经验,本科
java开发工程师,软通动力信息技术(集团)股份有限公司,深圳·龙岗·坂田,1-1.7万,3-5年,本科
java开发工程师,软通动力信息技术(集团)股份有限公司,深圳·龙岗·坂田,1-1.7万,3-5年,本科
web前端工程师,润和软件,上海·浦东·张江,1.5-2万,3-5年,本科
web前端工程师,润和软件,上海·浦东·张江,1.5-2万,3-5年,本科
java开发架构-科大14薪正编岗,成都优航凡人力资源管理有限公司,合肥·蜀山·高新区,2-3万·14薪,5-10年,本科
java开发架构-科大14薪正编岗,成都优航凡人力资源管理有限公司,合肥·蜀山·高新区,2-3万·14薪,5-10年,本科
高级java工程师,首聘(北京)科技有限公司,北京·朝阳·酒仙桥,1.2-1.3万,1-3年,大专
高级java工程师,首聘(北京)科技有限公司,北京·朝阳·酒仙桥,1.2-1.3万,1-3年,大专
JAVA工程师,万古人力科技集团有限公司,天津·西青·张家窝,2-3万,3-5年,本科
JAVA工程师,万古人力科技集团有限公司,天津·西青·张家窝,2-3万,3-5年,本科
后端开发工程师,外企德科数字技术有限公司,北京·海淀·上地,1.5-2.2万,1-3年,本科
后端开发工程师,外企德科数字技术有限公司,北京·海淀·上地,1.5-2.2万,1-3年,本科
java开发工程师（大厂+五险一金）,软通动力信息技术(集团)股份有限公司,北京·通州·台湖,1.3-1.8万,5-10年,大专
java开发工程师（大厂+五险一金）,软通动力信息技术(集团)股份有限公司,北京·通州·台湖,1.3-1.8万,5-10年,大专
测试（保定）,深圳市法本信息技术股份有限公司,保定·莲池·五四路,7000-8000元,1-3年,大专
测试（保定）,深圳市法本信息技术股份有限公司,保定·莲池·五四路,7000-8000元,1-3年,大专
后端开发工程师,外企德科数字技术有限公司,苏州·工业园区,1.5-2.2万,1-3年,本科
后端开发工程师,外企德科数字技术有限公司,苏州·工业园区,1.5-2.2万,1-3年,本科
APP 与小程序前端开发工程师,首森勘察设计有限公司,成都·武侯·簇锦,1.2-1.5万,5-10年,本科
APP 与小程序前端开发工程师,首森勘察设计有限公司,成都·武侯·簇锦,1.2-1.5万,5-10年,本科
中级前端开发工程师,润建股份,广州·黄埔·联和,1.1-1.4万,1-3年,本科
中级前端开发工程师,润建股份,广州·黄埔·联和,1.1-1.4万,1-3年,本科
高级前端开发工程师,安徽中科锌能科技有限公司,合肥·蜀山·高新区,1-1.5万,5-10年,本科
高级前端开发工程师,安徽中科锌能科技有限公司,合肥·蜀山·高新区,1-1.5万,5-10年,本科
前端开发（短期3个月）,北京易才博普奥管理顾问有限公司,成都·龙泉驿·大面,1-1.5万,3-5年,大专
前端开发（短期3个月）,北京易才博普奥管理顾问有限公司,成都·龙泉驿·大面,1-1.5万,3-5年,大专
资产系统开发岗(J10387),富德保险控股股份有限公司,深圳·龙岗·龙城,8000-15000元,3-5年,本科
资产系统开发岗(J10387),富德保险控股股份有限公司,深圳·龙岗·龙城,8000-15000元,3-5年,本科
东莞Java开发（BPIT本科-2年以上）,软通动力信息技术(集团)股份有限公司,东莞·寮步镇,1.1-1.4万,3-5年,本科
东莞Java开发（BPIT本科-2年以上）,软通动力信息技术(集团)股份有限公司,东莞·寮步镇,1.1-1.4万,3-5年,本科
Java软件开发工程师,北京盛安同力科技开发有限公司,西安·长安·韦曲,8000-16000元,1-3年,本科
Java软件开发工程师,北京盛安同力科技开发有限公司,西安·长安·韦曲,8000-16000元,1-3年,本科
java后端工程师,南京利智禾软件科技有限公司,南京·溧水·柘塘,1-1.3万,3-5年,本科
java后端工程师,南京利智禾软件科技有限公司,南京·溧水·柘塘,1-1.3万,3-5年,本科
java后端工程师,南京利智禾软件科技有限公司,南京·溧水·柘塘,1-1.3万,3-5年,本科
java后端工程师,南京利智禾软件科技有限公司,南京·溧水·柘塘,1-1.3万,3-5年,本科
java软件开发工程师,沃科智融(北京)科技有限公司,成都·武侯·机投桥,1-2万,5-10年,本科
java软件开发工程师,沃科智融(北京)科技有限公司,成都·武侯·机投桥,1-2万,5-10年,本科
金融Java开发,鹏讯科技(大连)有限公司,南京·建邺·双闸,1-1.2万,3-5年,本科
金融Java开发,鹏讯科技(大连)有限公司,南京·建邺·双闸,1-1.2万,3-5年,本科
web前端工程师,南京利智禾软件科技有限公司,南京·溧水·柘塘,1-1.3万,3-5年,本科
web前端工程师,南京利智禾软件科技有限公司,南京·溧水·柘塘,1-1.3万,3-5年,本科
H82347岗 Java开发工程师,武汉佰钧成技术有限责任公司,武汉·江夏·豹澥,9000-11000元,经验不限,本科
H82347岗 Java开发工程师,武汉佰钧成技术有限责任公司,武汉·江夏·豹澥,9000-11000元,经验不限,本科
中级后端开发工程师,润建股份,广州·黄埔·联和,1.2-1.5万,3-5年,本科
中级后端开发工程师,润建股份,广州·黄埔·联和,1.2-1.5万,3-5年,本科
JAVA高级研发工程师（电力行业信息化）,华普电力有限公司,重庆·江北,1-1.5万,5-10年,本科
JAVA高级研发工程师（电力行业信息化）,华普电力有限公司,重庆·江北,1-1.5万,5-10年,本科
web前端工程师,北京华成智慧交通科技有限公司,天津·和平·小白楼,1-1.5万,3-5年,本科
web前端工程师,北京华成智慧交通科技有限公司,天津·和平·小白楼,1-1.5万,3-5年,本科
全栈开发工程师,北京昆仑海岸科技股份有限公司,北京·海淀·上地,1.2-1.5万,1-3年,本科
全栈开发工程师,北京昆仑海岸科技股份有限公司,北京·海淀·上地,1.2-1.5万,1-3年,本科
H80341岗前端开发 - 深圳,武汉佰钧成技术有限责任公司,深圳·南山·南山,1-1.5万,1-3年,本科
H80341岗前端开发 - 深圳,武汉佰钧成技术有限责任公司,深圳·南山·南山,1-1.5万,1-3年,本科
前端工程师,湖南意达智维科技有限公司,长沙·天心·桂花坪,8000-11000元,经验不限,大专
前端工程师,湖南意达智维科技有限公司,长沙·天心·桂花坪,8000-11000元,经验不限,大专
java开发工程师,重庆从宝科技有限公司,重庆·九龙坡·谢家湾,6000-9000元,经验不限,学历不限
java开发工程师,重庆从宝科技有限公司,重庆·九龙坡·谢家湾,6000-9000元,经验不限,学历不限
Web前端开发工程师,北京嘉和星华科技有限公司,北京·海淀·清河,8000-16000元,3-5年,大专
Web前端开发工程师,北京嘉和星华科技有限公司,北京·海淀·清河,8000-16000元,3-5年,大专
前端开发工程师（双休+全额社保公积金）,国控大健康科技(山东)有限公司,济南·历城·港沟,1-1.5万,3-5年,本科
前端开发工程师（双休+全额社保公积金）,国控大健康科技(山东)有限公司,济南·历城·港沟,1-1.5万,3-5年,本科
JAVA开发顾问(J10922),齐鲁制药,济南·历城·港沟,面议,3-5年,本科
JAVA开发顾问(J10922),齐鲁制药,济南·历城·港沟,面议,3-5年,本科
后端开发工程师,外企德科数字技术有限公司,南京·雨花台·雨花,1.5-2.1万,1-3年,本科
后端开发工程师,外企德科数字技术有限公司,南京·雨花台·雨花,1.5-2.1万,1-3年,本科
java游戏服务器开发工程师,武汉像素工坊动画传媒有限公司,武汉·江夏·佛祖岭,1.2-1.5万,1-3年,大专
java游戏服务器开发工程师,武汉像素工坊动画传媒有限公司,武汉·江夏·佛祖岭,1.2-1.5万,1-3年,大专
前端工程师,杭州臻郅科技有限公司,杭州·拱墅·康桥,1-1.5万,3-5年,本科
前端工程师,杭州臻郅科技有限公司,杭州·拱墅·康桥,1-1.5万,3-5年,本科
Java开发工程师（北京）,凌志软件,北京·朝阳·朝外,1.4-1.5万,3-5年,本科
Java开发工程师（北京）,凌志软件,北京·朝阳·朝外,1.4-1.5万,3-5年,本科
后端开发工程师,外企德科数字技术有限公司,上海·浦东·金桥,1.5-2.2万,1-3年,本科
后端开发工程师,外企德科数字技术有限公司,上海·浦东·金桥,1.5-2.2万,1-3年,本科
Java高级开发工程师,江苏苍龙琪信息技术有限公司,上海·浦东·南码头路,1.5-2.8万,5-10年,本科
Java高级开发工程师,江苏苍龙琪信息技术有限公司,上海·浦东·南码头路,1.5-2.8万,5-10年,本科
Java高级开发工程师,江苏苍龙琪信息技术有限公司,上海·浦东·南码头路,1.5-2.8万,5-10年,本科
Java高级开发工程师,江苏苍龙琪信息技术有限公司,上海·浦东·南码头路,1.5-2.8万,5-10年,本科
深圳Java开发（BPIT-本科2年以上）,软通动力信息技术(集团)股份有限公司,深圳·龙岗·坂田,1.1-1.4万,3-5年,本科
深圳Java开发（BPIT-本科2年以上）,软通动力信息技术(集团)股份有限公司,深圳·龙岗·坂田,1.1-1.4万,3-5年,本科
软件开发实习生（有转正机会）,杭州臻郅科技有限公司,杭州·拱墅·康桥,4000-5000元,经验不限,本科
软件开发实习生（有转正机会）,杭州臻郅科技有限公司,杭州·拱墅·康桥,4000-5000元,经验不限,本科
java开发工程师,山东骏腾医疗科技有限公司,济南·历下·舜华路,9000-13000元,3-5年,本科
java开发工程师,山东骏腾医疗科技有限公司,济南·历下·舜华路,9000-13000元,3-5年,本科
武汉Java开发（BPIT-本科2年以上）,软通动力信息技术(集团)股份有限公司,武汉·洪山·花山,1-1.2万,3-5年,本科
武汉Java开发（BPIT-本科2年以上）,软通动力信息技术(集团)股份有限公司,武汉·洪山·花山,1-1.2万,3-5年,本科
java架构师,天津联创优才人力资源管理有限公司,天津·滨海新区·大沽,8000-12000元,3-5年,本科
java架构师,天津联创优才人力资源管理有限公司,天津·滨海新区·大沽,8000-12000元,3-5年,本科
前端工程师,飞友科技有限公司,合肥·蜀山·高新区,1-1.4万,3-5年,本科
前端工程师,飞友科技有限公司,合肥·蜀山·高新区,1-1.4万,3-5年,本科
上位机软件工程师,威世诺智能科技(青岛)有限公司,青岛·城阳·上马,8000-12000元,5-10年,本科
上位机软件工程师,威世诺智能科技(青岛)有限公司,青岛·城阳·上马,8000-12000元,5-10年,本科
Java开发工程师,洛阳百为智能科技有限公司,洛阳·洛龙·诸葛,7000-10000元,3-5年,本科
Java开发工程师,洛阳百为智能科技有限公司,洛阳·洛龙·诸葛,7000-10000元,3-5年,本科
中高级java工程师(双休+五险一金）,银雁科技服务集团,上海·徐汇·田林,1.2-1.5万,3-5年,本科
中高级java工程师(双休+五险一金）,银雁科技服务集团,上海·徐汇·田林,1.2-1.5万,3-5年,本科
数字IC设计工程师,珠海佑航科技有限公司,合肥·包河·淝河,1.8-3.5万,5-10年,硕士
数字IC设计工程师,珠海佑航科技有限公司,合肥·包河·淝河,1.8-3.5万,5-10年,硕士
java开发工程师（技术经理定位-佛山）,北京开科唯识技术股份有限公司深圳分公司,佛山·南海·桂城,1.6-2万,5-10年,本科
java开发工程师（技术经理定位-佛山）,北京开科唯识技术股份有限公司深圳分公司,佛山·南海·桂城,1.6-2万,5-10年,本科
java开发工程师-驻场远光（国企）,深圳南区人瑞人力资源服务有限公司,珠海·香洲区·唐家湾镇,1.2-1.4万,3-5年,大专
java开发工程师-驻场远光（国企）,深圳南区人瑞人力资源服务有限公司,珠海·香洲区·唐家湾镇,1.2-1.4万,3-5年,大专
后端开发工程师（Java，需车机经验）,深圳万科祥盈管理服务有限公司,重庆·九龙坡·含谷,1.3-2.5万,3-5年,本科
后端开发工程师（Java，需车机经验）,深圳万科祥盈管理服务有限公司,重庆·九龙坡·含谷,1.3-2.5万,3-5年,本科
软件开发（AI方向）,北京首创生态环保集团股份有限公司,北京·西城·展览路,1.6-1.7万,经验不限,本科
软件开发（AI方向）,北京首创生态环保集团股份有限公司,北京·西城·展览路,1.6-1.7万,经验不限,本科
web前端工程师,郑州聊表汽车科技有限公司,鹤壁·淇滨区·长江路街道,6000-8000元,经验不限,大专
web前端工程师,郑州聊表汽车科技有限公司,鹤壁·淇滨区·长江路街道,6000-8000元,经验不限,大专
前端开发+十三薪+五险一金+下午茶,四川跃晟网络科技有限公司,成都·金牛·抚琴,5000-8000元,1-3年,大专
前端开发+十三薪+五险一金+下午茶,四川跃晟网络科技有限公司,成都·金牛·抚琴,5000-8000元,1-3年,大专
web前端工程师-线下面试,北京航科天成科技有限公司,北京·海淀·北太平庄,1.8-2.2万,5-10年,大专
web前端工程师-线下面试,北京航科天成科技有限公司,北京·海淀·北太平庄,1.8-2.2万,5-10年,大专
蚂蚁-Java开发工程师,广州欢创信息咨询有限公司,杭州·西湖·翠苑,1.5-3万·15薪,1-3年,本科
蚂蚁-Java开发工程师,广州欢创信息咨询有限公司,杭州·西湖·翠苑,1.5-3万·15薪,1-3年,本科
java高级工程师,上海度特信息科技有限公司,上海·闵行·新虹,1.4-1.7万,5-10年,大专
java高级工程师,上海度特信息科技有限公司,上海·闵行·新虹,1.4-1.7万,5-10年,大专
10-12k中级java（双休+工作餐+五险）,广西阿泰信息科技有限公司,南宁·西乡塘·心圩,1-1.2万,3-5年,本科
10-12k中级java（双休+工作餐+五险）,广西阿泰信息科技有限公司,南宁·西乡塘·心圩,1-1.2万,3-5年,本科
10-12k中级java（双休+工作餐+五险）,广西阿泰信息科技有限公司,南宁·西乡塘·心圩,1-1.2万,3-5年,本科
10-12k中级java（双休+工作餐+五险）,广西阿泰信息科技有限公司,南宁·西乡塘·心圩,1-1.2万,3-5年,本科
实施工程师,东华医为科技有限公司,长春·南关·临河,6000-10000元,经验不限,本科
实施工程师,东华医为科技有限公司,长春·南关·临河,6000-10000元,经验不限,本科
java开发工程师,江苏华瞻信息科技有限公司,南京·江宁·淳化,7000-13000元,1-3年,本科
java开发工程师,江苏华瞻信息科技有限公司,南京·江宁·淳化,7000-13000元,1-3年,本科
Java（短期）-深圳,成都迈思信息技术有限公司,深圳·福田·福田街道,8000-13000元,3-5年,本科
Java（短期）-深圳,成都迈思信息技术有限公司,深圳·福田·福田街道,8000-13000元,3-5年,本科
web前端工程师,郑州聊表汽车科技有限公司,周口·川汇区·搬口街道,6000-8000元,经验不限,大专
web前端工程师,郑州聊表汽车科技有限公司,周口·川汇区·搬口街道,6000-8000元,经验不限,大专
爬虫开发工程师（互联网大厂经验优先）,博彦科技承德有限公司,成都·成华·跳蹬河,1.1-1.3万,1-3年,本科
爬虫开发工程师（互联网大厂经验优先）,博彦科技承德有限公司,成都·成华·跳蹬河,1.1-1.3万,1-3年,本科
JAVA开发高级/资深工程师,南京坦道信息科技有限公司,西安·雁塔·丈八沟,1-1.6万,5-10年,本科
JAVA开发高级/资深工程师,南京坦道信息科技有限公司,西安·雁塔·丈八沟,1-1.6万,5-10年,本科
java软件开发工程师,武汉昆仑人力资源有限公司,杭州·萧山·盈丰,1.4-1.8万,5-10年,本科
java软件开发工程师,武汉昆仑人力资源有限公司,杭州·萧山·盈丰,1.4-1.8万,5-10年,本科
java开发工程师,软通动力信息技术(集团)股份有限公司,武汉·洪山·花山,1-1.5万,3-5年,本科
java开发工程师,软通动力信息技术(集团)股份有限公司,武汉·洪山·花山,1-1.5万,3-5年,本科
中级Java工程师,北京举贤人力资源服务有限公司,南京·鼓楼·湖南路,1-1.3万,3-5年,本科
中级Java工程师,北京举贤人力资源服务有限公司,南京·鼓楼·湖南路,1-1.3万,3-5年,本科
高级java工程师（金融经验）,常州程耀数字科技有限公司,杭州·西湖·蒋村,1.7-2万,5-10年,本科
高级java工程师（金融经验）,常州程耀数字科技有限公司,杭州·西湖·蒋村,1.7-2万,5-10年,本科
中高级java工程师,外企德科数字技术有限公司,武汉·洪山·关山,1.4-1.7万,5-10年,本科
中高级java工程师,外企德科数字技术有限公司,武汉·洪山·关山,1.4-1.7万,5-10年,本科
全栈开发工程师（偏前端）,福建罗德数字科技有限公司,广州·海珠·官洲,1.4-1.6万,5-10年,本科
全栈开发工程师（偏前端）,福建罗德数字科技有限公司,广州·海珠·官洲,1.4-1.6万,5-10年,本科
软件开发工程师,四川明欣药业有限责任公司,成都·温江·金马,8000-10000元,1-3年,本科
软件开发工程师,四川明欣药业有限责任公司,成都·温江·金马,8000-10000元,1-3年,本科
资深java开发工程师,西信科技有限公司,乌鲁木齐·天山区·新华北路街道,8000-12000元,3-5年,本科
资深java开发工程师,西信科技有限公司,乌鲁木齐·天山区·新华北路街道,8000-12000元,3-5年,本科
捷助科技-Java工程师,安徽华人健康医药股份有限公司,合肥·包河·骆岗,1.3-1.5万,3-5年,本科
捷助科技-Java工程师,安徽华人健康医药股份有限公司,合肥·包河·骆岗,1.3-1.5万,3-5年,本科
java软件开发工程师,安徽闻天信息技术有限公司,合肥·蜀山·笔架山,1-1.5万,3-5年,本科
java软件开发工程师,安徽闻天信息技术有限公司,合肥·蜀山·笔架山,1-1.5万,3-5年,本科
java开发工程师（技术经理定位-佛山）,北京开科唯识技术股份有限公司深圳分公司,广州·越秀·黄花岗,1.6-2万,5-10年,本科
java开发工程师（技术经理定位-佛山）,北京开科唯识技术股份有限公司深圳分公司,广州·越秀·黄花岗,1.6-2万,5-10年,本科
web前端工程师,大连恩炜信息技术有限公司,大连·甘井子·凌水,8000-10000元,3-5年,本科
web前端工程师,大连恩炜信息技术有限公司,大连·甘井子·凌水,8000-10000元,3-5年,本科
数据测试工程师,软通动力信息技术(集团)股份有限公司,武汉·洪山·花山,9000-13000元,3-5年,本科
数据测试工程师,软通动力信息技术(集团)股份有限公司,武汉·洪山·花山,9000-13000元,3-5年,本科
Java开发工程师（新能源大厂 财经系统）,拓保软件,北京·顺义·高丽营,1.8-2万,5-10年,本科
Java开发工程师（新能源大厂 财经系统）,拓保软件,北京·顺义·高丽营,1.8-2万,5-10年,本科
Java开发工程师（新能源大厂 财经系统）,拓保软件,北京·顺义·高丽营,1.8-2万,5-10年,本科
Java开发工程师（新能源大厂 财经系统）,拓保软件,北京·顺义·高丽营,1.8-2万,5-10年,本科
中级Java开发工程师-RS,南京数之赢科技有限公司,北京·海淀,1.2-1.3万,3-5年,本科
中级Java开发工程师-RS,南京数之赢科技有限公司,北京·海淀,1.2-1.3万,3-5年,本科
资产管理系统实施顾问,望海康信(北京)科技股份公司,天津·滨海新区·大沽,5000-10000元,经验不限,学历不限
资产管理系统实施顾问,望海康信(北京)科技股份公司,天津·滨海新区·大沽,5000-10000元,经验不限,学历不限
JAVA 高级软件工程师,成都易友达科技有限公司,成都·双流·东升,1-2万,5-10年,本科
JAVA 高级软件工程师,成都易友达科技有限公司,成都·双流·东升,1-2万,5-10年,本科
PC开发工程师,安徽即刻智能科技有限公司,合肥·蜀山·高新区,1-1.5万,5-10年,大专
PC开发工程师,安徽即刻智能科技有限公司,合肥·蜀山·高新区,1-1.5万,5-10年,大专
后端开发工程师,华能云成数字产融科技(雄安)有限公司,北京·丰台·太平桥,1.5-3万,5-10年,本科
后端开发工程师,华能云成数字产融科技(雄安)有限公司,北京·丰台·太平桥,1.5-3万,5-10年,本科
Java开发工程师（郑州）,中科星图股份有限公司,郑州·金水·祭城路,1.5-1.8万,5-10年,本科
Java开发工程师（郑州）,中科星图股份有限公司,郑州·金水·祭城路,1.5-1.8万,5-10年,本科
前端开发工程师（互联网大厂经验优先）,博彦科技承德有限公司,成都·成华·跳蹬河,9000-10000元,1-3年,本科
前端开发工程师（互联网大厂经验优先）,博彦科技承德有限公司,成都·成华·跳蹬河,9000-10000元,1-3年,本科
高级前端开发工程师,天泽智联科技股份公司,合肥·蜀山·临湖管委会,1.5-2.5万·13薪,5-10年,本科
高级前端开发工程师,天泽智联科技股份公司,合肥·蜀山·临湖管委会,1.5-2.5万·13薪,5-10年,本科
JAVA开发工程师,南京冠颖科技有限公司,南京·建邺·沙洲,9000-11000元,1-3年,本科
JAVA开发工程师,南京冠颖科技有限公司,南京·建邺·沙洲,9000-11000元,1-3年,本科
移动端开发⼯程师（uni-app）,一通(河南)信息科技有限公司,福州·仓山·城门,7000-14000元,3-5年,本科
移动端开发⼯程师（uni-app）,一通(河南)信息科技有限公司,福州·仓山·城门,7000-14000元,3-5年,本科
软件测试,中电金信软件有限公司,咸阳·秦都区·钓台街道,8000-13000元,3-5年,本科
软件测试,中电金信软件有限公司,咸阳·秦都区·钓台街道,8000-13000元,3-5年,本科
Java开发工程师,北京果然世界科技有限公司,北京·朝阳·酒仙桥,1-2万,3-5年,本科
Java开发工程师,北京果然世界科技有限公司,北京·朝阳·酒仙桥,1-2万,3-5年,本科
数字前端工程师（高级）,珠海佑航科技有限公司,合肥·包河·淝河,1.8-3.5万,5-10年,硕士
数字前端工程师（高级）,珠海佑航科技有限公司,合肥·包河·淝河,1.8-3.5万,5-10年,硕士
java后端开发系统工程师,江苏蕴蓝信息科技有限公司,南京·江宁·秣陵,250-500元,1-3年,大专
java后端开发系统工程师,江苏蕴蓝信息科技有限公司,南京·江宁·秣陵,250-500元,1-3年,大专
java开发实习生,杭州悠瑶科技有限公司,杭州·萧山·北干,1.5-1.8万·14薪,1-3年,大专
java开发实习生,杭州悠瑶科技有限公司,杭州·萧山·北干,1.5-1.8万·14薪,1-3年,大专
Java开发实习生(001465),苏州同元软控信息技术有限公司,深圳·福田·福保,230-270元/天,无经验,本科
Java开发实习生(001465),苏州同元软控信息技术有限公司,深圳·福田·福保,230-270元/天,无经验,本科
web前端工程师,湖北融汇信息科技有限公司,武汉·江岸,8000-14000元,3-5年,本科
web前端工程师,湖北融汇信息科技有限公司,武汉·江岸,8000-14000元,3-5年,本科
高级java开发工程师-银行驻场-全额公积金,上海汉朔信息科技有限公司,南昌·红谷滩·沙井,1.1-1.7万,5-10年,本科
高级java开发工程师-银行驻场-全额公积金,上海汉朔信息科技有限公司,南昌·红谷滩·沙井,1.1-1.7万,5-10年,本科
JAVA开发,世纪恒通科技股份有限公司,西安·雁塔·丈八沟,1.1-1.6万,3-5年,本科
JAVA开发,世纪恒通科技股份有限公司,西安·雁塔·丈八沟,1.1-1.6万,3-5年,本科
java项目经理(双休）,南京莱克贝尔信息技术有限公司,南京·秦淮·光华路,1.2-2万·14薪,3-5年,本科
java项目经理(双休）,南京莱克贝尔信息技术有限公司,南京·秦淮·光华路,1.2-2万·14薪,3-5年,本科
java项目经理(双休）,南京莱克贝尔信息技术有限公司,南京·秦淮·光华路,1.2-2万·14薪,3-5年,本科
java项目经理(双休）,南京莱克贝尔信息技术有限公司,南京·秦淮·光华路,1.2-2万·14薪,3-5年,本科
web前端实习生,河南锐伴传媒科技有限公司,济源市,5000-8000元·13薪,经验不限,学历不限
web前端实习生,河南锐伴传媒科技有限公司,济源市,5000-8000元·13薪,经验不限,学历不限
JAVA开发工程师,北斗伏羲信息技术有限公司,成都·武侯·桂溪,1-1.5万,1-3年,本科
JAVA开发工程师,北斗伏羲信息技术有限公司,成都·武侯·桂溪,1-1.5万,1-3年,本科
高级java工程师,华麒通信,北京·海淀·甘家口,1-1.8万,1-3年,本科
高级java工程师,华麒通信,北京·海淀·甘家口,1-1.8万,1-3年,本科
后台开发工程师（2026届）,广州市品高软件股份有限公司,北京·海淀·紫竹院,1-1.5万,1-3年,本科
后台开发工程师（2026届）,广州市品高软件股份有限公司,北京·海淀·紫竹院,1-1.5万,1-3年,本科
Java软件开发工程师/助理+可小白+双休不加班,邯郸市丛台区圣誉文化传媒有限公司,北京·海淀·上地,1.3-1.6万·13薪,经验不限,本科
Java软件开发工程师/助理+可小白+双休不加班,邯郸市丛台区圣誉文化传媒有限公司,北京·海淀·上地,1.3-1.6万·13薪,经验不限,本科
java开发工程师（2026应届）,北京京杭天丽科技有限公司,北京·朝阳,1-1.5万,无经验,本科
java开发工程师（2026应届）,北京京杭天丽科技有限公司,北京·朝阳,1-1.5万,无经验,本科
java后端工程师(双休）,南京莱克贝尔信息技术有限公司,南京·秦淮·光华路,9000-16000元·14薪,1-3年,本科
java后端工程师(双休）,南京莱克贝尔信息技术有限公司,南京·秦淮·光华路,9000-16000元·14薪,1-3年,本科
后端开发工程师（短期项目）,安徽皖信人力资源管理有限公司,南京·鼓楼·湖南路,1-1.2万,3-5年,大专
后端开发工程师（短期项目）,安徽皖信人力资源管理有限公司,南京·鼓楼·湖南路,1-1.2万,3-5年,大专
中级java工程师-银行驻场-薪资不打折,上海汉朔信息科技有限公司,合肥·包河·大圩,1.2-1.3万,3-5年,本科
中级java工程师-银行驻场-薪资不打折,上海汉朔信息科技有限公司,合肥·包河·大圩,1.2-1.3万,3-5年,本科
中级java开发工程师（双休）,南京莱克贝尔信息技术有限公司,南京·秦淮·光华路,1.2-2万·14薪,3-5年,本科
中级java开发工程师（双休）,南京莱克贝尔信息技术有限公司,南京·秦淮·光华路,1.2-2万·14薪,3-5年,本科
后端技术工程师,河南锐伴传媒科技有限公司,郑州·金水·丰庆路,5000-9000元·13薪,经验不限,学历不限
后端技术工程师,河南锐伴传媒科技有限公司,郑州·金水·丰庆路,5000-9000元·13薪,经验不限,学历不限
高级web前端工程师,南京蓝魔云信息技术有限公司,南京·雨花台·铁心桥,1.2-1.5万,5-10年,本科
高级web前端工程师,南京蓝魔云信息技术有限公司,南京·雨花台·铁心桥,1.2-1.5万,5-10年,本科
服务端JAVA开发工程师,西安火眼智能检测研究院有限公司,西安·丈八沟,1.5-2万,10年以上,本科
服务端JAVA开发工程师,西安火眼智能检测研究院有限公司,西安·丈八沟,1.5-2万,10年以上,本科
java后端工程师,湖南拓维云创科技有限责任公司,南京·江宁·秣陵,1-1.8万,5-10年,本科
java后端工程师,湖南拓维云创科技有限责任公司,南京·江宁·秣陵,1-1.8万,5-10年,本科
后端开发工程师（外包）,安徽皖信人力资源管理有限公司,合肥·蜀山·海恒社区,1-1.1万,1-3年,本科
后端开发工程师（外包）,安徽皖信人力资源管理有限公司,合肥·蜀山·海恒社区,1-1.1万,1-3年,本科
前端工程师,北京航星永志信息技术有限公司,北京·昌平·北七家,1-1.5万,5-10年,本科
前端工程师,北京航星永志信息技术有限公司,北京·昌平·北七家,1-1.5万,5-10年,本科
物联网-前端开发工程师（五险一金+双休）,河北尚宏仪表科技有限公司,石家庄·桥西·中山,6000-8000元,3-5年,本科
物联网-前端开发工程师（五险一金+双休）,河北尚宏仪表科技有限公司,石家庄·桥西·中山,6000-8000元,3-5年,本科
java开发工程师,山东天易信息技术有限公司,济南·市中·杆石桥,8000-10000元,5-10年,大专
java开发工程师,山东天易信息技术有限公司,济南·市中·杆石桥,8000-10000元,5-10年,大专
web前端工程师,杭州悠瑶科技有限公司,杭州·萧山·北干,1.5-1.8万·16薪,1-3年,大专
web前端工程师,杭州悠瑶科技有限公司,杭州·萧山·北干,1.5-1.8万·16薪,1-3年,大专
软件开发工程师,东瑞食品集团股份有限公司,河源·东源县·仙塘镇,5000-6000元·13薪,1-3年,本科
软件开发工程师,东瑞食品集团股份有限公司,河源·东源县·仙塘镇,5000-6000元·13薪,1-3年,本科
软件开发工程师,东瑞食品集团股份有限公司,河源·东源县·仙塘镇,5000-6000元·13薪,1-3年,本科
软件开发工程师,东瑞食品集团股份有限公司,河源·东源县·仙塘镇,5000-6000元·13薪,1-3年,本科
java软件开发助理,河南锐伴传媒科技有限公司,郑州·金水·丰庆路,4000-7000元·13薪,经验不限,学历不限
java软件开发助理,河南锐伴传媒科技有限公司,郑州·金水·丰庆路,4000-7000元·13薪,经验不限,学历不限
java全栈工程师,北京领雁智远科技有限公司,昆明·盘龙·龙泉,1-1.5万,3-5年,本科
java全栈工程师,北京领雁智远科技有限公司,昆明·盘龙·龙泉,1-1.5万,3-5年,本科
营销数字化项目经理月入2万+,武汉昆仑人力资源有限公司,杭州·萧山·盈丰,1.7-2.5万,3-5年,大专
营销数字化项目经理月入2万+,武汉昆仑人力资源有限公司,杭州·萧山·盈丰,1.7-2.5万,3-5年,大专
vue前端开发工程师,成都聚思亿科技有限公司,成都·武侯·桂溪,1-1.2万,3-5年,大专
vue前端开发工程师,成都聚思亿科技有限公司,成都·武侯·桂溪,1-1.2万,3-5年,大专
Java开发工程师,南京迈特望科技股份有限公司,长沙·芙蓉·湘湖,6000-7000元,1-3年,大专
Java开发工程师,南京迈特望科技股份有限公司,长沙·芙蓉·湘湖,6000-7000元,1-3年,大专
中高级前端开发工程师-基金公司驻场,上海汉朔信息科技有限公司,上海·浦东·花木,1.5-1.7万,5-10年,本科
中高级前端开发工程师-基金公司驻场,上海汉朔信息科技有限公司,上海·浦东·花木,1.5-1.7万,5-10年,本科
Java（外包岗+港口/物流经验）,达普信,深圳·盐田·盐田,1.2-1.3万,3-5年,大专
Java（外包岗+港口/物流经验）,达普信,深圳·盐田·盐田,1.2-1.3万,3-5年,大专
前端开发工程师,河南硕鑫计算机科技有限公司,郑州·金水·东风路,5000-6000元,1-3年,本科
前端开发工程师,河南硕鑫计算机科技有限公司,郑州·金水·东风路,5000-6000元,1-3年,本科
高级JAVA开发-证券基金项目-试用期不打折,上海汉朔信息科技有限公司,上海·浦东·花木,1.8-2万,5-10年,本科
高级JAVA开发-证券基金项目-试用期不打折,上海汉朔信息科技有限公司,上海·浦东·花木,1.8-2万,5-10年,本科
JAVA开发工程师,深圳市爱康生物科技股份有限公司,深圳·坪山·石井,8000-16000元,1-3年,本科
JAVA开发工程师,深圳市爱康生物科技股份有限公司,深圳·坪山·石井,8000-16000元,1-3年,本科
前端开发工程师/助理+五险一金+双休（不加班）,邯郸市丛台区圣誉文化传媒有限公司,北京·朝阳·建外,1.2-1.5万·13薪,经验不限,本科
前端开发工程师/助理+五险一金+双休（不加班）,邯郸市丛台区圣誉文化传媒有限公司,北京·朝阳·建外,1.2-1.5万·13薪,经验不限,本科
全栈工程师（Vue3 + Node.js 方向）,苏州英格玛服务外包股份有限公司,苏州·相城·元和,1.5-1.8万,3-5年,本科
全栈工程师（Vue3 + Node.js 方向）,苏州英格玛服务外包股份有限公司,苏州·相城·元和,1.5-1.8万,3-5年,本科
java软件开发工程师,斯坦德科创医药科技(青岛)有限公司,青岛·城阳·棘洪滩,8000-15000元,5-10年,本科
java软件开发工程师,斯坦德科创医药科技(青岛)有限公司,青岛·城阳·棘洪滩,8000-15000元,5-10年,本科
外卖终端-高级前端工程师-营销方向,北京三快在线科技有限公司,北京·朝阳·望京,面议,1-3年,本科
外卖终端-高级前端工程师-营销方向,北京三快在线科技有限公司,北京·朝阳·望京,面议,1-3年,本科
软件研发工程师（双休）,南京莱克贝尔信息技术有限公司,南京·秦淮·光华路,1.2-2万·14薪,3-5年,本科
软件研发工程师（双休）,南京莱克贝尔信息技术有限公司,南京·秦淮·光华路,1.2-2万·14薪,3-5年,本科
软件实习生（前端开发）,杭州鹏成新能源科技有限公司,杭州·富阳·东洲,150-180元/天,无经验,本科
软件实习生（前端开发）,杭州鹏成新能源科技有限公司,杭州·富阳·东洲,150-180元/天,无经验,本科
前后端软件开发工程师（通信设备管理平台）,宏流信息技术(深圳)有限公司,深圳·南山·粤海,1.6-2.5万·15薪,3-5年,本科
前后端软件开发工程师（通信设备管理平台）,宏流信息技术(深圳)有限公司,深圳·南山·粤海,1.6-2.5万·15薪,3-5年,本科
软件研发工程师（双休）,南京莱克贝尔信息技术有限公司,南京·秦淮·光华路,9000-12000元·14薪,无经验,硕士
软件研发工程师（双休）,南京莱克贝尔信息技术有限公司,南京·秦淮·光华路,9000-12000元·14薪,无经验,硕士
后台开发工程师（2026届）,广州市品高软件股份有限公司,广州·黄埔·联和,1-1.5万,无经验,本科
后台开发工程师（2026届）,广州市品高软件股份有限公司,广州·黄埔·联和,1-1.5万,无经验,本科
web前端工程师,南京嘉腾系统电子有限公司北京分公司,咸阳·秦都区·钓台街道,1-1.3万·13薪,3-5年,本科
web前端工程师,南京嘉腾系统电子有限公司北京分公司,咸阳·秦都区·钓台街道,1-1.3万·13薪,3-5年,本科
web前端工程师,南京嘉腾系统电子有限公司北京分公司,咸阳·秦都区·钓台街道,1-1.3万·13薪,3-5年,本科
web前端工程师,南京嘉腾系统电子有限公司北京分公司,咸阳·秦都区·钓台街道,1-1.3万·13薪,3-5年,本科
Java实习,上海太屋网络科技有限公司,上海·青浦·赵巷,1.7-2.5万,无经验,本科
Java实习,上海太屋网络科技有限公司,上海·青浦·赵巷,1.7-2.5万,无经验,本科
初级java开发,苏州千万职联网络信息服务有限公司,武汉·黄陂·盘龙经开区,4000-7000元,经验不限,本科
初级java开发,苏州千万职联网络信息服务有限公司,武汉·黄陂·盘龙经开区,4000-7000元,经验不限,本科
中高级java工程师,深圳市睿服科技有限公司,广州·黄埔·联和,9000-11000元,3-5年,大专
中高级java工程师,深圳市睿服科技有限公司,广州·黄埔·联和,9000-11000元,3-5年,大专
Python实习生,河南锐伴传媒科技有限公司,郑州·金水·丰庆路,6000-9000元·13薪,经验不限,学历不限
Python实习生,河南锐伴传媒科技有限公司,郑州·金水·丰庆路,6000-9000元·13薪,经验不限,学历不限
软件开发工程师,花园集团,金华·东阳市·南马镇,1-1.5万·13薪,3-5年,本科
软件开发工程师,花园集团,金华·东阳市·南马镇,1-1.5万·13薪,3-5年,本科
前端开发工程师,深圳市爱康生物科技股份有限公司,深圳·坪山·石井,8000-15000元,1-3年,本科
前端开发工程师,深圳市爱康生物科技股份有限公司,深圳·坪山·石井,8000-15000元,1-3年,本科
前端开发工程师,烟台业荣数据科技有限公司,烟台·福山·古现,6000-8000元,3-5年,大专
前端开发工程师,烟台业荣数据科技有限公司,烟台·福山·古现,6000-8000元,3-5年,大专
web前端实习生助理,河南锐伴传媒科技有限公司,济源市,5000-8000元·13薪,经验不限,学历不限
web前端实习生助理,河南锐伴传媒科技有限公司,济源市,5000-8000元·13薪,经验不限,学历不限
java软件开发工程师,河北清能蓝海科技有限公司,石家庄·桥西·西里,4000-7000元,3-5年,本科
java软件开发工程师,河北清能蓝海科技有限公司,石家庄·桥西·西里,4000-7000元,3-5年,本科
全栈开发工程师（合肥）,广州市品高软件股份有限公司,合肥·蜀山·锦绣社区,1-1.2万,3-5年,本科
全栈开发工程师（合肥）,广州市品高软件股份有限公司,合肥·蜀山·锦绣社区,1-1.2万,3-5年,本科
JAVA开发工程师,北京中工数联科技有限公司,青岛·胶州·胶北,8000-12000元,1-3年,本科
JAVA开发工程师,北京中工数联科技有限公司,青岛·胶州·胶北,8000-12000元,1-3年,本科
前端软件开发工程师,大连新景网络科技有限公司,大连·西岗·人民广场,1.2-1.6万,经验不限,学历不限
前端软件开发工程师,大连新景网络科技有限公司,大连·西岗·人民广场,1.2-1.6万,经验不限,学历不限
web前端开发工程师,郑州煦秋信息科技有限公司,洛阳·偃师,6000-9000元·13薪,经验不限,学历不限
web前端开发工程师,郑州煦秋信息科技有限公司,洛阳·偃师,6000-9000元·13薪,经验不限,学历不限
实习生,辛北尔康普(青岛)机器设备有限公司,青岛·黄岛·红石崖,100-120元/天,无经验,本科
实习生,辛北尔康普(青岛)机器设备有限公司,青岛·黄岛·红石崖,100-120元/天,无经验,本科
JAVA高级开发工程师,湖北前包人力资源集团有限公司,武汉·洪山·狮子山,7000-12000元,1-3年,硕士
JAVA高级开发工程师,湖北前包人力资源集团有限公司,武汉·洪山·狮子山,7000-12000元,1-3年,硕士
web前端工程师实习生,郑州煦秋信息科技有限公司,洛阳·偃师,6000-9000元·13薪,经验不限,学历不限
web前端工程师实习生,郑州煦秋信息科技有限公司,洛阳·偃师,6000-9000元·13薪,经验不限,学历不限
java全栈工程师,青岛国源中创电气自动化工程有限公司,青岛·城阳·夏庄,1-1.5万,5-10年,大专
java全栈工程师,青岛国源中创电气自动化工程有限公司,青岛·城阳·夏庄,1-1.5万,5-10年,大专
H18024岗Java开发（杭州）,武汉佰钧成技术有限责任公司,杭州·滨江·西兴,1-1.3万,3-5年,大专
H18024岗Java开发（杭州）,武汉佰钧成技术有限责任公司,杭州·滨江·西兴,1-1.3万,3-5年,大专
Java/C/C++/Python/Go开发工程师,郑州煦秋信息科技有限公司,洛阳·偃师,6000-9000元·13薪,经验不限,本科
Java/C/C++/Python/Go开发工程师,郑州煦秋信息科技有限公司,洛阳·偃师,6000-9000元·13薪,经验不限,本科
web前端,沈阳金德塑业有限公司,苏州·昆山·花桥,1.3-1.7万,经验不限,大专
web前端,沈阳金德塑业有限公司,苏州·昆山·花桥,1.3-1.7万,经验不限,大专
web前端,沈阳金德塑业有限公司,苏州·昆山·花桥,1.3-1.7万,经验不限,大专
web前端,沈阳金德塑业有限公司,苏州·昆山·花桥,1.3-1.7万,经验不限,大专
对日开发初级技术员到项目经理的全职位招聘,株式会社ProfaceSystems,新乡·卫滨区·中同街街道,2-4万,1-3年,大专
对日开发初级技术员到项目经理的全职位招聘,株式会社ProfaceSystems,新乡·卫滨区·中同街街道,2-4万,1-3年,大专
python爬虫助理工程师,安徽雅云晖智能科技有限公司,合肥·庐阳,5000-6000元,经验不限,本科
python爬虫助理工程师,安徽雅云晖智能科技有限公司,合肥·庐阳,5000-6000元,经验不限,本科
java初级工程师,沈阳金德塑业有限公司,合肥·瑶海·七里站,1.3-1.8万,经验不限,大专
java初级工程师,沈阳金德塑业有限公司,合肥·瑶海·七里站,1.3-1.8万,经验不限,大专
全栈开发工程师,东华医为科技有限公司,泰安·岱岳区·北集坡街道,7000-14000元·13薪,经验不限,本科
全栈开发工程师,东华医为科技有限公司,泰安·岱岳区·北集坡街道,7000-14000元·13薪,经验不限,本科
3DGIS三维地理信息高级开发工程师,东华软件股份公司,张家口·桥东区·南站街道,8000-16000元·13薪,3-5年,大专
3DGIS三维地理信息高级开发工程师,东华软件股份公司,张家口·桥东区·南站街道,8000-16000元·13薪,3-5年,大专
前端工程师,湖南拓维云创科技有限责任公司,海口·美兰·蓝天,1.2-1.5万,3-5年,本科
前端工程师,湖南拓维云创科技有限责任公司,海口·美兰·蓝天,1.2-1.5万,3-5年,本科
Java开发工程师-协同系统,东华医为科技有限公司,马鞍山·花山区·霍里街道,1-1.8万,3-5年,本科
Java开发工程师-协同系统,东华医为科技有限公司,马鞍山·花山区·霍里街道,1-1.8万,3-5年,本科
微信小程序开发工程师,东华软件股份公司,武汉·武昌·水果湖街,面议,3-5年,大专
微信小程序开发工程师,东华软件股份公司,武汉·武昌·水果湖街,面议,3-5年,大专
软件测试助理工程师,河南璋纽文化传媒有限公司,开封·龙亭区,6000-7000元,无经验,初中及以下
软件测试助理工程师,河南璋纽文化传媒有限公司,开封·龙亭区,6000-7000元,无经验,初中及以下
java全栈工程师,烟台海深威医学技术有限公司,烟台·福山·福莱山,7000-12000元,1-3年,大专
java全栈工程师,烟台海深威医学技术有限公司,烟台·福山·福莱山,7000-12000元,1-3年,大专
3DGIS地理信息高级开发工程师,东华软件股份公司,临沂·兰山·柳青,8000-16000元·13薪,3-5年,大专
3DGIS地理信息高级开发工程师,东华软件股份公司,临沂·兰山·柳青,8000-16000元·13薪,3-5年,大专
赴日工程师,米斯特奥福(大连)咨询服务有限公司,日本,1.5-3万·14薪,经验不限,大专
赴日工程师,米斯特奥福(大连)咨询服务有限公司,日本,1.5-3万·14薪,经验不限,大专
软件测试工程师,徐工集团,徐州·鼓楼区·东环街道,1.2-2.4万,3-5年,本科
软件测试工程师,徐工集团,徐州·鼓楼区·东环街道,1.2-2.4万,3-5年,本科
高级前端开发工程师,惠州市指南测控技术有限公司,惠州·惠城区·惠环街道,1-1.5万,3-5年,大专
高级前端开发工程师,惠州市指南测控技术有限公司,惠州·惠城区·惠环街道,1-1.5万,3-5年,大专
3DGIS三维地理信息高级开发工程师,东华软件股份公司,唐山·路北区·翔云道街道,8000-16000元·13薪,3-5年,大专
3DGIS三维地理信息高级开发工程师,东华软件股份公司,唐山·路北区·翔云道街道,8000-16000元·13薪,3-5年,大专
技术经理,定州市松本汽车座椅制造有限公司,保定·定州,1-2万,3-5年,本科
技术经理,定州市松本汽车座椅制造有限公司,保定·定州,1-2万,3-5年,本科
全栈开发工程师,东华医为科技有限公司,南昌·红谷滩,7000-14000元·13薪,经验不限,本科
全栈开发工程师,东华医为科技有限公司,南昌·红谷滩,7000-14000元·13薪,经验不限,本科
3DGIS三维地理信息高级开发工程师,东华软件股份公司,保定·竞秀·东风路,8000-16000元·13薪,3-5年,大专
3DGIS三维地理信息高级开发工程师,东华软件股份公司,保定·竞秀·东风路,8000-16000元·13薪,3-5年,大专
软件测试工程师,长沙玮腾新能源开发有限公司,长沙·岳麓·天顶,8000-10000元,1-3年,大专
软件测试工程师,长沙玮腾新能源开发有限公司,长沙·岳麓·天顶,8000-10000元,1-3年,大专
对日开发初级技术员到项目经理的全职位招聘,株式会社ProfaceSystems,咸阳,2-4万,1-3年,大专
对日开发初级技术员到项目经理的全职位招聘,株式会社ProfaceSystems,咸阳,2-4万,1-3年,大专
对日开发初级技术员到项目经理的全职位招聘,株式会社ProfaceSystems,咸阳,2-4万,1-3年,大专
对日开发初级技术员到项目经理的全职位招聘,株式会社ProfaceSystems,咸阳,2-4万,1-3年,大专
3DGIS三维地理信息高级开发工程师,东华软件股份公司,石家庄·长安·青园,8000-16000元·13薪,3-5年,大专
3DGIS三维地理信息高级开发工程师,东华软件股份公司,石家庄·长安·青园,8000-16000元·13薪,3-5年,大专
技术负责人,辽宁兴东科技有限公司,沈阳·沈河·皇城,2.5-4万,3-5年,本科
技术负责人,辽宁兴东科技有限公司,沈阳·沈河·皇城,2.5-4万,3-5年,本科
IT开发工程师(J10868),国瓷材料,东营·东营区,8000-10000元·14薪,经验不限,本科
IT开发工程师(J10868),国瓷材料,东营·东营区,8000-10000元·14薪,经验不限,本科
全栈工程师（高保底加项目奖金）,山西汇宁检测有限公司,太原·万柏林·和平,1-1.5万,10年以上,学历不限
全栈工程师（高保底加项目奖金）,山西汇宁检测有限公司,太原·万柏林·和平,1-1.5万,10年以上,学历不限
软件开发,东华医为科技有限公司,赤峰·玉龙街道,7000-14000元,经验不限,本科
软件开发,东华医为科技有限公司,赤峰·玉龙街道,7000-14000元,经验不限,本科
对日开发初级技术员到项目经理的全职位招聘,株式会社ProfaceSystems,滨州·滨城区·滨北街道,2-4万,1-3年,大专
对日开发初级技术员到项目经理的全职位招聘,株式会社ProfaceSystems,滨州·滨城区·滨北街道,2-4万,1-3年,大专
3DGIS三维地理信息高级开发工程师,东华软件股份公司,大同·平城区·武定街道,8000-16000元·13薪,3-5年,大专
3DGIS三维地理信息高级开发工程师,东华软件股份公司,大同·平城区·武定街道,8000-16000元·13薪,3-5年,大专
开发工程师,东华医为科技有限公司,长春·临河,5000-10000元,经验不限,本科
开发工程师,东华医为科技有限公司,长春·临河,5000-10000元,经验不限,本科
AI全栈工程师,嘉兴久昌股权投资合伙企业(有限合伙),嘉兴·嘉善县·惠民街道,1.5-2.5万·13薪,经验不限,本科
AI全栈工程师,嘉兴久昌股权投资合伙企业(有限合伙),嘉兴·嘉善县·惠民街道,1.5-2.5万·13薪,经验不限,本科
3DGIS地理信息高级开发工程师,东华软件股份公司,榆林·榆阳区·航宇路街道,8000-16000元·13薪,3-5年,大专
3DGIS地理信息高级开发工程师,东华软件股份公司,榆林·榆阳区·航宇路街道,8000-16000元·13薪,3-5年,大专
小程序开发工程师（Vue3 + Uni-app（unibest） ）,深圳市微达安计算机有限公司,深圳·龙岗·坂田,1.5-2万,1-3年,本科
小程序开发工程师（Vue3 + Uni-app（unibest） ）,深圳市微达安计算机有限公司,深圳·龙岗·坂田,1.5-2万,1-3年,本科
对日开发初级技术员到项目经理的全职位招聘,株式会社ProfaceSystems,乌鲁木齐,2-4万,1-3年,大专
对日开发初级技术员到项目经理的全职位招聘,株式会社ProfaceSystems,乌鲁木齐,2-4万,1-3年,大专
3DGIS三维地理信息高级开发工程师,东华软件股份公司,太原·迎泽·庙前,8000-16000元·13薪,3-5年,大专
3DGIS三维地理信息高级开发工程师,东华软件股份公司,太原·迎泽·庙前,8000-16000元·13薪,3-5年,大专
h5前端工程师,北京昊菖科技有限公司,北京·朝阳·龙泽园,1.6-1.9万·13薪,经验不限,高中
h5前端工程师,北京昊菖科技有限公司,北京·朝阳·龙泽园,1.6-1.9万·13薪,经验不限,高中
对日开发初级技术员到项目经理的全职位招聘,株式会社ProfaceSystems,贵阳·观山湖·金华园,2-4万,1-3年,大专
对日开发初级技术员到项目经理的全职位招聘,株式会社ProfaceSystems,贵阳·观山湖·金华园,2-4万,1-3年,大专
3DGIS三维地理信息高级开发工程师,东华软件股份公司,衡水·桃城区·中华街道,8000-16000元·13薪,3-5年,大专
3DGIS三维地理信息高级开发工程师,东华软件股份公司,衡水·桃城区·中华街道,8000-16000元·13薪,3-5年,大专
前端开发工程师,江苏淮海国际拍卖有限公司,徐州·鼓楼区·环城街道,3000-6000元,1-3年,学历不限
前端开发工程师,江苏淮海国际拍卖有限公司,徐州·鼓楼区·环城街道,3000-6000元,1-3年,学历不限
对日开发初级技术员到项目经理的全职位招聘,株式会社ProfaceSystems,台州·椒江区·葭沚街道,2-4万,1-3年,大专
对日开发初级技术员到项目经理的全职位招聘,株式会社ProfaceSystems,台州·椒江区·葭沚街道,2-4万,1-3年,大专
3DGIS地理信息高级开发工程师,东华软件股份公司,廊坊·广阳区·爱民东道街道,8000-16000元·13薪,3-5年,大专
3DGIS地理信息高级开发工程师,东华软件股份公司,廊坊·广阳区·爱民东道街道,8000-16000元·13薪,3-5年,大专
实施工程师,东华医为科技有限公司,韶关·武江区·新华街道,8000-15000元,经验不限,本科
实施工程师,东华医为科技有限公司,韶关·武江区·新华街道,8000-15000元,经验不限,本科
实施工程师,东华医为科技有限公司,韶关·武江区·新华街道,8000-15000元,经验不限,本科
实施工程师,东华医为科技有限公司,韶关·武江区·新华街道,8000-15000元,经验不限,本科
对日开发初级技术员到项目经理的全职位招聘,株式会社ProfaceSystems,泸州·龙马潭区·安宁街道,2-4万,1-3年,大专
对日开发初级技术员到项目经理的全职位招聘,株式会社ProfaceSystems,泸州·龙马潭区·安宁街道,2-4万,1-3年,大专
H5前端开发工程师,深圳华云信息系统科技股份有限公司,广州·番禺·石壁,8000-10000元,3-5年,大专
H5前端开发工程师,深圳华云信息系统科技股份有限公司,广州·番禺·石壁,8000-10000元,3-5年,大专
车载测试工程师,贵州简一创信息技术有限公司,贵阳·云岩,4000-7000元,经验不限,大专
车载测试工程师,贵州简一创信息技术有限公司,贵阳·云岩,4000-7000元,经验不限,大专
对日开发初级技术员到项目经理的全职位招聘,株式会社ProfaceSystems,鞍山,2-4万,1-3年,大专
对日开发初级技术员到项目经理的全职位招聘,株式会社ProfaceSystems,鞍山,2-4万,1-3年,大专
软件开发/测试/算法 java、c/c++、python、js（可接24/25应届无经验）,华为技术有限公司,东莞·大朗镇,1.5-3万·14薪,经验不限,本科
软件开发/测试/算法 java、c/c++、python、js（可接24/25应届无经验）,华为技术有限公司,东莞·大朗镇,1.5-3万·14薪,经验不限,本科
3DGIS三维地理信息高级开发工程师,东华软件股份公司,沧州·运河区·西环中街街道,8000-16000元·13薪,3-5年,大专
3DGIS三维地理信息高级开发工程师,东华软件股份公司,沧州·运河区·西环中街街道,8000-16000元·13薪,3-5年,大专
开发工程师,东华医为科技有限公司,鄂尔多斯·东胜区·巴音门克街道,5000-9000元,经验不限,本科
开发工程师,东华医为科技有限公司,鄂尔多斯·东胜区·巴音门克街道,5000-9000元,经验不限,本科
Web前端工程师,徐工集团,徐州·鼓楼区·金山桥街道,1.2-2万,5-10年,本科
Web前端工程师,徐工集团,徐州·鼓楼区·金山桥街道,1.2-2万,5-10年,本科
3DGIS三维地理信息高级开发工程师,东华软件股份公司,淄博·张店区·公园街道,8000-16000元·13薪,3-5年,大专
3DGIS三维地理信息高级开发工程师,东华软件股份公司,淄博·张店区·公园街道,8000-16000元·13薪,3-5年,大专
（实习生）微信小程序开发,四川品亿科技有限公司,成都·武侯·桂溪,50-100元/天,无经验,大专
（实习生）微信小程序开发,四川品亿科技有限公司,成都·武侯·桂溪,50-100元/天,无经验,大专
微信小程序开发工程师,北京荣发兴盛科技有限公司,北京·西城·展览路,120-200元/天,经验不限,本科
微信小程序开发工程师,北京荣发兴盛科技有限公司,北京·西城·展览路,120-200元/天,经验不限,本科
3DGIS地理信息高级开发工程师,东华软件股份公司,德州·德城区·宋官屯街道,8000-16000元·13薪,3-5年,大专
3DGIS地理信息高级开发工程师,东华软件股份公司,德州·德城区·宋官屯街道,8000-16000元·13薪,3-5年,大专
对日开发初级技术员到项目经理的全职位招聘,株式会社ProfaceSystems,孝感·孝南区,2-4万,1-3年,大专
对日开发初级技术员到项目经理的全职位招聘,株式会社ProfaceSystems,孝感·孝南区,2-4万,1-3年,大专
全栈开发工程师,东华医为科技有限公司,昆明·五华·丰宁,7000-14000元·13薪,经验不限,本科
全栈开发工程师,东华医为科技有限公司,昆明·五华·丰宁,7000-14000元·13薪,经验不限,本科
3DGIS地理信息高级开发工程师,东华软件股份公司,枣庄·薛城区·兴城街道,8000-16000元·13薪,3-5年,大专
3DGIS地理信息高级开发工程师,东华软件股份公司,枣庄·薛城区·兴城街道,8000-16000元·13薪,3-5年,大专
对日开发初级技术员到项目经理的全职位招聘,株式会社ProfaceSystems,长春,2-4万,1-3年,大专
对日开发初级技术员到项目经理的全职位招聘,株式会社ProfaceSystems,长春,2-4万,1-3年,大专
软件开发,东华医为科技有限公司,包头·阿尔丁大街街道,7000-14000元,经验不限,本科
软件开发,东华医为科技有限公司,包头·阿尔丁大街街道,7000-14000元,经验不限,本科
3DGIS地理信息高级开发工程师,东华软件股份公司,阳泉·城区·上站街道,8000-16000元·13薪,3-5年,大专
3DGIS地理信息高级开发工程师,东华软件股份公司,阳泉·城区·上站街道,8000-16000元·13薪,3-5年,大专
html5前端工程师昆明,云南吉磬材料科技有限公司,昆明·东川·龙城,8000-10000元·13薪,经验不限,高中
html5前端工程师昆明,云南吉磬材料科技有限公司,昆明·东川·龙城,8000-10000元·13薪,经验不限,高中
web前端开发工程师,徐工集团,徐州·鼓楼区·东环街道,1-1.5万·14薪,3-5年,本科
web前端开发工程师,徐工集团,徐州·鼓楼区·东环街道,1-1.5万·14薪,3-5年,本科
web前端开发工程师,徐工集团,徐州·鼓楼区·东环街道,1-1.5万·14薪,3-5年,本科
web前端开发工程师,徐工集团,徐州·鼓楼区·东环街道,1-1.5万·14薪,3-5年,本科
3DGIS三维地理信息高级开发工程师,东华软件股份公司,聊城·东昌府区·柳园街道,8000-16000元·13薪,3-5年,大专
3DGIS三维地理信息高级开发工程师,东华软件股份公司,聊城·东昌府区·柳园街道,8000-16000元·13薪,3-5年,大专
初、中级Java开发（咸阳）,北京信利恒丰科技发展有限公司,咸阳·秦都区·钓台街道,9000-14000元,3-5年,本科
初、中级Java开发（咸阳）,北京信利恒丰科技发展有限公司,咸阳·秦都区·钓台街道,9000-14000元,3-5年,本科
实施工程师,东华医为科技有限公司,贵阳,7000-14000元,经验不限,本科
实施工程师,东华医为科技有限公司,贵阳,7000-14000元,经验不限,本科
微信小程序开发工程师,北京天意广源商贸有限公司,北京·西城·展览路,120-200元/天,1-3年,本科
微信小程序开发工程师,北京天意广源商贸有限公司,北京·西城·展览路,120-200元/天,1-3年,本科
3DGIS地理信息高级开发工程师,东华软件股份公司,承德·双桥区·牛圈子沟镇,8000-16000元·13薪,3-5年,大专
3DGIS地理信息高级开发工程师,东华软件股份公司,承德·双桥区·牛圈子沟镇,8000-16000元·13薪,3-5年,大专
高级软件测试工程师,山东至信信息科技股份有限公司,日照·东港区·秦楼街道,7000-10000元,3-5年,本科
高级软件测试工程师,山东至信信息科技股份有限公司,日照·东港区·秦楼街道,7000-10000元,3-5年,本科
BI产品研发主管,东华医为科技有限公司,西安·自强路,3-5万,5-10年,本科
BI产品研发主管,东华医为科技有限公司,西安·自强路,3-5万,5-10年,本科
3DGIS地理信息高级开发工程师,东华软件股份公司,济宁·任城区·仙营街道,8000-16000元·13薪,3-5年,大专
3DGIS地理信息高级开发工程师,东华软件股份公司,济宁·任城区·仙营街道,8000-16000元·13薪,3-5年,大专
后端开发工程师,安发(福建)生物科技有限公司,宁德·蕉城区·城南镇,8000-10000元,3-5年,大专
后端开发工程师,安发(福建)生物科技有限公司,宁德·蕉城区·城南镇,8000-10000元,3-5年,大专
对日开发初级技术员到项目经理的全职位招聘,株式会社ProfaceSystems,株洲,2-4万,1-3年,大专
对日开发初级技术员到项目经理的全职位招聘,株式会社ProfaceSystems,株洲,2-4万,1-3年,大专
3DGIS地理信息高级开发工程师,东华软件股份公司,忻州·忻府区·长征街街道,8000-16000元·13薪,3-5年,大专
3DGIS地理信息高级开发工程师,东华软件股份公司,忻州·忻府区·长征街街道,8000-16000元·13薪,3-5年,大专
开发工程师,东华医为科技有限公司,沧州·运河区·西环中街街道,6000-12000元,经验不限,本科
开发工程师,东华医为科技有限公司,沧州·运河区·西环中街街道,6000-12000元,经验不限,本科
java后端工程师,沈阳金德塑胶管业有限公司,武汉·江汉·万松街,1.3-1.6万,经验不限,大专
java后端工程师,沈阳金德塑胶管业有限公司,武汉·江汉·万松街,1.3-1.6万,经验不限,大专
软件前端开发,包头市万金隆建设有限公司,包头·九原区·赛汗街道,5000-6000元,3-5年,大专
软件前端开发,包头市万金隆建设有限公司,包头·九原区·赛汗街道,5000-6000元,3-5年,大专
对日开发初级技术员到项目经理的全职位招聘,株式会社ProfaceSystems,常州·新北·三井,2-4万,1-3年,大专
对日开发初级技术员到项目经理的全职位招聘,株式会社ProfaceSystems,常州·新北·三井,2-4万,1-3年,大专
鸿蒙系统软件开发工程师助理(可接受实习),湖北源辉科技有限公司,武汉·武昌,6000-10000元,经验不限,大专
鸿蒙系统软件开发工程师助理(可接受实习),湖北源辉科技有限公司,武汉·武昌,6000-10000元,经验不限,大专
全栈工程师,山西琦兰科技有限公司,太原·万柏林·长风西街,9000-10000元,5-10年,学历不限
全栈工程师,山西琦兰科技有限公司,太原·万柏林·长风西街,9000-10000元,5-10年,学历不限
对日开发初级技术员到项目经理的全职位招聘,株式会社ProfaceSystems,佛山,2-4万,1-3年,大专
对日开发初级技术员到项目经理的全职位招聘,株式会社ProfaceSystems,佛山,2-4万,1-3年,大专
3DGIS三维地理信息高级开发工程师,东华软件股份公司,徐州·鼓楼区·黄楼街道,8000-16000元·13薪,3-5年,大专
3DGIS三维地理信息高级开发工程师,东华软件股份公司,徐州·鼓楼区·黄楼街道,8000-16000元·13薪,3-5年,大专
软件研发工程师,东华医为科技有限公司,泰安·岱岳区·北集坡街道,7000-14000元,经验不限,本科
软件研发工程师,东华医为科技有限公司,泰安·岱岳区·北集坡街道,7000-14000元,经验不限,本科
软件研发工程师,东华医为科技有限公司,泰安·岱岳区·北集坡街道,7000-14000元,经验不限,本科
软件研发工程师,东华医为科技有限公司,泰安·岱岳区·北集坡街道,7000-14000元,经验不限,本科
对日开发初级技术员到项目经理的全职位招聘,株式会社ProfaceSystems,张家界·永定区·永定街道,2-4万,1-3年,大专
对日开发初级技术员到项目经理的全职位招聘,株式会社ProfaceSystems,张家界·永定区·永定街道,2-4万,1-3年,大专
Python一周休两天一周休两天,河北谱飞科特人力资源服务有限公司,长春·九台·南岭,1-1.2万·13薪,经验不限,高中
Python一周休两天一周休两天,河北谱飞科特人力资源服务有限公司,长春·九台·南岭,1-1.2万·13薪,经验不限,高中
实施工程师（泰安）,东华医为科技有限公司,泰安·泰山区·财源街道,6000-10000元,经验不限,本科
实施工程师（泰安）,东华医为科技有限公司,泰安·泰山区·财源街道,6000-10000元,经验不限,本科
对日开发初级技术员到项目经理的全职位招聘,株式会社ProfaceSystems,吉林市,2-4万,1-3年,大专
对日开发初级技术员到项目经理的全职位招聘,株式会社ProfaceSystems,吉林市,2-4万,1-3年,大专
Java工程师,北京儒信融通科技有限公司,赤峰·红山区,6000-10000元,5-10年,本科
Java工程师,北京儒信融通科技有限公司,赤峰·红山区,6000-10000元,5-10年,本科
软件研发工程师,敬业(营口)中板有限公司,营口·老边区·边城镇,8000-15000元,1-3年,大专
软件研发工程师,敬业(营口)中板有限公司,营口·老边区·边城镇,8000-15000元,1-3年,大专
开发工程师,东华医为科技有限公司,包头·青山区·幸福路街道,5000-9000元,经验不限,本科
开发工程师,东华医为科技有限公司,包头·青山区·幸福路街道,5000-9000元,经验不限,本科
软件实施工程师,德恩精工,眉山·青神县·青竹街道,6000-10000元,3-5年,大专
软件实施工程师,德恩精工,眉山·青神县·青竹街道,6000-10000元,3-5年,大专
web前端工程师,沈阳金德塑业有限公司,杭州·临平·南苑,1.4-1.8万,1-3年,大专
web前端工程师,沈阳金德塑业有限公司,杭州·临平·南苑,1.4-1.8万,1-3年,大专
软件开发,东华医为科技有限公司,鄂尔多斯·青春山街道,7000-14000元,经验不限,本科
软件开发,东华医为科技有限公司,鄂尔多斯·青春山街道,7000-14000元,经验不限,本科
技术java前端后端电商客服,安徽天圆地方数字科技股份有限公司,六安·裕安区·徐集镇,5000-10000元,1-3年,本科
技术java前端后端电商客服,安徽天圆地方数字科技股份有限公司,六安·裕安区·徐集镇,5000-10000元,1-3年,本科
信息技术员,中国南光集团有限公司,珠海·香洲区·横琴镇,1.3-1.5万,1-3年,本科
信息技术员,中国南光集团有限公司,珠海·香洲区·横琴镇,1.3-1.5万,1-3年,本科
全栈开发工程师,东华医为科技有限公司,重庆·九龙坡·渝州路,7000-14000元·13薪,经验不限,本科
全栈开发工程师,东华医为科技有限公司,重庆·九龙坡·渝州路,7000-14000元·13薪,经验不限,本科
Web开发工程师,北京荣泰创想科技有限公司,绵阳·涪城区·创业园街道,100-200元/天,无经验,本科
Web开发工程师,北京荣泰创想科技有限公司,绵阳·涪城区·创业园街道,100-200元/天,无经验,本科
3DGIS地理信息高级开发工程师,东华软件股份公司,东营·东营区·东城街道,8000-16000元·13薪,3-5年,大专
3DGIS地理信息高级开发工程师,东华软件股份公司,东营·东营区·东城街道,8000-16000元·13薪,3-5年,大专
医疗软件交付实施工程师,东华医为科技有限公司,贵阳·南明,7000-14000元,经验不限,本科
医疗软件交付实施工程师,东华医为科技有限公司,贵阳·南明,7000-14000元,经验不限,本科
it项目管理主管,海南蜈支洲旅游开发股份有限公司三亚蜈支洲岛旅游区,三亚·海棠区,6000-8000元,3-5年,本科
it项目管理主管,海南蜈支洲旅游开发股份有限公司三亚蜈支洲岛旅游区,三亚·海棠区,6000-8000元,3-5年,本科
3DGIS三维地理信息高级开发工程师,东华软件股份公司,泰安·泰山区·财源街道,8000-16000元·13薪,3-5年,大专
3DGIS三维地理信息高级开发工程师,东华软件股份公司,泰安·泰山区·财源街道,8000-16000元·13薪,3-5年,大专
BI产品研发主管,东华医为科技有限公司,武汉·武昌·积玉桥街,3-5万,5-10年,本科
BI产品研发主管,东华医为科技有限公司,武汉·武昌·积玉桥街,3-5万,5-10年,本科
高级Java,成都创雅达科技有限公司,楚雄·楚雄市·东瓜镇,1-1.5万,5-10年,本科
高级Java,成都创雅达科技有限公司,楚雄·楚雄市·东瓜镇,1-1.5万,5-10年,本科
高级Java,成都创雅达科技有限公司,楚雄·楚雄市·东瓜镇,1-1.5万,5-10年,本科
高级Java,成都创雅达科技有限公司,楚雄·楚雄市·东瓜镇,1-1.5万,5-10年,本科
微信小程序开发（实习）,四川品亿科技有限公司,成都·武侯·桂溪,1000-2000元,经验不限,大专
微信小程序开发（实习）,四川品亿科技有限公司,成都·武侯·桂溪,1000-2000元,经验不限,大专
对日开发初级技术员到项目经理的全职位招聘,株式会社ProfaceSystems,徐州·云龙区·大龙湖街道,2-4万,1-3年,大专
对日开发初级技术员到项目经理的全职位招聘,株式会社ProfaceSystems,徐州·云龙区·大龙湖街道,2-4万,1-3年,大专
软件开发-Java,山东创新精密科技有限公司,滨州·邹平市·高新街道,5000-10000元,1-3年,本科
软件开发-Java,山东创新精密科技有限公司,滨州·邹平市·高新街道,5000-10000元,1-3年,本科
3DGIS地理信息高级开发工程师,东华软件股份公司,延安·宝塔区·枣园街道,8000-16000元·13薪,3-5年,大专
3DGIS地理信息高级开发工程师,东华软件股份公司,延安·宝塔区·枣园街道,8000-16000元·13薪,3-5年,大专
对日开发初级技术员到项目经理的全职位招聘,株式会社ProfaceSystems,哈尔滨·松北·松北街道,2-4万,1-3年,大专
对日开发初级技术员到项目经理的全职位招聘,株式会社ProfaceSystems,哈尔滨·松北·松北街道,2-4万,1-3年,大专
html5前端工程师+包食宿,秒创未来(上海)数字传媒科技有限公司,上海·嘉定·五角场,1.7-1.9万,经验不限,中专/中技
html5前端工程师+包食宿,秒创未来(上海)数字传媒科技有限公司,上海·嘉定·五角场,1.7-1.9万,经验不限,中专/中技
3DGIS地理信息高级开发工程师,东华软件股份公司,滨州·滨城区·彭李街道,8000-16000元·13薪,3-5年,大专
3DGIS地理信息高级开发工程师,东华软件股份公司,滨州·滨城区·彭李街道,8000-16000元·13薪,3-5年,大专
对日开发初级技术员到项目经理的全职位招聘,株式会社ProfaceSystems,南昌,2-4万,1-3年,大专
对日开发初级技术员到项目经理的全职位招聘,株式会社ProfaceSystems,南昌,2-4万,1-3年,大专
java工程师,东华医为科技有限公司,郑州·管城·商都路,7000-12000元,经验不限,本科
java工程师,东华医为科技有限公司,郑州·管城·商都路,7000-12000元,经验不限,本科
java全栈工程师,东华软件股份公司,乌鲁木齐·天山区·和平路街道,8000-13000元,1-3年,本科
java全栈工程师,东华软件股份公司,乌鲁木齐·天山区·和平路街道,8000-13000元,1-3年,本科
对日开发初级技术员到项目经理的全职位招聘,株式会社ProfaceSystems,安阳·北关区·解放路街道,2-4万,1-3年,大专
对日开发初级技术员到项目经理的全职位招聘,株式会社ProfaceSystems,安阳·北关区·解放路街道,2-4万,1-3年,大专
全栈开发工程师,东华医为科技有限公司,天津·西青·大寺,7000-14000元·13薪,经验不限,本科
全栈开发工程师,东华医为科技有限公司,天津·西青·大寺,7000-14000元·13薪,经验不限,本科
初中级Java开发工程师（银行-银川）,东华软件股份公司,银川·贺兰县·习岗镇,1-1.4万,3-5年,本科
初中级Java开发工程师（银行-银川）,东华软件股份公司,银川·贺兰县·习岗镇,1-1.4万,3-5年,本科
对日开发初级技术员到项目经理的全职位招聘,株式会社ProfaceSystems,海口,2-4万,1-3年,大专
对日开发初级技术员到项目经理的全职位招聘,株式会社ProfaceSystems,海口,2-4万,1-3年,大专
软件实施工程师,东华医为科技有限公司,贵阳·观山湖,6000-10000元,1-3年,本科
软件实施工程师,东华医为科技有限公司,贵阳·观山湖,6000-10000元,1-3年,本科
IT技术java开发工程师,青岛卡泰驰智行汽车科技有限公司,青岛·城阳·上马,1.2-1.6万,3-5年,本科
IT技术java开发工程师,青岛卡泰驰智行汽车科技有限公司,青岛·城阳·上马,1.2-1.6万,3-5年,本科
中高级java工程师,武汉盛典网络科技有限公司,武汉·江岸,8000-12000元,3-5年,大专
中高级java工程师,武汉盛典网络科技有限公司,武汉·江岸,8000-12000元,3-5年,大专
全栈开发工程师,东华医为科技有限公司,济南·历城·港沟,7000-14000元·13薪,经验不限,本科
全栈开发工程师,东华医为科技有限公司,济南·历城·港沟,7000-14000元·13薪,经验不限,本科
vue前端开发工程师,成都中科比智科技有限公司,成都·郫都·犀浦,9000-12000元,3-5年,本科
vue前端开发工程师,成都中科比智科技有限公司,成都·郫都·犀浦,9000-12000元,3-5年,本科
Web前端工程师(J10116),河南驼人医疗器械集团有限公司,新乡·长垣市·南蒲街道,7000-12000元,3-5年,本科
Web前端工程师(J10116),河南驼人医疗器械集团有限公司,新乡·长垣市·南蒲街道,7000-12000元,3-5年,本科
Web前端工程师(J10116),河南驼人医疗器械集团有限公司,新乡·长垣市·南蒲街道,7000-12000元,3-5年,本科
Web前端工程师(J10116),河南驼人医疗器械集团有限公司,新乡·长垣市·南蒲街道,7000-12000元,3-5年,本科
全栈开发工程师,东华医为科技有限公司,上海·黄浦·瑞金二路,7000-14000元·13薪,经验不限,本科
全栈开发工程师,东华医为科技有限公司,上海·黄浦·瑞金二路,7000-14000元·13薪,经验不限,本科
3DGIS三维地理信息高级开发工程师,东华软件股份公司,济南·市中·杆石桥,8000-16000元·13薪,3-5年,大专
3DGIS三维地理信息高级开发工程师,东华软件股份公司,济南·市中·杆石桥,8000-16000元·13薪,3-5年,大专
后端开发工程师,内蒙古学鲤商业管理集团有限公司,呼和浩特·赛罕·巴彦,5000-9000元,3-5年,本科
后端开发工程师,内蒙古学鲤商业管理集团有限公司,呼和浩特·赛罕·巴彦,5000-9000元,3-5年,本科
web前端工程师,北京计算机技术及应用研究所,北京·海淀·永定路,1-2万,3-5年,硕士
web前端工程师,北京计算机技术及应用研究所,北京·海淀·永定路,1-2万,3-5年,硕士
医疗软件实施工程师,东华医为科技有限公司,武汉·武昌,6000-10000元,经验不限,本科
医疗软件实施工程师,东华医为科技有限公司,武汉·武昌,6000-10000元,经验不限,本科
Java高级开发工程师,北京双泽维度信息技术有限公司,武汉·洪山·关山,1-1.5万,5-10年,本科
Java高级开发工程师,北京双泽维度信息技术有限公司,武汉·洪山·关山,1-1.5万,5-10年,本科
软件测试助教,成都市海德计算机职业技能培训学校,成都·锦江·锦官驿,6000-10000元,经验不限,本科
软件测试助教,成都市海德计算机职业技能培训学校,成都·锦江·锦官驿,6000-10000元,经验不限,本科
全栈开发工程师,东华医为科技有限公司,郑州·管城·商都路,7000-14000元·13薪,经验不限,本科
全栈开发工程师,东华医为科技有限公司,郑州·管城·商都路,7000-14000元·13薪,经验不限,本科
Java开发工程师,北京宏科高软科技有限公司,北京·丰台·看丹,8000-10000元,3-5年,大专
Java开发工程师,北京宏科高软科技有限公司,北京·丰台·看丹,8000-10000元,3-5年,大专
JAVA开发工程师,江苏日安信息科技有限公司,上海·闵行·新虹,1.1-1.6万,5-10年,大专
JAVA开发工程师,江苏日安信息科技有限公司,上海·闵行·新虹,1.1-1.6万,5-10年,大专
实施工程师,东华医为科技有限公司,延边·延吉市·新兴街道,6000-10000元,经验不限,本科
实施工程师,东华医为科技有限公司,延边·延吉市·新兴街道,6000-10000元,经验不限,本科
Java/C/C++/python/GO/web/测试,外企德科数字技术有限公司,武汉·江夏·豹澥,1.2-2.4万·14薪,经验不限,本科
Java/C/C++/python/GO/web/测试,外企德科数字技术有限公司,武汉·江夏·豹澥,1.2-2.4万·14薪,经验不限,本科
后端JAVA开发（企业直招/光储/新能源）,外企德科,上海·闵行·浦江,2.2-4万,3-5年,硕士
后端JAVA开发（企业直招/光储/新能源）,外企德科,上海·闵行·浦江,2.2-4万,3-5年,硕士
java开发工程师,四川旅发环保科技有限公司,成都·武侯·桂溪,1.3-2万,3-5年,本科
java开发工程师,四川旅发环保科技有限公司,成都·武侯·桂溪,1.3-2万,3-5年,本科
C/JAVA/C++/Python/JS软件开发工程师,外企德科数字技术有限公司,济南·历下·龙洞,1.5-3万·14薪,无经验,本科
C/JAVA/C++/Python/JS软件开发工程师,外企德科数字技术有限公司,济南·历下·龙洞,1.5-3万·14薪,无经验,本科
前端开发工程师,外企德科,深圳·南山·粤海,2-3.5万,3-5年,本科
前端开发工程师,外企德科,深圳·南山·粤海,2-3.5万,3-5年,本科
Java开发工程师（长春）,东华软件股份公司,长春·南关·净月,5000-8000元,3-5年,本科
Java开发工程师（长春）,东华软件股份公司,长春·南关·净月,5000-8000元,3-5年,本科
Java,外企德科数字技术有限公司,上海·浦东·金桥,1.5-3万·14薪,1年以下,本科
Java,外企德科数字技术有限公司,上海·浦东·金桥,1.5-3万·14薪,1年以下,本科
Python工程师,外企德科,上海·浦东·金桥,1.7-2.6万·14薪,1-3年,本科
Python工程师,外企德科,上海·浦东·金桥,1.7-2.6万·14薪,1-3年,本科
Java开发工程师,北京计算机技术及应用研究所,北京·海淀·永定路,1-2万,3-5年,硕士
Java开发工程师,北京计算机技术及应用研究所,北京·海淀·永定路,1-2万,3-5年,硕士
Java开发工程师,北京计算机技术及应用研究所,北京·海淀·永定路,1-2万,3-5年,硕士
Java开发工程师,北京计算机技术及应用研究所,北京·海淀·永定路,1-2万,3-5年,硕士
软件研发工程师,外企德科数字技术有限公司,深圳·龙岗·坂田,1.4-2.8万,经验不限,本科
软件研发工程师,外企德科数字技术有限公司,深圳·龙岗·坂田,1.4-2.8万,经验不限,本科
对日软件工程师,信华信(大连)软件服务股份有限公司,大连·甘井子·凌水,8000-12000元,3-5年,本科
对日软件工程师,信华信(大连)软件服务股份有限公司,大连·甘井子·凌水,8000-12000元,3-5年,本科
中高级java工程师,外企德科,深圳·南山·粤海,2-3.5万·15薪,5-10年,本科
中高级java工程师,外企德科,深圳·南山·粤海,2-3.5万·15薪,5-10年,本科
java/Python/C/C++/JS/AI算法/软件测试,外企德科数字技术有限公司,成都·郫都·合作街道,1.5-3万,1-3年,本科
java/Python/C/C++/JS/AI算法/软件测试,外企德科数字技术有限公司,成都·郫都·合作街道,1.5-3万,1-3年,本科
后端开发工程师（java）,天津光电通信技术有限公司,天津·河西·尖山,1.2-2万·13薪,3-5年,本科
后端开发工程师（java）,天津光电通信技术有限公司,天津·河西·尖山,1.2-2万·13薪,3-5年,本科
Java后端开发工程师,青岛中享启迪文化科技有限公司,青岛·市南·金门路,4000-7000元,经验不限,大专
Java后端开发工程师,青岛中享启迪文化科技有限公司,青岛·市南·金门路,4000-7000元,经验不限,大专
java/c++/C/Python/前端开发工程师,外企德科数字技术有限公司,成都·郫都·合作街道,1.5-3万·14薪,经验不限,本科
java/c++/C/Python/前端开发工程师,外企德科数字技术有限公司,成都·郫都·合作街道,1.5-3万·14薪,经验不限,本科
初级java开发工程师,南京捷帝科技有限公司,南京·浦口·顶山,4000-7000元,经验不限,大专
初级java开发工程师,南京捷帝科技有限公司,南京·浦口·顶山,4000-7000元,经验不限,大专
vue前端开发工程师（银行项目）,东华软件股份公司,济南·历城·孙村,8000-12000元,3-5年,本科
vue前端开发工程师（银行项目）,东华软件股份公司,济南·历城·孙村,8000-12000元,3-5年,本科
JAVA/C/C++/Python/go/web开发工程师 全国岗14薪，全额社保公积金 应届生/考研/考公失败可投,外企德科数字技术有限公司,贵阳·花溪·孟关,1.5-3万·14薪,经验不限,本科
JAVA/C/C++/Python/go/web开发工程师 全国岗14薪，全额社保公积金 应届生/考研/考公失败可投,外企德科数字技术有限公司,贵阳·花溪·孟关,1.5-3万·14薪,经验不限,本科
JAVA工程师,北京博得交通设备有限公司,北京·大兴·观音寺,1.5-3万,3-5年,硕士
JAVA工程师,北京博得交通设备有限公司,北京·大兴·观音寺,1.5-3万,3-5年,硕士
UI开发工程师,中国电子科技集团公司信息科学研究院,北京·石景山·苹果园,1.5-2.5万,经验不限,本科
UI开发工程师,中国电子科技集团公司信息科学研究院,北京·石景山·苹果园,1.5-2.5万,经验不限,本科
Java/Python/C/C++/Web/测试工程师,外企德科数字技术有限公司,杭州·滨江·长河,1.3-2.6万·16薪,经验不限,本科
Java/Python/C/C++/Web/测试工程师,外企德科数字技术有限公司,杭州·滨江·长河,1.3-2.6万·16薪,经验不限,本科
全栈开发工程师,东华医为科技有限公司,长沙·岳麓·麓谷,7000-14000元·13薪,经验不限,本科
全栈开发工程师,东华医为科技有限公司,长沙·岳麓·麓谷,7000-14000元·13薪,经验不限,本科
前端开发工程师,北京锦鸿希电信息技术股份有限公司,北京·丰台·看丹,1.5-2.5万,1-3年,本科
前端开发工程师,北京锦鸿希电信息技术股份有限公司,北京·丰台·看丹,1.5-2.5万,1-3年,本科
高薪诚聘Java/c++/python后端开发/开发工程师 (高额年终奖),外企德科数字技术有限公司,西安·雁塔·丈八沟,1.5-3万·14薪,经验不限,本科
高薪诚聘Java/c++/python后端开发/开发工程师 (高额年终奖),外企德科数字技术有限公司,西安·雁塔·丈八沟,1.5-3万·14薪,经验不限,本科
前端开发工程师,苏州启荣信息科技有限公司,苏州·虎丘·浒墅关,5000-8000元,1-3年,大专
前端开发工程师,苏州启荣信息科技有限公司,苏州·虎丘·浒墅关,5000-8000元,1-3年,大专
前端开发工程师,共致开源(北京)信息科技有限公司,北京·海淀·上地,1-2万,1-3年,本科
前端开发工程师,共致开源(北京)信息科技有限公司,北京·海淀·上地,1-2万,1-3年,本科
JAVA/C++/C/Python 14薪双休 应届生可投,外企德科数字技术有限公司,成都·锦江·书院街,1.5-3万,经验不限,本科
JAVA/C++/C/Python 14薪双休 应届生可投,外企德科数字技术有限公司,成都·锦江·书院街,1.5-3万,经验不限,本科
后端开发工程师,外企德科,上海·浦东·金桥,2-4万·14薪,3-5年,硕士
后端开发工程师,外企德科,上海·浦东·金桥,2-4万·14薪,3-5年,硕士
后端开发工程师,外企德科,上海·浦东·金桥,2-4万·14薪,3-5年,硕士
后端开发工程师,外企德科,上海·浦东·金桥,2-4万·14薪,3-5年,硕士
Java中高级开发（咸阳-农发行）,东华软件股份公司,咸阳·秦都区·钓台街道,1.2-1.4万,5-10年,本科
Java中高级开发（咸阳-农发行）,东华软件股份公司,咸阳·秦都区·钓台街道,1.2-1.4万,5-10年,本科
软件开发/软件测试,外企德科数字技术有限公司,武汉·江夏·豹澥,1-1.5万·14薪,经验不限,本科
软件开发/软件测试,外企德科数字技术有限公司,武汉·江夏·豹澥,1-1.5万·14薪,经验不限,本科
后端开发工程师,外企德科,上海·浦东·金桥,2-4万·14薪,5-10年,硕士
后端开发工程师,外企德科,上海·浦东·金桥,2-4万·14薪,5-10年,硕士
Java开发软件工程师（初级）,常州发创软件有限公司,常州·新北·三井,5000-10000元,无经验,大专
Java开发软件工程师（初级）,常州发创软件有限公司,常州·新北·三井,5000-10000元,无经验,大专
前/后端开发 Java、C++、python、js,外企德科数字技术有限公司,上海·青浦·金泽,1.5-3万·14薪,无经验,本科
前/后端开发 Java、C++、python、js,外企德科数字技术有限公司,上海·青浦·金泽,1.5-3万·14薪,无经验,本科
前端开发工程师,中国兵器工业计算机应用技术研究所,北京·海淀·紫竹院,1-1.5万,1-3年,硕士
前端开发工程师,中国兵器工业计算机应用技术研究所,北京·海淀·紫竹院,1-1.5万,1-3年,硕士
软件开发工程师（前端开发）,金航数码科技有限责任公司,北京·朝阳·左家庄,2.5-3.5万,5-10年,本科
软件开发工程师（前端开发）,金航数码科技有限责任公司,北京·朝阳·左家庄,2.5-3.5万,5-10年,本科
软件开发工程师（Java/C/C++/python),外企德科数字技术有限公司,深圳·龙岗·坂田,1.5-3万·14薪,经验不限,本科
软件开发工程师（Java/C/C++/python),外企德科数字技术有限公司,深圳·龙岗·坂田,1.5-3万·14薪,经验不限,本科
java开发工程师,天源迪科,深圳·福田·梅林,1-1.6万,3-5年,本科
java开发工程师,天源迪科,深圳·福田·梅林,1-1.6万,3-5年,本科
Web高级前端开发工程师,武汉筑朗建设科技有限公司,武汉·江岸,1.1-1.6万·13薪,5-10年,本科
Web高级前端开发工程师,武汉筑朗建设科技有限公司,武汉·江岸,1.1-1.6万·13薪,5-10年,本科
Java/python/JS/C++/测试(核心项目 年终奖,外企德科数字技术有限公司,西安·雁塔·漳浒寨,1.8-3.5万·16薪,经验不限,本科
Java/python/JS/C++/测试(核心项目 年终奖,外企德科数字技术有限公司,西安·雁塔·漳浒寨,1.8-3.5万·16薪,经验不限,本科
Web开发,中国电子科技集团公司信息科学研究院,北京·石景山·苹果园,1.5-2.5万,经验不限,本科
Web开发,中国电子科技集团公司信息科学研究院,北京·石景山·苹果园,1.5-2.5万,经验不限,本科
全栈开发工程师,东华医为科技有限公司,成都·武侯·桂溪,7000-14000元·13薪,经验不限,本科
全栈开发工程师,东华医为科技有限公司,成都·武侯·桂溪,7000-14000元·13薪,经验不限,本科
中高级后端开发工程师,外企德科数字技术有限公司,杭州·滨江·长河,2-4万·16薪,经验不限,本科
中高级后端开发工程师,外企德科数字技术有限公司,杭州·滨江·长河,2-4万·16薪,经验不限,本科
软件开发工程师（研发）,中国国际电子商务有限公司,北京·大兴·荣华街道,1-1.5万,经验不限,本科
软件开发工程师（研发）,中国国际电子商务有限公司,北京·大兴·荣华街道,1-1.5万,经验不限,本科
软件工程师java,北京和升达信息安全技术有限公司,沧州·青县·清州镇,1.5-2.5万,3-5年,本科
软件工程师java,北京和升达信息安全技术有限公司,沧州·青县·清州镇,1.5-2.5万,3-5年,本科
软件开发（语言全部涵盖 流程快 岗位多）,外企德科数字技术有限公司,武汉·江夏·豹澥,1.5-2.8万·14薪,经验不限,本科
软件开发（语言全部涵盖 流程快 岗位多）,外企德科数字技术有限公司,武汉·江夏·豹澥,1.5-2.8万·14薪,经验不限,本科
实施工程师（软、硬件）,成都前云康科技集团有限公司,成都·双流·西航港,4000-7000元,1-3年,本科
实施工程师（软、硬件）,成都前云康科技集团有限公司,成都·双流·西航港,4000-7000元,1-3年,本科
Java开发工程师,东华医为科技有限公司,兰州·城关区·临夏路街道,7000-9000元,经验不限,本科
Java开发工程师,东华医为科技有限公司,兰州·城关区·临夏路街道,7000-9000元,经验不限,本科
java软件开发工程师,外企德科数字技术有限公司,西安·雁塔·漳浒寨,1.4-2.5万·14薪,1-3年,本科
java软件开发工程师,外企德科数字技术有限公司,西安·雁塔·漳浒寨,1.4-2.5万·14薪,1-3年,本科
java软件开发工程师,外企德科数字技术有限公司,西安·雁塔·漳浒寨,1.4-2.5万·14薪,1-3年,本科
java软件开发工程师,外企德科数字技术有限公司,西安·雁塔·漳浒寨,1.4-2.5万·14薪,1-3年,本科
初级Java开发软件工程师,合肥常创信息科技有限公司,合肥·庐阳·双岗,4000-6000元,经验不限,本科
初级Java开发软件工程师,合肥常创信息科技有限公司,合肥·庐阳·双岗,4000-6000元,经验不限,本科
全栈开发工程师,东华医为科技有限公司,西安·雁塔·鱼化寨,7000-14000元·13薪,经验不限,本科
全栈开发工程师,东华医为科技有限公司,西安·雁塔·鱼化寨,7000-14000元·13薪,经验不限,本科
Java/JS/Python/算法/C/C++工程师,外企德科数字技术有限公司,深圳·龙岗·坂田,1.2-2.4万·14薪,经验不限,本科
Java/JS/Python/算法/C/C++工程师,外企德科数字技术有限公司,深圳·龙岗·坂田,1.2-2.4万·14薪,经验不限,本科
软件开发工程师（后端开发）,金航数码科技有限责任公司,北京·朝阳·左家庄,2.5-3.5万,5-10年,本科
软件开发工程师（后端开发）,金航数码科技有限责任公司,北京·朝阳·左家庄,2.5-3.5万,5-10年,本科
微信小程序开发实习生,四川品亿科技有限公司,成都·武侯·桂溪,50-100元/天,无经验,大专
微信小程序开发实习生,四川品亿科技有限公司,成都·武侯·桂溪,50-100元/天,无经验,大专
软件工程师（底软/后端/嵌入式开发为主，前端开发/算法/测试少量）,外企德科数字技术有限公司,西安·雁塔·漳浒寨,1.2-2.4万·14薪,1-3年,本科
软件工程师（底软/后端/嵌入式开发为主，前端开发/算法/测试少量）,外企德科数字技术有限公司,西安·雁塔·漳浒寨,1.2-2.4万·14薪,1-3年,本科
Java开发工程师,庄莲(南京)进出口有限责任公司,南京·江宁·东山,1-1.5万·13薪,1-3年,本科
Java开发工程师,庄莲(南京)进出口有限责任公司,南京·江宁·东山,1-1.5万·13薪,1-3年,本科
3DGIS三维地理信息高级开发工程师,东华软件股份公司,南京·鼓楼·湖南路,8000-16000元·13薪,3-5年,大专
3DGIS三维地理信息高级开发工程师,东华软件股份公司,南京·鼓楼·湖南路,8000-16000元·13薪,3-5年,大专
Java/C/C++/Python/GO/JS,外企德科数字技术有限公司,杭州·滨江·长河,1.3-2.6万·14薪,经验不限,本科
Java/C/C++/Python/GO/JS,外企德科数字技术有限公司,杭州·滨江·长河,1.3-2.6万·14薪,经验不限,本科
后端开发,外企德科,杭州·滨江·长河,2-3万,3-5年,本科
后端开发,外企德科,杭州·滨江·长河,2-3万,3-5年,本科
Java开发工程师,北京嘉和星华科技有限公司,北京·海淀·清河,1-1.5万,3-5年,大专
Java开发工程师,北京嘉和星华科技有限公司,北京·海淀·清河,1-1.5万,3-5年,大专
java/Python/C/C++/JS/AI算法/软件测试,外企德科数字技术有限公司,深圳·龙岗·坂田,2-4万,经验不限,本科
java/Python/C/C++/JS/AI算法/软件测试,外企德科数字技术有限公司,深圳·龙岗·坂田,2-4万,经验不限,本科
后端开发（机器人项目-双休）,外企德科,上海·浦东·张江,1.3-1.8万,3-5年,本科
后端开发（机器人项目-双休）,外企德科,上海·浦东·张江,1.3-1.8万,3-5年,本科
前端开发工程师（Web IDE 方向）,金航数码科技有限责任公司,西安·雁塔·漳浒寨,1.5-2.5万,5-10年,本科
前端开发工程师（Web IDE 方向）,金航数码科技有限责任公司,西安·雁塔·漳浒寨,1.5-2.5万,5-10年,本科
C/C++/Java/Python/JS软件开发/算法/数据,外企德科数字技术有限公司,苏州·虎丘,1.7-3万·15薪,经验不限,本科
C/C++/Java/Python/JS软件开发/算法/数据,外企德科数字技术有限公司,苏州·虎丘,1.7-3万·15薪,经验不限,本科
后端JAVA开发（企业直招/光储/新能源）,外企德科,上海·闵行·浦江,2.2-4万,3-5年,硕士
后端JAVA开发（企业直招/光储/新能源）,外企德科,上海·闵行·浦江,2.2-4万,3-5年,硕士
JAVA开发工程师,三星财产保险(中国)有限公司,上海·徐汇·龙华,1.5-3万·16薪,5-10年,本科
JAVA开发工程师,三星财产保险(中国)有限公司,上海·徐汇·龙华,1.5-3万·16薪,5-10年,本科
C/C++、Java、Python、JS、测试等工程师,外企德科数字技术有限公司,上海·青浦·金泽,1.5-2.7万·16薪,经验不限,本科
C/C++、Java、Python、JS、测试等工程师,外企德科数字技术有限公司,上海·青浦·金泽,1.5-2.7万·16薪,经验不限,本科
React前端开发工程师（AI产品）,外企德科,北京·海淀·海淀街道,2-4万,5-10年,大专
React前端开发工程师（AI产品）,外企德科,北京·海淀·海淀街道,2-4万,5-10年,大专
高级前端工程师,思源电气,南京·雨花台·铁心桥,1.8-2.5万·16薪,5-10年,本科
高级前端工程师,思源电气,南京·雨花台·铁心桥,1.8-2.5万·16薪,5-10年,本科
高级前端工程师,思源电气,南京·雨花台·铁心桥,1.8-2.5万·16薪,5-10年,本科
高级前端工程师,思源电气,南京·雨花台·铁心桥,1.8-2.5万·16薪,5-10年,本科
JAVA/C/C++/Python/go/web开发工程师 全国岗，14薪，全额社保公积金 应届生/考研/考公失败可投,外企德科数字技术有限公司,上海·青浦·金泽,1.5-3万·14薪,经验不限,本科
JAVA/C/C++/Python/go/web开发工程师 全国岗，14薪，全额社保公积金 应届生/考研/考公失败可投,外企德科数字技术有限公司,上海·青浦·金泽,1.5-3万·14薪,经验不限,本科
JAVA开发（大厂OD项目+项目稳定发展优）,外企德科,深圳·南山·粤海,2-3.5万·15薪,3-5年,本科
JAVA开发（大厂OD项目+项目稳定发展优）,外企德科,深圳·南山·粤海,2-3.5万·15薪,3-5年,本科
java后端工程师,北京计算机技术及应用研究所,长沙·开福·伍家岭,7000-14000元,经验不限,硕士
java后端工程师,北京计算机技术及应用研究所,长沙·开福·伍家岭,7000-14000元,经验不限,硕士
java软件开发工程师,外企德科数字技术有限公司,上海·浦东·金桥,1.5-3万·15薪,3-5年,本科
java软件开发工程师,外企德科数字技术有限公司,上海·浦东·金桥,1.5-3万·15薪,3-5年,本科
java开发工程师,济南凡诚信息技术有限公司,济南·历下·姚家,6000-12000元·13薪,经验不限,大专
java开发工程师,济南凡诚信息技术有限公司,济南·历下·姚家,6000-12000元·13薪,经验不限,大专
Java开发工程师（驻场）,东华软件股份公司,济南·历城·孙村,8000-15000元,3-5年,本科
Java开发工程师（驻场）,东华软件股份公司,济南·历城·孙村,8000-15000元,3-5年,本科
通用软件开发/测试工程师[各语言],外企德科数字技术有限公司,深圳·龙岗·坂田,2-4万·14薪,经验不限,本科
通用软件开发/测试工程师[各语言],外企德科数字技术有限公司,深圳·龙岗·坂田,2-4万·14薪,经验不限,本科
资深全栈开发师,华润河南医药,郑州·管城,1.1-2万,5-10年,本科
资深全栈开发师,华润河南医药,郑州·管城,1.1-2万,5-10年,本科
前端开发工程师,深圳市思源计算机软件股份有限公司,深圳·南山·粤海,1-1.8万,5-10年,本科
前端开发工程师,深圳市思源计算机软件股份有限公司,深圳·南山·粤海,1-1.8万,5-10年,本科
JAVA/C++/C/Python 14薪双休 应届生可投,外企德科数字技术有限公司,苏州·昆山·玉山,1.5-3万,经验不限,本科
JAVA/C++/C/Python 14薪双休 应届生可投,外企德科数字技术有限公司,苏州·昆山·玉山,1.5-3万,经验不限,本科
java开发工程师,河南省悉数大数据科技有限公司,郑州·中原·石佛,6000-8000元,3-5年,大专
java开发工程师,河南省悉数大数据科技有限公司,郑州·中原·石佛,6000-8000元,3-5年,大专
JAVA开发工程师（财务收付）(J10230),三星财产保险(中国)有限公司,上海·徐汇·龙华,1.5-2.5万·16薪,经验不限,本科
JAVA开发工程师（财务收付）(J10230),三星财产保险(中国)有限公司,上海·徐汇·龙华,1.5-2.5万·16薪,经验不限,本科
Java/C++/C/Python/GO/JS,外企德科数字技术有限公司,东莞·大朗镇,1.2-2.4万·15薪,经验不限,本科
Java/C++/C/Python/GO/JS,外企德科数字技术有限公司,东莞·大朗镇,1.2-2.4万·15薪,经验不限,本科
后端开发工程师,北京蓝深大业计算机网络有限公司,北京·西城·月坛,8000-13000元,3-5年,本科
后端开发工程师,北京蓝深大业计算机网络有限公司,北京·西城·月坛,8000-13000元,3-5年,本科
java软件开发工程师,新元化学(山东)股份有限公司,威海·环翠区·怡园街道,1-1.2万,3-5年,本科
java软件开发工程师,新元化学(山东)股份有限公司,威海·环翠区·怡园街道,1-1.2万,3-5年,本科
测试/前端/后端开发工程师Java/C/C++/Python,外企德科数字技术有限公司,杭州·滨江·长河,1.5-2.8万·14薪,经验不限,本科
测试/前端/后端开发工程师Java/C/C++/Python,外企德科数字技术有限公司,杭州·滨江·长河,1.5-2.8万·14薪,经验不限,本科
java软件开发工程师,东华软件股份公司,泰安·岱岳区·北集坡街道,面议,无经验,本科
java软件开发工程师,东华软件股份公司,泰安·岱岳区·北集坡街道,面议,无经验,本科
高级前端开发工程师（郑州）,上海美格网络技术有限公司,郑州·金水·祭城路,8000-10000元·13薪,3-5年,大专
高级前端开发工程师（郑州）,上海美格网络技术有限公司,郑州·金水·祭城路,8000-10000元·13薪,3-5年,大专
软件开发工程师,外企德科数字技术有限公司,深圳·龙岗·坂田,1.5-3万·14薪,经验不限,本科
软件开发工程师,外企德科数字技术有限公司,深圳·龙岗·坂田,1.5-3万·14薪,经验不限,本科
功率硬件工程师（企业直招/光储/新能源）,外企德科,上海·闵行·浦江,2.2-4万,3-5年,本科
功率硬件工程师（企业直招/光储/新能源）,外企德科,上海·闵行·浦江,2.2-4万,3-5年,本科
功率硬件工程师（企业直招/光储/新能源）,外企德科,上海·闵行·浦江,2.2-4万,3-5年,本科
功率硬件工程师（企业直招/光储/新能源）,外企德科,上海·闵行·浦江,2.2-4万,3-5年,本科
中级Java开发工程师,东华软件股份公司,郑州·金水·丰产路,7000-10000元,3-5年,本科
中级Java开发工程师,东华软件股份公司,郑州·金水·丰产路,7000-10000元,3-5年,本科
软件开发工程师（Java/C/C++/python),外企德科数字技术有限公司,武汉·江夏·豹澥,1.5-3万·14薪,经验不限,本科
软件开发工程师（Java/C/C++/python),外企德科数字技术有限公司,武汉·江夏·豹澥,1.5-3万·14薪,经验不限,本科
后端开发工程师,外企德科,上海·浦东·金桥,2-4万·14薪,5-10年,硕士
后端开发工程师,外企德科,上海·浦东·金桥,2-4万·14薪,5-10年,硕士
前端开发工程师,上海智通建设发展股份有限公司,上海·浦东·周家渡,1.2-1.6万,3-5年,本科
前端开发工程师,上海智通建设发展股份有限公司,上海·浦东·周家渡,1.2-1.6万,3-5年,本科
软件开发（语言全部涵盖 流程快 岗位多）,外企德科数字技术有限公司,北京·海淀,1.5-2.8万·14薪,经验不限,本科
软件开发（语言全部涵盖 流程快 岗位多）,外企德科数字技术有限公司,北京·海淀,1.5-2.8万·14薪,经验不限,本科
软件开发工程师,弘庚咨询有限公司,济南·历下·姚家,1.5-2.5万,5-10年,本科
软件开发工程师,弘庚咨询有限公司,济南·历下·姚家,1.5-2.5万,5-10年,本科
JAVA助教实习生,成都市海德计算机职业技能培训学校,成都·锦江·锦官驿,150-200元/天,无经验,本科
JAVA助教实习生,成都市海德计算机职业技能培训学校,成都·锦江·锦官驿,150-200元/天,无经验,本科
高级java工程师,外企德科数字技术有限公司,深圳·龙岗·坂田,1.5-3万,经验不限,本科
高级java工程师,外企德科数字技术有限公司,深圳·龙岗·坂田,1.5-3万,经验不限,本科
银行软件开发工程师（信贷/理财/国结/外汇交易等),南京鑫元数信息科技有限公司,南京·秦淮·朝天宫,6000-11000元,1-3年,本科
银行软件开发工程师（信贷/理财/国结/外汇交易等),南京鑫元数信息科技有限公司,南京·秦淮·朝天宫,6000-11000元,1-3年,本科
Java开发工程师,东华软件股份公司,西安·雁塔·漳浒寨,面议,1-3年,本科
Java开发工程师,东华软件股份公司,西安·雁塔·漳浒寨,面议,1-3年,本科
软件开发工程师,外企德科数字技术有限公司,杭州·滨江·长河,1.5-3万,经验不限,本科
软件开发工程师,外企德科数字技术有限公司,杭州·滨江·长河,1.5-3万,经验不限,本科
移动前端开发工程师,东华医为科技有限公司,天津·西青·大寺,7000-13000元,经验不限,本科
移动前端开发工程师,东华医为科技有限公司,天津·西青·大寺,7000-13000元,经验不限,本科
Java开发工程师,东华软件股份公司,郑州·金水·北林路,面议,3-5年,本科
Java开发工程师,东华软件股份公司,郑州·金水·北林路,面议,3-5年,本科
软件开发（双休、有导师带教、接受25届无经验）,外企德科数字技术有限公司,武汉·江夏·豹澥,1.3-2.6万·15薪,经验不限,本科
软件开发（双休、有导师带教、接受25届无经验）,外企德科数字技术有限公司,武汉·江夏·豹澥,1.3-2.6万·15薪,经验不限,本科
实施工程师,成都前云康科技集团有限公司,成都·双流·西航港,4000-7000元,1-3年,本科
实施工程师,成都前云康科技集团有限公司,成都·双流·西航港,4000-7000元,1-3年,本科
Java后端开发工程师,外企德科,上海·浦东·金桥,2-4万·18薪,5-10年,硕士
Java后端开发工程师,外企德科,上海·浦东·金桥,2-4万·18薪,5-10年,硕士
Java开发工程师-上海,外企德科数字技术有限公司,上海·杨浦·大桥,1.7-1.8万,3-5年,本科
Java开发工程师-上海,外企德科数字技术有限公司,上海·杨浦·大桥,1.7-1.8万,3-5年,本科
中级Java开发工程师,瞬联软件科技(北京)有限公司,苏州·昆山·玉山,1.1-1.4万·13薪,3-5年,本科
中级Java开发工程师,瞬联软件科技(北京)有限公司,苏州·昆山·玉山,1.1-1.4万·13薪,3-5年,本科
软件开发（类似mes系统）,外企德科,北京·通州·台湖,2.5-2.7万,1-3年,本科
软件开发（类似mes系统）,外企德科,北京·通州·台湖,2.5-2.7万,1-3年,本科
软件开发工程师,外企德科数字技术有限公司,武汉·江夏·豹澥,1.5-3万,经验不限,本科
软件开发工程师,外企德科数字技术有限公司,武汉·江夏·豹澥,1.5-3万,经验不限,本科
软件开发工程师,外企德科数字技术有限公司,武汉·江夏·豹澥,1.5-3万,经验不限,本科
软件开发工程师,外企德科数字技术有限公司,武汉·江夏·豹澥,1.5-3万,经验不限,本科
java工程师,东华医为科技有限公司,西安·雁塔·鱼化寨,7000-12000元,1-3年,本科
java工程师,东华医为科技有限公司,西安·雁塔·鱼化寨,7000-12000元,1-3年,本科
前端开发工程师,外企德科,北京·海淀·清河,1.2-1.7万,3-5年,本科
前端开发工程师,外企德科,北京·海淀·清河,1.2-1.7万,3-5年,本科
前端后端开发测试招聘（java/C/js/python）,外企德科数字技术有限公司,深圳·龙岗·坂田,1.5-3万·14薪,经验不限,本科
前端后端开发测试招聘（java/C/js/python）,外企德科数字技术有限公司,深圳·龙岗·坂田,1.5-3万·14薪,经验不限,本科
开发工程师（五险一金+双休）,广州龙派集团有限公司,广州·南沙·黄阁,1-1.5万·13薪,3-5年,本科
开发工程师（五险一金+双休）,广州龙派集团有限公司,广州·南沙·黄阁,1-1.5万·13薪,3-5年,本科
前端研发工程师,华普电力有限公司,重庆·江北,1-1.5万,5-10年,本科
前端研发工程师,华普电力有限公司,重庆·江北,1-1.5万,5-10年,本科
Java/C/C++/Python/js前端,外企德科数字技术有限公司,苏州·工业园区,1.5-3万·14薪,经验不限,学历不限
Java/C/C++/Python/js前端,外企德科数字技术有限公司,苏州·工业园区,1.5-3万·14薪,经验不限,学历不限
Java开发工程师,东华软件股份公司,北京·石景山·古城,面议,3-5年,本科
Java开发工程师,东华软件股份公司,北京·石景山·古城,面议,3-5年,本科
java中高级工程师,智博融资租赁(深圳)有限公司,重庆·渝北·仙桃,1.1-1.5万·13薪,5-10年,本科
java中高级工程师,智博融资租赁(深圳)有限公司,重庆·渝北·仙桃,1.1-1.5万·13薪,5-10年,本科
Java/JS/Python/算法/C/C++工程师,外企德科数字技术有限公司,上海·浦东·金桥,1.2-2.4万·14薪,经验不限,本科
Java/JS/Python/算法/C/C++工程师,外企德科数字技术有限公司,上海·浦东·金桥,1.2-2.4万·14薪,经验不限,本科
移动前端开发工程师,东华医为科技有限公司,济南·历城·港沟,7000-13000元,经验不限,本科
移动前端开发工程师,东华医为科技有限公司,济南·历城·港沟,7000-13000元,经验不限,本科
Java开发（驻场银行）,东华软件股份公司,青岛·市南·香港中路,面议,3-5年,本科
Java开发（驻场银行）,东华软件股份公司,青岛·市南·香港中路,面议,3-5年,本科
Java/JS/Python/算法/C/C++工程师,外企德科数字技术有限公司,杭州·滨江·西兴,1.2-2.4万·14薪,经验不限,本科
Java/JS/Python/算法/C/C++工程师,外企德科数字技术有限公司,杭州·滨江·西兴,1.2-2.4万·14薪,经验不限,本科
后端开发工程师（Java/Python）,北京鑫质世纪科技股份有限公司,北京·东城·和平里,1-2万,3-5年,本科
后端开发工程师（Java/Python）,北京鑫质世纪科技股份有限公司,北京·东城·和平里,1-2万,3-5年,本科
java高级开发,辽宁高比科技有限公司,沈阳·浑南·白塔,8000-10000元,5-10年,本科
java高级开发,辽宁高比科技有限公司,沈阳·浑南·白塔,8000-10000元,5-10年,本科
软件研发工程师（有Java、C、C++、Python、go、JS等）,外企德科数字技术有限公司,苏州·工业园区,1.2-2.4万·14薪,经验不限,本科
软件研发工程师（有Java、C、C++、Python、go、JS等）,外企德科数字技术有限公司,苏州·工业园区,1.2-2.4万·14薪,经验不限,本科
java后端工程师,东华医为科技有限公司,西安·雁塔·漳浒寨,7000-12000元,无经验,本科
java后端工程师,东华医为科技有限公司,西安·雁塔·漳浒寨,7000-12000元,无经验,本科
Java开发工程师,肾泰网健康科技(南京)有限公司,南京·江宁·麒麟,6000-10000元·13薪,1-3年,大专
Java开发工程师,肾泰网健康科技(南京)有限公司,南京·江宁·麒麟,6000-10000元·13薪,1-3年,大专
软件研发工程师（有Java、C、C++、Python、go、JS等）,外企德科数字技术有限公司,上海·浦东·金桥,1.2-2.4万·14薪,经验不限,本科
软件研发工程师（有Java、C、C++、Python、go、JS等）,外企德科数字技术有限公司,上海·浦东·金桥,1.2-2.4万·14薪,经验不限,本科
开发工程师,广州海晟科技有限公司,广州·天河·棠下,8000-12000元·13薪,1-3年,本科
开发工程师,广州海晟科技有限公司,广州·天河·棠下,8000-12000元·13薪,1-3年,本科
高级软件开发工程师/主管（对日）,信华信(大连)软件服务股份有限公司,大连·甘井子·凌水,1.2-1.8万,5-10年,本科
高级软件开发工程师/主管（对日）,信华信(大连)软件服务股份有限公司,大连·甘井子·凌水,1.2-1.8万,5-10年,本科
高级软件开发工程师/主管（对日）,信华信(大连)软件服务股份有限公司,大连·甘井子·凌水,1.2-1.8万,5-10年,本科
高级软件开发工程师/主管（对日）,信华信(大连)软件服务股份有限公司,大连·甘井子·凌水,1.2-1.8万,5-10年,本科
前/后端开发工程师（Java / C/C++ / Python / JS 等方向）接受小白,外企德科数字技术有限公司,杭州·滨江·长河,1-1.1万·14薪,经验不限,本科
前/后端开发工程师（Java / C/C++ / Python / JS 等方向）接受小白,外企德科数字技术有限公司,杭州·滨江·长河,1-1.1万·14薪,经验不限,本科
医疗软件开发工程师,东华医为科技有限公司,哈尔滨·南岗·荣市,8000-10000元,经验不限,本科
医疗软件开发工程师,东华医为科技有限公司,哈尔滨·南岗·荣市,8000-10000元,经验不限,本科
3DGIS三维地理信息高级开发工程师,东华软件股份公司,合肥·庐阳·逍遥津,8000-16000元·13薪,3-5年,大专
3DGIS三维地理信息高级开发工程师,东华软件股份公司,合肥·庐阳·逍遥津,8000-16000元·13薪,3-5年,大专
Java/c/c++/python/js软件开发工程师,外企德科数字技术有限公司,深圳·龙岗·坂田,1.4-2.8万·14薪,经验不限,本科
Java/c/c++/python/js软件开发工程师,外企德科数字技术有限公司,深圳·龙岗·坂田,1.4-2.8万·14薪,经验不限,本科
中级Java开发工程师,志诚泰和,武汉·武昌,9000-12000元,1-3年,本科
中级Java开发工程师,志诚泰和,武汉·武昌,9000-12000元,1-3年,本科
前端开发工程师-中后台,外企德科,北京·海淀·清河,1.5-1.7万,3-5年,本科
前端开发工程师-中后台,外企德科,北京·海淀·清河,1.5-1.7万,3-5年,本科
Java/c/c++/python/js软件开发工程师,外企德科数字技术有限公司,北京·海淀,1.4-2.8万·14薪,经验不限,本科
Java/c/c++/python/js软件开发工程师,外企德科数字技术有限公司,北京·海淀,1.4-2.8万·14薪,经验不限,本科
前端工程师（运维部）,国家电投集团数字科技有限公司,北京·昌平·北七家,面议,5-10年,硕士
前端工程师（运维部）,国家电投集团数字科技有限公司,北京·昌平·北七家,面议,5-10年,硕士
后端开发工程师（直签正编）,外企德科,上海·浦东·金桥,2-4万·15薪,3-5年,硕士
后端开发工程师（直签正编）,外企德科,上海·浦东·金桥,2-4万·15薪,3-5年,硕士
Java/c/c++/python/js软件开发工程师,外企德科数字技术有限公司,西安·雁塔·漳浒寨,1.4-2.8万·14薪,经验不限,本科
Java/c/c++/python/js软件开发工程师,外企德科数字技术有限公司,西安·雁塔·漳浒寨,1.4-2.8万·14薪,经验不限,本科
web前端开发工程师,北京计算机技术及应用研究所,长沙·开福·伍家岭,7000-14000元,经验不限,硕士
web前端开发工程师,北京计算机技术及应用研究所,长沙·开福·伍家岭,7000-14000元,经验不限,硕士
大模型数据工程研发,外企德科,北京·海淀·清河,2-2.3万,1-3年,本科
大模型数据工程研发,外企德科,北京·海淀·清河,2-2.3万,1-3年,本科
java软件开发工程师,外企德科数字技术有限公司,北京·海淀,1.6-3万,经验不限,本科
java软件开发工程师,外企德科数字技术有限公司,北京·海淀,1.6-3万,经验不限,本科
Java工程师-杭州,华美浩联,杭州·拱墅·祥符,1.5-1.8万,3-5年,本科
Java工程师-杭州,华美浩联,杭州·拱墅·祥符,1.5-1.8万,3-5年,本科
客户端研发工程师,外企德科,北京·海淀·清河,1.4-1.8万,1-3年,本科
客户端研发工程师,外企德科,北京·海淀·清河,1.4-1.8万,1-3年,本科
前/后端开发 Java、C++、python、js,外企德科数字技术有限公司,深圳·龙岗·坂田,1.5-3万·14薪,无经验,本科
前/后端开发 Java、C++、python、js,外企德科数字技术有限公司,深圳·龙岗·坂田,1.5-3万·14薪,无经验,本科
Java软件工程师,东华软件股份公司,南昌,8000-12000元,3-5年,本科
Java软件工程师,东华软件股份公司,南昌,8000-12000元,3-5年,本科
移动前端开发工程师,东华医为科技有限公司,郑州·金水·祭城路,7000-13000元,经验不限,本科
移动前端开发工程师,东华医为科技有限公司,郑州·金水·祭城路,7000-13000元,经验不限,本科
JAVA/JS/C/C++/Python/go/测试,外企德科数字技术有限公司,东莞·大朗镇,1.5-3万·14薪,经验不限,本科
JAVA/JS/C/C++/Python/go/测试,外企德科数字技术有限公司,东莞·大朗镇,1.5-3万·14薪,经验不限,本科
Java中高级后端开发（珠海农发行）,东华软件股份公司,珠海·香洲区·唐家湾镇,1.2-1.4万,5-10年,本科
Java中高级后端开发（珠海农发行）,东华软件股份公司,珠海·香洲区·唐家湾镇,1.2-1.4万,5-10年,本科
Java中高级后端开发（珠海农发行）,东华软件股份公司,珠海·香洲区·唐家湾镇,1.2-1.4万,5-10年,本科
Java中高级后端开发（珠海农发行）,东华软件股份公司,珠海·香洲区·唐家湾镇,1.2-1.4万,5-10年,本科
高级java工程师,韩焙机械科技(上海)有限公司,上海·嘉定·外冈,1.6-2万,5-10年,本科
高级java工程师,韩焙机械科技(上海)有限公司,上海·嘉定·外冈,1.6-2万,5-10年,本科
软件岗（Java/Python/C/C++/软测/嵌入式等）,外企德科数字技术有限公司,上海·浦东·金桥,1.4-2.8万·14薪,经验不限,本科
软件岗（Java/Python/C/C++/软测/嵌入式等）,外企德科数字技术有限公司,上海·浦东·金桥,1.4-2.8万·14薪,经验不限,本科
Java开发工程师,东华软件股份公司,成都·武侯·桂溪,面议,1-3年,本科
Java开发工程师,东华软件股份公司,成都·武侯·桂溪,面议,1-3年,本科
Java开发工程师,天津工程机械研究院有限公司,天津·北辰·小淀,7000-12000元·14薪,3-5年,本科
Java开发工程师,天津工程机械研究院有限公司,天津·北辰·小淀,7000-12000元·14薪,3-5年,本科
软件开发工程师（双休，六险一金）,外企德科数字技术有限公司,深圳·龙岗·坂田,1.1-1.7万,经验不限,本科
软件开发工程师（双休，六险一金）,外企德科数字技术有限公司,深圳·龙岗·坂田,1.1-1.7万,经验不限,本科
Java软件开发工程师,合肥常创信息科技有限公司,合肥·庐阳·双岗,8000-13000元·14薪,3-5年,本科
Java软件开发工程师,合肥常创信息科技有限公司,合肥·庐阳·双岗,8000-13000元·14薪,3-5年,本科
前端工程师,四川信业金键信息技术有限责任公司,成都·双流·华阳,7000-10000元,3-5年,大专
前端工程师,四川信业金键信息技术有限责任公司,成都·双流·华阳,7000-10000元,3-5年,大专
软件岗（Java/Python/C/C++/软测/嵌入式等）,外企德科数字技术有限公司,东莞·大朗镇,1.4-2.8万·14薪,经验不限,本科
软件岗（Java/Python/C/C++/软测/嵌入式等）,外企德科数字技术有限公司,东莞·大朗镇,1.4-2.8万·14薪,经验不限,本科
数字芯片设计工程师,北京芯动致远微电子技术有限公司,北京·海淀·花园路,2.5-5万,3-5年,硕士
数字芯片设计工程师,北京芯动致远微电子技术有限公司,北京·海淀·花园路,2.5-5万,3-5年,硕士
web前端开发工程师,爱谱华顿,合肥·包河·淝河,1-1.5万,1-3年,大专
web前端开发工程师,爱谱华顿,合肥·包河·淝河,1-1.5万,1-3年,大专
java软件开发工程师,外企德科数字技术有限公司,北京·海淀,1.3-2.4万,经验不限,本科
java软件开发工程师,外企德科数字技术有限公司,北京·海淀,1.3-2.4万,经验不限,本科
【项目外派】高级前端开发工程师,北京舜裔科技有限公司,北京·朝阳,1.1-1.3万,5-10年,本科
【项目外派】高级前端开发工程师,北京舜裔科技有限公司,北京·朝阳,1.1-1.3万,5-10年,本科
web前端开发工程师,青岛安永信息技术有限公司,青岛·城阳·上马,6000-12000元,经验不限,大专
web前端开发工程师,青岛安永信息技术有限公司,青岛·城阳·上马,6000-12000元,经验不限,大专
(双休+六险一金，14-16薪）Java/Python/C/C++/JS,外企德科数字技术有限公司,上海·青浦·金泽,1.8-3.5万·14薪,经验不限,本科
(双休+六险一金，14-16薪）Java/Python/C/C++/JS,外企德科数字技术有限公司,上海·青浦·金泽,1.8-3.5万·14薪,经验不限,本科
后端开发工程师（SysML建模语言方向）,金航数码科技有限责任公司,西安·雁塔·漳浒寨,1.5-2.5万,5-10年,本科
后端开发工程师（SysML建模语言方向）,金航数码科技有限责任公司,西安·雁塔·漳浒寨,1.5-2.5万,5-10年,本科
JAVA-大厂OD（双休餐补年终）,外企德科,杭州·滨江·长河,2-3万,3-5年,本科
JAVA-大厂OD（双休餐补年终）,外企德科,杭州·滨江·长河,2-3万,3-5年,本科
Java/Python/C/C++/Web/测试工程师,外企德科数字技术有限公司,苏州·工业园区,1.4-2.8万·16薪,经验不限,本科
Java/Python/C/C++/Web/测试工程师,外企德科数字技术有限公司,苏州·工业园区,1.4-2.8万·16薪,经验不限,本科
全栈开发工程师,东华医为科技有限公司,深圳·福田·沙头,7000-14000元·13薪,经验不限,本科
全栈开发工程师,东华医为科技有限公司,深圳·福田·沙头,7000-14000元·13薪,经验不限,本科
后端工程师（高薪 大厂）,南京广育鑫澄科技有限公司,深圳·龙岗·坂田,1.5-3万·14薪,3-5年,本科
后端工程师（高薪 大厂）,南京广育鑫澄科技有限公司,深圳·龙岗·坂田,1.5-3万·14薪,3-5年,本科
C/C++/Java/Python/JS软件开发/算法/数据,外企德科数字技术有限公司,东莞·大朗镇,1.7-3万·15薪,经验不限,本科
C/C++/Java/Python/JS软件开发/算法/数据,外企德科数字技术有限公司,东莞·大朗镇,1.7-3万·15薪,经验不限,本科
C/C++/Java/Python/JS软件开发/算法/数据,外企德科数字技术有限公司,东莞·大朗镇,1.7-3万·15薪,经验不限,本科
C/C++/Java/Python/JS软件开发/算法/数据,外企德科数字技术有限公司,东莞·大朗镇,1.7-3万·15薪,经验不限,本科
初级web前端开发工程师,湖南双菱电子科技有限公司,长沙·岳麓·麓谷,6000-8000元,1-3年,大专
初级web前端开发工程师,湖南双菱电子科技有限公司,长沙·岳麓·麓谷,6000-8000元,1-3年,大专
Java开发软件工程师（中级）,常州发创软件有限公司,常州·新北·三井,8000-12000元·13薪,1-3年,大专
Java开发软件工程师（中级）,常州发创软件有限公司,常州·新北·三井,8000-12000元·13薪,1-3年,大专
软件开发工程师（前后端测试均在招聘）,外企德科数字技术有限公司,成都·郫都·合作街道,1.8-3.5万,经验不限,本科
软件开发工程师（前后端测试均在招聘）,外企德科数字技术有限公司,成都·郫都·合作街道,1.8-3.5万,经验不限,本科
高级Java开发工程师,爱谱华顿,阜阳·颍州区·清河街道,7000-13000元,3-5年,大专
高级Java开发工程师,爱谱华顿,阜阳·颍州区·清河街道,7000-13000元,3-5年,大专
web前端工程师,武汉盛典网络科技有限公司,武汉·江岸,8000-11000元,3-5年,大专
web前端工程师,武汉盛典网络科技有限公司,武汉·江岸,8000-11000元,3-5年,大专
C/C++/Java/JS/Python软件开发（全国有岗 接受应届）,外企德科数字技术有限公司,福州·仓山·金山,1.5-3万·14薪,经验不限,本科
C/C++/Java/JS/Python软件开发（全国有岗 接受应届）,外企德科数字技术有限公司,福州·仓山·金山,1.5-3万·14薪,经验不限,本科
前端开发工程师,东华医为科技有限公司,泰安·岱岳区·北集坡街道,7000-12000元·13薪,1-3年,本科
前端开发工程师,东华医为科技有限公司,泰安·岱岳区·北集坡街道,7000-12000元·13薪,1-3年,本科
web前端开发工程师,北京国铁华晨通信科技有限公司,北京·丰台·看丹,1-2万,5-10年,硕士
web前端开发工程师,北京国铁华晨通信科技有限公司,北京·丰台·看丹,1-2万,5-10年,硕士
Java开发工程师,外企德科数字技术有限公司,北京·海淀,1.6-3万·14薪,经验不限,本科
Java开发工程师,外企德科数字技术有限公司,北京·海淀,1.6-3万·14薪,经验不限,本科
软件测试工程师（助教岗位）,成都市海德计算机职业技能培训学校,成都·锦江·锦官驿,6000-10000元,经验不限,本科
软件测试工程师（助教岗位）,成都市海德计算机职业技能培训学校,成都·锦江·锦官驿,6000-10000元,经验不限,本科
AI及数字化工程师,SGS,宁波·鄞州·梅墟,1-1.5万,1-3年,本科
AI及数字化工程师,SGS,宁波·鄞州·梅墟,1-1.5万,1-3年,本科
软件开发工程师（五险一金 周末双休）,外企德科数字技术有限公司,杭州·滨江·长河,1.3-2.6万·14薪,经验不限,本科
软件开发工程师（五险一金 周末双休）,外企德科数字技术有限公司,杭州·滨江·长河,1.3-2.6万·14薪,经验不限,本科
中高级android开发工程师,韩焙机械科技(上海)有限公司,上海·嘉定·外冈,1.4-1.8万,5-10年,本科
中高级android开发工程师,韩焙机械科技(上海)有限公司,上海·嘉定·外冈,1.4-1.8万,5-10年,本科
软件工程师,南通鹏瑞海工科技有限公司,上海·浦东·张江,8000-15000元·13薪,3-5年,本科
软件工程师,南通鹏瑞海工科技有限公司,上海·浦东·张江,8000-15000元·13薪,3-5年,本科
java开发（阿里系正编/统本）,外企德科数字技术有限公司,西安·雁塔·丈八沟,1.2-1.8万,3-5年,本科
java开发（阿里系正编/统本）,外企德科数字技术有限公司,西安·雁塔·丈八沟,1.2-1.8万,3-5年,本科
Java开发工程师（驻场银行）,东华软件股份公司,银川·兴庆区·月牙湖乡,面议,3-5年,本科
Java开发工程师（驻场银行）,东华软件股份公司,银川·兴庆区·月牙湖乡,面议,3-5年,本科
网站开发工程师,大连华兰控制仪表有限公司,大连·甘井子·红旗,8000-16000元·13薪,3-5年,本科
网站开发工程师,大连华兰控制仪表有限公司,大连·甘井子·红旗,8000-16000元·13薪,3-5年,本科
软件开发（双休、有导师带教、接受25届无经验）,外企德科数字技术有限公司,西安·雁塔·丈八沟,1.3-2.6万·15薪,经验不限,本科
软件开发（双休、有导师带教、接受25届无经验）,外企德科数字技术有限公司,西安·雁塔·丈八沟,1.3-2.6万·15薪,经验不限,本科
Java,瞬联软件科技(北京)有限公司,苏州·昆山·巴城,1.2-1.4万·13薪,3-5年,本科
Java,瞬联软件科技(北京)有限公司,苏州·昆山·巴城,1.2-1.4万·13薪,3-5年,本科
初级java开发工程师,重庆捷旭科技有限公司,重庆·渝北·天宫殿,7000-10000元,3-5年,本科
初级java开发工程师,重庆捷旭科技有限公司,重庆·渝北·天宫殿,7000-10000元,3-5年,本科
初级java开发工程师,重庆捷旭科技有限公司,重庆·渝北·天宫殿,7000-10000元,3-5年,本科
初级java开发工程师,重庆捷旭科技有限公司,重庆·渝北·天宫殿,7000-10000元,3-5年,本科
前端开发工程师,外企德科数字技术有限公司,深圳·龙岗·坂田,1.2-2.4万,经验不限,本科
前端开发工程师,外企德科数字技术有限公司,深圳·龙岗·坂田,1.2-2.4万,经验不限,本科
Java开发,外企德科,杭州·滨江·长河,2-3万,5-10年,本科
Java开发,外企德科,杭州·滨江·长河,2-3万,5-10年,本科
软件研发工程师,东华医为科技有限公司,重庆·九龙坡·渝州路,7000-13000元,经验不限,本科
软件研发工程师,东华医为科技有限公司,重庆·九龙坡·渝州路,7000-13000元,经验不限,本科
软件开发工程师（双休 导师带教 接受25届应届生）,外企德科数字技术有限公司,上海·浦东·金桥,1.3-2.6万·14薪,经验不限,本科
软件开发工程师（双休 导师带教 接受25届应届生）,外企德科数字技术有限公司,上海·浦东·金桥,1.3-2.6万·14薪,经验不限,本科
后端开发工程师,外企德科,上海·浦东·金桥,2-4万·14薪,3-5年,硕士
后端开发工程师,外企德科,上海·浦东·金桥,2-4万·14薪,3-5年,硕士
前端工程师,东华软件股份公司,泰安·岱岳区·北集坡街道,面议,1-3年,本科
前端工程师,东华软件股份公司,泰安·岱岳区·北集坡街道,面议,1-3年,本科
测试/前端/后端开发工程师Java/C/C++/JS/Python,外企德科数字技术有限公司,西安·雁塔·漳浒寨,1.4-2.8万·14薪,经验不限,本科
测试/前端/后端开发工程师Java/C/C++/JS/Python,外企德科数字技术有限公司,西安·雁塔·漳浒寨,1.4-2.8万·14薪,经验不限,本科
后端JAVA开发（企业直招/光储/新能源）,外企德科,上海·闵行·浦江,2.2-4万,3-5年,硕士
后端JAVA开发（企业直招/光储/新能源）,外企德科,上海·闵行·浦江,2.2-4万,3-5年,硕士
全栈软件工程师(偏前端),浪潮集团,中山·石岐街道,7000-12000元,3-5年,本科
全栈软件工程师(偏前端),浪潮集团,中山·石岐街道,7000-12000元,3-5年,本科
软件岗（Java/Python/C/C++/软测/嵌入式等）,外企德科数字技术有限公司,广州·白云·松洲,1.2-2.4万·14薪,经验不限,本科
软件岗（Java/Python/C/C++/软测/嵌入式等）,外企德科数字技术有限公司,广州·白云·松洲,1.2-2.4万·14薪,经验不限,本科
初级软件工程师,信华信(大连)软件服务股份有限公司,大连·甘井子·凌水,6000-10000元,1-3年,本科
初级软件工程师,信华信(大连)软件服务股份有限公司,大连·甘井子·凌水,6000-10000元,1-3年,本科
全栈工程师,天源迪科,深圳·福田·梅林,2-2.5万,5-10年,本科
全栈工程师,天源迪科,深圳·福田·梅林,2-2.5万,5-10年,本科
软件开发工程师（C/C++、 Java、Scala、Python、go，JS/前后端/测试等）,外企德科数字技术有限公司,西安·雁塔·漳浒寨,1.2-2万·14薪,经验不限,本科
软件开发工程师（C/C++、 Java、Scala、Python、go，JS/前后端/测试等）,外企德科数字技术有限公司,西安·雁塔·漳浒寨,1.2-2万·14薪,经验不限,本科
java开发工程师,青岛安永信息技术有限公司,青岛·城阳·上马,1.2-1.5万,3-5年,大专
java开发工程师,青岛安永信息技术有限公司,青岛·城阳·上马,1.2-1.5万,3-5年,大专
Java软件开发工程师,迪普科技,杭州·滨江·西兴,1.3-1.7万,1-3年,本科
Java软件开发工程师,迪普科技,杭州·滨江·西兴,1.3-1.7万,1-3年,本科
java开发软件工程师,外企德科数字技术有限公司,北京·海淀,1.5-3万·15薪,经验不限,本科
java开发软件工程师,外企德科数字技术有限公司,北京·海淀,1.5-3万·15薪,经验不限,本科
全栈开发工程师,东华医为科技有限公司,广州·白云·京溪,7000-14000元·13薪,经验不限,本科
全栈开发工程师,东华医为科技有限公司,广州·白云·京溪,7000-14000元·13薪,经验不限,本科
前端工程师,北京博克西岸科技发展有限公司,南京·浦口·泰山,1.5-2万,经验不限,本科
前端工程师,北京博克西岸科技发展有限公司,南京·浦口·泰山,1.5-2万,经验不限,本科
Java/python/C/C++/JS前后端软件开发工程师,外企德科数字技术有限公司,上海·青浦·金泽,1.3-2.6万·14薪,经验不限,本科
Java/python/C/C++/JS前后端软件开发工程师,外企德科数字技术有限公司,上海·青浦·金泽,1.3-2.6万·14薪,经验不限,本科
JAVA软件开发工程师,青岛盈智科技有限公司,青岛·崂山·中韩,7000-12000元,3-5年,本科
JAVA软件开发工程师,青岛盈智科技有限公司,青岛·崂山·中韩,7000-12000元,3-5年,本科
JAVA软件开发工程师,青岛盈智科技有限公司,青岛·崂山·中韩,7000-12000元,3-5年,本科
JAVA软件开发工程师,青岛盈智科技有限公司,青岛·崂山·中韩,7000-12000元,3-5年,本科
后端开发工程师,江苏享到教育科技有限公司,南京·浦口·顶山,7000-10000元,1-3年,本科
后端开发工程师,江苏享到教育科技有限公司,南京·浦口·顶山,7000-10000元,1-3年,本科
java/Python/C/C++/JS/AI算法/软件测试,外企德科数字技术有限公司,长沙·岳麓·麓谷,2-4万,经验不限,本科
java/Python/C/C++/JS/AI算法/软件测试,外企德科数字技术有限公司,长沙·岳麓·麓谷,2-4万,经验不限,本科
Java开发工程师,山东鸿业信息科技有限公司,济南·历下·智远,6000-9000元,3-5年,本科
Java开发工程师,山东鸿业信息科技有限公司,济南·历下·智远,6000-9000元,3-5年,本科
java开发工程师,东华医为科技有限公司,西安·高新区,7000-14000元,经验不限,本科
java开发工程师,东华医为科技有限公司,西安·高新区,7000-14000元,经验不限,本科
java软件开发工程师,外企德科数字技术有限公司,深圳·龙岗·坂田,2.2-4万,5-10年,本科
java软件开发工程师,外企德科数字技术有限公司,深圳·龙岗·坂田,2.2-4万,5-10年,本科
前端工程师-杭州,华美浩联,杭州·拱墅·祥符,1-1.2万,1-3年,本科
前端工程师-杭州,华美浩联,杭州·拱墅·祥符,1-1.2万,1-3年,本科
测试工程师,外企德科,杭州·余杭·五常,1.1-1.4万,3-5年,本科
测试工程师,外企德科,杭州·余杭·五常,1.1-1.4万,3-5年,本科
各软件岗位,外企德科数字技术有限公司,西安·雁塔·漳浒寨,2-3万·14薪,经验不限,本科
各软件岗位,外企德科数字技术有限公司,西安·雁塔·漳浒寨,2-3万·14薪,经验不限,本科
3DGIS三维地理信息高级开发工程师,东华软件股份公司,西安·新城·西一路,8000-16000元·13薪,3-5年,大专
3DGIS三维地理信息高级开发工程师,东华软件股份公司,西安·新城·西一路,8000-16000元·13薪,3-5年,大专
大模型数据后端开发工程师（Agent平台）,外企德科,北京·海淀·清河,1.5-2.3万,3-5年,本科
大模型数据后端开发工程师（Agent平台）,外企德科,北京·海淀·清河,1.5-2.3万,3-5年,本科
软件工程师,外企德科数字技术有限公司,北京·海淀,1.4-2.6万,1-3年,本科
软件工程师,外企德科数字技术有限公司,北京·海淀,1.4-2.6万,1-3年,本科
全栈开发工程师,东华医为科技有限公司,武汉·武昌,7000-14000元·13薪,经验不限,本科
全栈开发工程师,东华医为科技有限公司,武汉·武昌,7000-14000元·13薪,经验不限,本科
Java开发,外企德科,深圳·南山·粤海,2-3.5万·15薪,3-5年,本科
Java开发,外企德科,深圳·南山·粤海,2-3.5万·15薪,3-5年,本科
Java/Python/C/C++/测试/算法/前端岗,外企德科数字技术有限公司,杭州·滨江·长河,1.2-2.4万·14薪,经验不限,本科
Java/Python/C/C++/测试/算法/前端岗,外企德科数字技术有限公司,杭州·滨江·长河,1.2-2.4万·14薪,经验不限,本科
全栈开发工程师,东华医为科技有限公司,杭州·临平·乔司,7000-14000元·13薪,经验不限,本科
全栈开发工程师,东华医为科技有限公司,杭州·临平·乔司,7000-14000元·13薪,经验不限,本科
Java开发,上海才赋人力资源科技有限公司,上海·普陀·长风新村,1-1.6万·14薪,1-3年,本科
Java开发,上海才赋人力资源科技有限公司,上海·普陀·长风新村,1-1.6万·14薪,1-3年,本科
Java/C/C++/Python/前端/测试（接受应届）,外企德科数字技术有限公司,上海·浦东·金桥,1.6-2.4万·14薪,经验不限,本科
Java/C/C++/Python/前端/测试（接受应届）,外企德科数字技术有限公司,上海·浦东·金桥,1.6-2.4万·14薪,经验不限,本科
移动前端开发工程师,东华医为科技有限公司,泰安·岱岳区·北集坡街道,7000-13000元,经验不限,本科
移动前端开发工程师,东华医为科技有限公司,泰安·岱岳区·北集坡街道,7000-13000元,经验不限,本科
"Java 客户端（Swing, AWT, APP, UI, 客户端",瞬联软件科技(北京)有限公司,上海·徐汇·虹梅路,2.4-2.7万·13薪,5-10年,本科
"Java 客户端（Swing, AWT, APP, UI, 客户端",瞬联软件科技(北京)有限公司,上海·徐汇·虹梅路,2.4-2.7万·13薪,5-10年,本科
软件开发工程师（Java/C/C++/python),外企德科数字技术有限公司,北京·海淀·上地,1.5-3万·14薪,经验不限,本科
软件开发工程师（Java/C/C++/python),外企德科数字技术有限公司,北京·海淀·上地,1.5-3万·14薪,经验不限,本科
软件开发工程师（Java/C/C++/python),外企德科数字技术有限公司,北京·海淀·上地,1.5-3万·14薪,经验不限,本科
软件开发工程师（Java/C/C++/python),外企德科数字技术有限公司,北京·海淀·上地,1.5-3万·14薪,经验不限,本科
JAVA工程师,北京敬辉汽车租赁服务有限公司,北京·昌平·回龙观,1-2万,5-10年,本科
JAVA工程师,北京敬辉汽车租赁服务有限公司,北京·昌平·回龙观,1-2万,5-10年,本科
前端工程师,重庆满阳科技有限公司,重庆·渝北,4000-8000元,1-3年,本科
前端工程师,重庆满阳科技有限公司,重庆·渝北,4000-8000元,1-3年,本科
软件开发工程师(Java/C/C++/Python/Js),外企德科数字技术有限公司,东莞·大朗镇,1.5-3万,经验不限,本科
软件开发工程师(Java/C/C++/Python/Js),外企德科数字技术有限公司,东莞·大朗镇,1.5-3万,经验不限,本科
Java开发工程师,浪潮集团,青岛·市北·阜新路,1.2-1.6万,5-10年,大专
Java开发工程师,浪潮集团,青岛·市北·阜新路,1.2-1.6万,5-10年,大专
java后端工程师,外企德科,佛山·顺德·北滘,1.3-1.7万·13薪,5-10年,本科
java后端工程师,外企德科,佛山·顺德·北滘,1.3-1.7万·13薪,5-10年,本科
java/python/c/c++/算法/测试,外企德科数字技术有限公司,南京·雨花台·雨花,1.5-3万·14薪,经验不限,本科
java/python/c/c++/算法/测试,外企德科数字技术有限公司,南京·雨花台·雨花,1.5-3万·14薪,经验不限,本科
Java工程师（长春）,东华软件股份公司,长春·朝阳·永昌,面议,3-5年,本科
Java工程师（长春）,东华软件股份公司,长春·朝阳·永昌,面议,3-5年,本科
（直招）IT系统开发工程师,外企德科,上海·浦东·金桥,1.6-2.5万·15薪,1-3年,硕士
（直招）IT系统开发工程师,外企德科,上海·浦东·金桥,1.6-2.5万·15薪,1-3年,硕士
java/python/c/c++/算法/测试,外企德科数字技术有限公司,武汉·江夏·豹澥,1.5-3万·14薪,经验不限,本科
java/python/c/c++/算法/测试,外企德科数字技术有限公司,武汉·江夏·豹澥,1.5-3万·14薪,经验不限,本科
全栈工程师（J27389）,北京五八信息技术有限公司,上海·浦东·张江,3.5-6万·13薪,5-10年,本科
全栈工程师（J27389）,北京五八信息技术有限公司,上海·浦东·张江,3.5-6万·13薪,5-10年,本科
后端开发工程师,外企德科,上海·浦东·金桥,2-4万·14薪,3-5年,硕士
后端开发工程师,外企德科,上海·浦东·金桥,2-4万·14薪,3-5年,硕士
JAVA/JS/C/C++/Python/go/测试,外企德科数字技术有限公司,苏州·工业园区,1.5-3万·14薪,经验不限,本科
JAVA/JS/C/C++/Python/go/测试,外企德科数字技术有限公司,苏州·工业园区,1.5-3万·14薪,经验不限,本科
中级信贷Java开发工程师（银行核心业务）,东华软件股份公司,银川·贺兰县·习岗镇,8000-12000元,3-5年,本科
中级信贷Java开发工程师（银行核心业务）,东华软件股份公司,银川·贺兰县·习岗镇,8000-12000元,3-5年,本科
java工程师（办公地点：贵阳）,中航工程集成设备有限公司,贵阳·花溪·麦坪,1-2万·13薪,5-10年,本科
java工程师（办公地点：贵阳）,中航工程集成设备有限公司,贵阳·花溪·麦坪,1-2万·13薪,5-10年,本科
Java/Python/C/C++/测试/算法/前端岗,外企德科数字技术有限公司,南京·雨花台·雨花,1.2-2.4万·14薪,经验不限,本科
Java/Python/C/C++/测试/算法/前端岗,外企德科数字技术有限公司,南京·雨花台·雨花,1.2-2.4万·14薪,经验不限,本科
中高级Java开发(农发行驻场),东华软件股份公司,珠海·香洲区·唐家湾镇,1.4-1.5万,5-10年,本科
中高级Java开发(农发行驻场),东华软件股份公司,珠海·香洲区·唐家湾镇,1.4-1.5万,5-10年,本科
软件开发工程师,上海百姓软件有限公司,上海·浦东·张江,9000-18000元·13薪,经验不限,本科
软件开发工程师,上海百姓软件有限公司,上海·浦东·张江,9000-18000元·13薪,经验不限,本科
java软件开发工程师,外企德科数字技术有限公司,上海·青浦·金泽,1.6-2.7万·14薪,1-3年,本科
java软件开发工程师,外企德科数字技术有限公司,上海·青浦·金泽,1.6-2.7万·14薪,1-3年,本科
3DGIS三维地理信息高级开发工程师,东华软件股份公司,太原·迎泽·桥东,8000-16000元·13薪,3-5年,本科
3DGIS三维地理信息高级开发工程师,东华软件股份公司,太原·迎泽·桥东,8000-16000元·13薪,3-5年,本科
Java开发软件工程师（高级）,常州发创软件有限公司,常州·新北·三井,1.2-1.6万·13薪,5-10年,大专
Java开发软件工程师（高级）,常州发创软件有限公司,常州·新北·三井,1.2-1.6万·13薪,5-10年,大专
Java开发软件工程师（高级）,常州发创软件有限公司,常州·新北·三井,1.2-1.6万·13薪,5-10年,大专
Java开发软件工程师（高级）,常州发创软件有限公司,常州·新北·三井,1.2-1.6万·13薪,5-10年,大专
后/前端开发、测试【24/25/无经验也可投】接受java、c＋＋、js不限语言,外企德科数字技术有限公司,苏州·工业园区,1.5-3万·14薪,经验不限,本科
后/前端开发、测试【24/25/无经验也可投】接受java、c＋＋、js不限语言,外企德科数字技术有限公司,苏州·工业园区,1.5-3万·14薪,经验不限,本科
java全栈工程师,北京智信科创技术有限公司内蒙古分公司,北京·顺义,2-2.5万,10年以上,本科
java全栈工程师,北京智信科创技术有限公司内蒙古分公司,北京·顺义,2-2.5万,10年以上,本科
Java高级开发工程师,北京双泽维度信息技术有限公司,济南·历下·舜华路,1-1.5万,5-10年,本科
Java高级开发工程师,北京双泽维度信息技术有限公司,济南·历下·舜华路,1-1.5万,5-10年,本科
后/前端开发、测试【24/25/无经验也可投】接受java、c＋＋、js不限语言,外企德科数字技术有限公司,南京·雨花台·雨花,1.5-3万·14薪,经验不限,本科
后/前端开发、测试【24/25/无经验也可投】接受java、c＋＋、js不限语言,外企德科数字技术有限公司,南京·雨花台·雨花,1.5-3万·14薪,经验不限,本科
Android安卓开发工程师,南京越昇网络科技有限公司,南京·鼓楼·小市,1.2-1.8万,3-5年,本科
Android安卓开发工程师,南京越昇网络科技有限公司,南京·鼓楼·小市,1.2-1.8万,3-5年,本科
Java开发（驻场）,东华软件股份公司,长春·南关·净月,6000-10000元,1-3年,本科
Java开发（驻场）,东华软件股份公司,长春·南关·净月,6000-10000元,1-3年,本科
软件开发工程师,外企德科数字技术有限公司,西安·雁塔·漳浒寨,1.5-3万,经验不限,本科
软件开发工程师,外企德科数字技术有限公司,西安·雁塔·漳浒寨,1.5-3万,经验不限,本科
Java开发工程师(J10070),合肥欣奕华智能机器股份有限公司,合肥·瑶海·三十头,1.2-1.7万,5-10年,本科
Java开发工程师(J10070),合肥欣奕华智能机器股份有限公司,合肥·瑶海·三十头,1.2-1.7万,5-10年,本科
Java开发工程师（线上面试、会前端开发）,南京博锐星润软件科技有限公司,南京·江宁·秣陵,1-1.2万,3-5年,本科
Java开发工程师（线上面试、会前端开发）,南京博锐星润软件科技有限公司,南京·江宁·秣陵,1-1.2万,3-5年,本科
软件工程师（Java/python/JS/C++）,外企德科数字技术有限公司,上海·青浦·金泽,1.5-3万·14薪,经验不限,本科
软件工程师（Java/python/JS/C++）,外企德科数字技术有限公司,上海·青浦·金泽,1.5-3万·14薪,经验不限,本科
Java开发实习生（助教岗位）,成都市海德计算机职业技能培训学校,成都·锦江·锦官驿,150-200元/天,无经验,本科
Java开发实习生（助教岗位）,成都市海德计算机职业技能培训学校,成都·锦江·锦官驿,150-200元/天,无经验,本科
Java软件开发工程师,东华软件股份公司,北京·通州·北苑,面议,3-5年,本科
Java软件开发工程师,东华软件股份公司,北京·通州·北苑,面议,3-5年,本科
软件开发（可接受25届+无经验同学）周末双休,外企德科数字技术有限公司,西安·雁塔·丈八沟,2-4万·14薪,经验不限,本科
软件开发（可接受25届+无经验同学）周末双休,外企德科数字技术有限公司,西安·雁塔·丈八沟,2-4万·14薪,经验不限,本科
需求分析师,东华医为科技有限公司,贵阳·观山湖,6000-10000元,1-3年,本科
需求分析师,东华医为科技有限公司,贵阳·观山湖,6000-10000元,1-3年,本科
中级开发工程师（驻场）,东华软件股份公司,广州·白云·人和,面议,3-5年,本科
中级开发工程师（驻场）,东华软件股份公司,广州·白云·人和,面议,3-5年,本科
C/C++、Java、Scala、Python、go，JS/前端/测试等,外企德科数字技术有限公司,西安·雁塔·漳浒寨,1.2-2万·14薪,经验不限,本科
C/C++、Java、Scala、Python、go，JS/前端/测试等,外企德科数字技术有限公司,西安·雁塔·漳浒寨,1.2-2万·14薪,经验不限,本科
客户端研发工程师(上Android/iOS),外企德科,北京·海淀·清河,1.4-1.8万,1-3年,本科
客户端研发工程师(上Android/iOS),外企德科,北京·海淀·清河,1.4-1.8万,1-3年,本科
3DGIS地理信息高级开发工程师,东华软件股份公司,天津·河西·友谊路,8000-16000元·13薪,3-5年,大专
3DGIS地理信息高级开发工程师,东华软件股份公司,天津·河西·友谊路,8000-16000元·13薪,3-5年,大专
后/前端开发、测试【24/25/无经验也可投】接受java、c＋＋、js不限语言,外企德科数字技术有限公司,杭州·滨江·长河,1.5-3万·14薪,经验不限,本科
后/前端开发、测试【24/25/无经验也可投】接受java、c＋＋、js不限语言,外企德科数字技术有限公司,杭州·滨江·长河,1.5-3万·14薪,经验不限,本科
java,外企德科,杭州·滨江·长河,2-3万·15薪,3-5年,本科
java,外企德科,杭州·滨江·长河,2-3万·15薪,3-5年,本科
java,外企德科,杭州·滨江·长河,2-3万·15薪,3-5年,本科
java,外企德科,杭州·滨江·长河,2-3万·15薪,3-5年,本科
全栈工程师,深圳新思,深圳·宝安·新安,1.1-1.8万,5-10年,大专
全栈工程师,深圳新思,深圳·宝安·新安,1.1-1.8万,5-10年,大专
软件岗（Java/Python/C/C++/软测/嵌入式等）,外企德科数字技术有限公司,杭州·滨江·长河,1.3-2.6万·14薪,经验不限,本科
软件岗（Java/Python/C/C++/软测/嵌入式等）,外企德科数字技术有限公司,杭州·滨江·长河,1.3-2.6万·14薪,经验不限,本科
客户端研发工程师-Android/iOS,外企德科,北京·海淀·清河,1.6-1.8万,3-5年,本科
客户端研发工程师-Android/iOS,外企德科,北京·海淀·清河,1.6-1.8万,3-5年,本科
web前端开发工程师,成都友仲诚人力资源有限公司,杭州·西湖·蒋村,1.2-1.3万,经验不限,学历不限
web前端开发工程师,成都友仲诚人力资源有限公司,杭州·西湖·蒋村,1.2-1.3万,经验不限,学历不限
软件岗（Java/Python/C/C++/软测/嵌入式等）,外企德科数字技术有限公司,武汉·江夏·豹澥,1.4-2.8万·14薪,经验不限,本科
软件岗（Java/Python/C/C++/软测/嵌入式等）,外企德科数字技术有限公司,武汉·江夏·豹澥,1.4-2.8万·14薪,经验不限,本科
高级java工程师,外企德科,深圳·南山·粤海,3-3.5万·15薪,5-10年,本科
高级java工程师,外企德科,深圳·南山·粤海,3-3.5万·15薪,5-10年,本科
it技术经理,合肥三高信息科技有限公司,合肥·蜀山·南岗,1.5-3万,3-5年,本科
it技术经理,合肥三高信息科技有限公司,合肥·蜀山·南岗,1.5-3万,3-5年,本科
软件研发工程师（有Java、C、C++、Python、go、JS等）,外企德科数字技术有限公司,东莞·大朗镇,1.2-2.4万·14薪,经验不限,本科
软件研发工程师（有Java、C、C++、Python、go、JS等）,外企德科数字技术有限公司,东莞·大朗镇,1.2-2.4万·14薪,经验不限,本科
前端工程师,外企德科,北京·海淀·清河,1.4-1.7万,3-5年,本科
前端工程师,外企德科,北京·海淀·清河,1.4-1.7万,3-5年,本科
web前端开发工程师,成都友仲诚人力资源有限公司,成都·金牛·营门口,1.1-1.3万,经验不限,学历不限
web前端开发工程师,成都友仲诚人力资源有限公司,成都·金牛·营门口,1.1-1.3万,经验不限,学历不限
java软件开发工程师,外企德科数字技术有限公司,西安·雁塔·漳浒寨,1.2-2.4万·14薪,经验不限,本科
java软件开发工程师,外企德科数字技术有限公司,西安·雁塔·漳浒寨,1.2-2.4万·14薪,经验不限,本科
web前端开发工程师,成都友仲诚人力资源有限公司,成都·武侯·望江路,1.1-1.3万,经验不限,学历不限
web前端开发工程师,成都友仲诚人力资源有限公司,成都·武侯·望江路,1.1-1.3万,经验不限,学历不限
软件研发工程师（有Java、C、C++、Python、go、JS等）,外企德科数字技术有限公司,南京·雨花台·雨花,1.2-2.4万·14薪,经验不限,本科
软件研发工程师（有Java、C、C++、Python、go、JS等）,外企德科数字技术有限公司,南京·雨花台·雨花,1.2-2.4万·14薪,经验不限,本科
web前端开发工程师,成都友仲诚人力资源有限公司,成都·锦江·春熙路,1.1-1.3万,经验不限,学历不限
web前端开发工程师,成都友仲诚人力资源有限公司,成都·锦江·春熙路,1.1-1.3万,经验不限,学历不限
Java/JS/Python/算法/C/C++工程师,外企德科数字技术有限公司,东莞·大朗镇,1.2-2.4万·14薪,经验不限,本科
Java/JS/Python/算法/C/C++工程师,外企德科数字技术有限公司,东莞·大朗镇,1.2-2.4万·14薪,经验不限,本科
web前端开发工程师,成都友仲诚人力资源有限公司,成都·青羊,1.1-1.3万,经验不限,学历不限
web前端开发工程师,成都友仲诚人力资源有限公司,成都·青羊,1.1-1.3万,经验不限,学历不限
软件研发工程师（有Java、C、C++、Python、go、JS等）,外企德科数字技术有限公司,武汉·江夏·豹澥,1.2-2.4万·14薪,经验不限,本科
软件研发工程师（有Java、C、C++、Python、go、JS等）,外企德科数字技术有限公司,武汉·江夏·豹澥,1.2-2.4万·14薪,经验不限,本科
web前端开发工程师,成都友仲诚人力资源有限公司,杭州·余杭·仓前,1.2-1.3万,经验不限,学历不限
web前端开发工程师,成都友仲诚人力资源有限公司,杭州·余杭·仓前,1.2-1.3万,经验不限,学历不限
Java/C/C++/Python/JS 软件开发（多部门推荐）,外企德科数字技术有限公司,武汉·江夏·豹澥,1.5-3万·14薪,经验不限,本科
Java/C/C++/Python/JS 软件开发（多部门推荐）,外企德科数字技术有限公司,武汉·江夏·豹澥,1.5-3万·14薪,经验不限,本科
web前端开发工程师,成都友仲诚人力资源有限公司,杭州·拱墅·半山,1.2-1.3万,经验不限,学历不限
web前端开发工程师,成都友仲诚人力资源有限公司,杭州·拱墅·半山,1.2-1.3万,经验不限,学历不限
web前端开发工程师,成都友仲诚人力资源有限公司,杭州·拱墅·半山,1.2-1.3万,经验不限,学历不限
web前端开发工程师,成都友仲诚人力资源有限公司,杭州·拱墅·半山,1.2-1.3万,经验不限,学历不限
软件开发工程师(Java/C/C++/Python/Js),外企德科数字技术有限公司,深圳·龙岗·坂田,1.5-3万,经验不限,本科
软件开发工程师(Java/C/C++/Python/Js),外企德科数字技术有限公司,深圳·龙岗·坂田,1.5-3万,经验不限,本科
web前端开发工程师,成都友仲诚人力资源有限公司,杭州·萧山·北干,1.2-1.3万,经验不限,学历不限
web前端开发工程师,成都友仲诚人力资源有限公司,杭州·萧山·北干,1.2-1.3万,经验不限,学历不限
软件开发（语言全部涵盖 流程快 岗位多）,外企德科数字技术有限公司,西安·雁塔·漳浒寨,1.5-2.8万·14薪,经验不限,本科
软件开发（语言全部涵盖 流程快 岗位多）,外企德科数字技术有限公司,西安·雁塔·漳浒寨,1.5-2.8万·14薪,经验不限,本科
后/前端开发、测试【24/25/无经验也可投】接受java、c＋＋、js不限语言,外企德科数字技术有限公司,武汉·江夏·豹澥,1.5-3万·14薪,经验不限,本科
后/前端开发、测试【24/25/无经验也可投】接受java、c＋＋、js不限语言,外企德科数字技术有限公司,武汉·江夏·豹澥,1.5-3万·14薪,经验不限,本科
急招各种开发类语言（全额五险一金+16薪）,外企德科数字技术有限公司,杭州·滨江·长河,1.5-3万·14薪,经验不限,本科
急招各种开发类语言（全额五险一金+16薪）,外企德科数字技术有限公司,杭州·滨江·长河,1.5-3万·14薪,经验不限,本科
Java/ Web/ C开发/ 测试/算法/数据开发,外企德科数字技术有限公司,杭州·滨江·长河,1.6-3万·16薪,经验不限,本科
Java/ Web/ C开发/ 测试/算法/数据开发,外企德科数字技术有限公司,杭州·滨江·长河,1.6-3万·16薪,经验不限,本科
java/Python/C/C++/JS/AI算法/软件测试,外企德科数字技术有限公司,济南·历下·龙洞,2-4万·14薪,经验不限,本科
java/Python/C/C++/JS/AI算法/软件测试,外企德科数字技术有限公司,济南·历下·龙洞,2-4万·14薪,经验不限,本科
研发工程师,外企德科数字技术有限公司,西安·雁塔·漳浒寨,1.5-3万·14薪,经验不限,本科
研发工程师,外企德科数字技术有限公司,西安·雁塔·漳浒寨,1.5-3万·14薪,经验不限,本科
JAVA/ Python/C/C++/GO/数据开发,外企德科数字技术有限公司,南京·雨花台·雨花,1.7-3万,经验不限,本科
JAVA/ Python/C/C++/GO/数据开发,外企德科数字技术有限公司,南京·雨花台·雨花,1.7-3万,经验不限,本科
软件工程师（底软/后端/嵌入式开发为主，前端开发/算法/测试少量）,外企德科数字技术有限公司,南京·雨花台·雨花,1.2-2.4万·14薪,1-3年,本科
软件工程师（底软/后端/嵌入式开发为主，前端开发/算法/测试少量）,外企德科数字技术有限公司,南京·雨花台·雨花,1.2-2.4万·14薪,1-3年,本科
JAVA/C/C++/Python/go/web开发工程师 全国岗14薪，全额社保公积金 应届生/考研/考公失败可投,外企德科数字技术有限公司,深圳·龙岗·坂田,1.5-3万·14薪,经验不限,本科
JAVA/C/C++/Python/go/web开发工程师 全国岗14薪，全额社保公积金 应届生/考研/考公失败可投,外企德科数字技术有限公司,深圳·龙岗·坂田,1.5-3万·14薪,经验不限,本科
软件通用岗位/接受应届考研考公失败 java/python/C++/测试/C/GO/大数据开发,外企德科数字技术有限公司,上海·浦东·金桥,1.5-3万·14薪,经验不限,本科
软件通用岗位/接受应届考研考公失败 java/python/C++/测试/C/GO/大数据开发,外企德科数字技术有限公司,上海·浦东·金桥,1.5-3万·14薪,经验不限,本科
研发工程师,外企德科数字技术有限公司,济南·历下·龙洞,1.3-2.6万·14薪,经验不限,本科
研发工程师,外企德科数字技术有限公司,济南·历下·龙洞,1.3-2.6万·14薪,经验不限,本科
软件开发工程师（前后端，测试均在招聘）,外企德科数字技术有限公司,深圳·龙岗·坂田,1.8-3.5万,经验不限,本科
软件开发工程师（前后端，测试均在招聘）,外企德科数字技术有限公司,深圳·龙岗·坂田,1.8-3.5万,经验不限,本科
JAVA/C/C++/Python/go/web开发工程师 全国岗14薪，全额社保公积金 应届生/考研/考公失败可投,外企德科数字技术有限公司,苏州·虎丘,1.5-3万·14薪,经验不限,本科
JAVA/C/C++/Python/go/web开发工程师 全国岗14薪，全额社保公积金 应届生/考研/考公失败可投,外企德科数字技术有限公司,苏州·虎丘,1.5-3万·14薪,经验不限,本科
java/go后端开发工程师-北京-互联网大厂OD,外企德科数字技术有限公司,北京·海淀·学院路,2-3万,3-5年,本科
java/go后端开发工程师-北京-互联网大厂OD,外企德科数字技术有限公司,北京·海淀·学院路,2-3万,3-5年,本科
Java/C/C++/Python/JS 软件开发（多部门推荐）,外企德科数字技术有限公司,苏州·虎丘,1.6-3万·14薪,经验不限,本科
Java/C/C++/Python/JS 软件开发（多部门推荐）,外企德科数字技术有限公司,苏州·虎丘,1.6-3万·14薪,经验不限,本科
JAVA/ Python/C/C++/GO/数据开发/测试,外企德科数字技术有限公司,成都·郫都·合作街道,1.5-3万·14薪,无经验,本科
JAVA/ Python/C/C++/GO/数据开发/测试,外企德科数字技术有限公司,成都·郫都·合作街道,1.5-3万·14薪,无经验,本科
软件开发/软件测试,外企德科数字技术有限公司,深圳·龙岗·坂田,1-1.5万·14薪,经验不限,本科
软件开发/软件测试,外企德科数字技术有限公司,深圳·龙岗·坂田,1-1.5万·14薪,经验不限,本科
前端开发工程师（北京）,外企德科数字技术有限公司,北京·朝阳·东湖,1.7-1.8万,3-5年,本科
前端开发工程师（北京）,外企德科数字技术有限公司,北京·朝阳·东湖,1.7-1.8万,3-5年,本科
前端开发工程师（北京）,外企德科数字技术有限公司,北京·朝阳·东湖,1.7-1.8万,3-5年,本科
前端开发工程师（北京）,外企德科数字技术有限公司,北京·朝阳·东湖,1.7-1.8万,3-5年,本科
Java/C/C++/python/测试工程师，岗位多,外企德科数字技术有限公司,上海·青浦·金泽,1.3-2.6万·14薪,无经验,本科
Java/C/C++/python/测试工程师，岗位多,外企德科数字技术有限公司,上海·青浦·金泽,1.3-2.6万·14薪,无经验,本科
软件开发工程师,外企德科数字技术有限公司,成都·郫都·合作街道,1.5-3万·14薪,经验不限,本科
软件开发工程师,外企德科数字技术有限公司,成都·郫都·合作街道,1.5-3万·14薪,经验不限,本科
Java开发工程师,外企德科数字技术有限公司,深圳·龙岗·坂田,1.2-2.4万·14薪,经验不限,本科
Java开发工程师,外企德科数字技术有限公司,深圳·龙岗·坂田,1.2-2.4万·14薪,经验不限,本科
软件测试工程师,外企德科数字技术有限公司,北京·朝阳·东湖,1.3-1.4万,经验不限,本科
软件测试工程师,外企德科数字技术有限公司,北京·朝阳·东湖,1.3-1.4万,经验不限,本科
前端开发工程师react-北京,外企德科数字技术有限公司,北京·朝阳,1.5-1.8万,3-5年,本科
前端开发工程师react-北京,外企德科数字技术有限公司,北京·朝阳,1.5-1.8万,3-5年,本科
软件工程师（底软/后端/嵌入式开发为主，前端开发/算法/测试少量）,外企德科数字技术有限公司,武汉·江夏·豹澥,1.2-2.4万·14薪,1-3年,本科
软件工程师（底软/后端/嵌入式开发为主，前端开发/算法/测试少量）,外企德科数字技术有限公司,武汉·江夏·豹澥,1.2-2.4万·14薪,1-3年,本科
JAVA/C/C++/Python/go/web开发工程师 全国岗14薪，全额社保公积金 应届生/考研/考公失败可投,外企德科数字技术有限公司,武汉·江夏·豹澥,1.5-3万·14薪,经验不限,本科
JAVA/C/C++/Python/go/web开发工程师 全国岗14薪，全额社保公积金 应届生/考研/考公失败可投,外企德科数字技术有限公司,武汉·江夏·豹澥,1.5-3万·14薪,经验不限,本科
java软件开发工程师,外企德科数字技术有限公司,西安·雁塔·丈八沟,1.3-2.6万·14薪,经验不限,本科
java软件开发工程师,外企德科数字技术有限公司,西安·雁塔·丈八沟,1.3-2.6万·14薪,经验不限,本科
JAVA开发工程师,外企德科数字技术有限公司,南京·雨花台·雨花,1.5-3万·14薪,经验不限,本科
JAVA开发工程师,外企德科数字技术有限公司,南京·雨花台·雨花,1.5-3万·14薪,经验不限,本科
C/C++/Java/JS/Python软件开发【全国有岗】,外企德科数字技术有限公司,南昌·红谷滩·沙井,1.5-3万·14薪,经验不限,本科
C/C++/Java/JS/Python软件开发【全国有岗】,外企德科数字技术有限公司,南昌·红谷滩·沙井,1.5-3万·14薪,经验不限,本科
软件开发工程师,外企德科数字技术有限公司,北京·海淀,1.7-3万,1-3年,本科
软件开发工程师,外企德科数字技术有限公司,北京·海淀,1.7-3万,1-3年,本科
JAVA/C/C++/Python/go/web开发工程师 全国岗14薪，全额社保公积金 应届生/考研/考公失败可投,外企德科数字技术有限公司,西安·雁塔·漳浒寨,1.5-3万·14薪,经验不限,本科
JAVA/C/C++/Python/go/web开发工程师 全国岗14薪，全额社保公积金 应届生/考研/考公失败可投,外企德科数字技术有限公司,西安·雁塔·漳浒寨,1.5-3万·14薪,经验不限,本科
Java/C/C++/python/JS/软件测试/大数据开发,外企德科数字技术有限公司,南京·雨花台·雨花,1.2-2.4万,经验不限,本科
Java/C/C++/python/JS/软件测试/大数据开发,外企德科数字技术有限公司,南京·雨花台·雨花,1.2-2.4万,经验不限,本科
Java/ Web/ C开发/ 测试/算法/数据开发,外企德科数字技术有限公司,深圳·龙岗·坂田,1.3-2.6万·16薪,经验不限,本科
Java/ Web/ C开发/ 测试/算法/数据开发,外企德科数字技术有限公司,深圳·龙岗·坂田,1.3-2.6万·16薪,经验不限,本科
java软件开发工程师,外企德科数字技术有限公司,南京·雨花台·雨花,1.4-2.8万,经验不限,本科
java软件开发工程师,外企德科数字技术有限公司,南京·雨花台·雨花,1.4-2.8万,经验不限,本科
java软件开发工程师,外企德科数字技术有限公司,上海·青浦·金泽,1.5-3万,1-3年,本科
java软件开发工程师,外企德科数字技术有限公司,上海·青浦·金泽,1.5-3万,1-3年,本科
后端Java开发（急招！流程快）,外企德科数字技术有限公司,深圳·龙岗·坂田,1.8-2.4万,5-10年,本科
后端Java开发（急招！流程快）,外企德科数字技术有限公司,深圳·龙岗·坂田,1.8-2.4万,5-10年,本科
JAVA/C++/C/Python 14薪双休 应届生可投,外企德科数字技术有限公司,深圳·福田·福田街道,1.5-3万,经验不限,本科
JAVA/C++/C/Python 14薪双休 应届生可投,外企德科数字技术有限公司,深圳·福田·福田街道,1.5-3万,经验不限,本科
java高级工程师,外企德科数字技术有限公司,上海·浦东·金桥,1.7-3万·14薪,经验不限,本科
java高级工程师,外企德科数字技术有限公司,上海·浦东·金桥,1.7-3万·14薪,经验不限,本科
后端研发工程师,外企德科数字技术有限公司,北京·朝阳·东湖,1.7-1.8万,3-5年,本科
后端研发工程师,外企德科数字技术有限公司,北京·朝阳·东湖,1.7-1.8万,3-5年,本科
后端研发工程师,外企德科数字技术有限公司,北京·朝阳·东湖,1.7-1.8万,3-5年,本科
后端研发工程师,外企德科数字技术有限公司,北京·朝阳·东湖,1.7-1.8万,3-5年,本科
Java/Python/C/C++/测试/算法/前端岗,外企德科数字技术有限公司,武汉·江夏·豹澥,1.2-2.4万·14薪,经验不限,本科
Java/Python/C/C++/测试/算法/前端岗,外企德科数字技术有限公司,武汉·江夏·豹澥,1.2-2.4万·14薪,经验不限,本科
java软件开发工程师,外企德科数字技术有限公司,武汉·江夏·豹澥,1.2-2.4万,1-3年,本科
java软件开发工程师,外企德科数字技术有限公司,武汉·江夏·豹澥,1.2-2.4万,1-3年,本科
Java/C/C++/Python/前端/测试（接受应届）,外企德科数字技术有限公司,西安·雁塔·漳浒寨,1.6-2.6万·14薪,经验不限,本科
Java/C/C++/Python/前端/测试（接受应届）,外企德科数字技术有限公司,西安·雁塔·漳浒寨,1.6-2.6万·14薪,经验不限,本科
急招急招！今天面试明天上岗！Java/Python/C/c#/C++/JS,外企德科数字技术有限公司,中山·石岐街道,1.5-3万·14薪,经验不限,本科
急招急招！今天面试明天上岗！Java/Python/C/c#/C++/JS,外企德科数字技术有限公司,中山·石岐街道,1.5-3万·14薪,经验不限,本科
JAVA/JS/C/C++/Python/go/测试,外企德科数字技术有限公司,成都·郫都·合作街道,1.5-3万·14薪,经验不限,本科
JAVA/JS/C/C++/Python/go/测试,外企德科数字技术有限公司,成都·郫都·合作街道,1.5-3万·14薪,经验不限,本科
软件开发工程师(Java/C/C++/Python/Js),外企德科数字技术有限公司,南京·雨花台·雨花,1.5-3万,经验不限,本科
软件开发工程师(Java/C/C++/Python/Js),外企德科数字技术有限公司,南京·雨花台·雨花,1.5-3万,经验不限,本科
前端后端开发测试招聘（java/C/js/python）,外企德科数字技术有限公司,广州·白云·松洲,1.6-3万·14薪,经验不限,本科
前端后端开发测试招聘（java/C/js/python）,外企德科数字技术有限公司,广州·白云·松洲,1.6-3万·14薪,经验不限,本科
软件开发工程师(Java/C/C++/Python/Js),外企德科数字技术有限公司,杭州·滨江·长河,1.5-3万,经验不限,本科
软件开发工程师(Java/C/C++/Python/Js),外企德科数字技术有限公司,杭州·滨江·长河,1.5-3万,经验不限,本科
应届生、考研、跨专业可投 软件开发岗-全国,外企德科数字技术有限公司,深圳·龙岗·坂田,1.2-2.4万,经验不限,本科
应届生、考研、跨专业可投 软件开发岗-全国,外企德科数字技术有限公司,深圳·龙岗·坂田,1.2-2.4万,经验不限,本科
后/前端开发、测试【24/25/无经验也可投】接受java、c＋＋、js不限语言,外企德科数字技术有限公司,上海·浦东·金桥,1.5-3万·14薪,经验不限,本科
后/前端开发、测试【24/25/无经验也可投】接受java、c＋＋、js不限语言,外企德科数字技术有限公司,上海·浦东·金桥,1.5-3万·14薪,经验不限,本科
软件开发（语言全部涵盖 流程快 岗位多）,外企德科数字技术有限公司,苏州·虎丘,1.5-2.8万·14薪,经验不限,本科
软件开发（语言全部涵盖 流程快 岗位多）,外企德科数字技术有限公司,苏州·虎丘,1.5-2.8万·14薪,经验不限,本科
java开发（阿里系正编/统本）,外企德科数字技术有限公司,长沙·岳麓·洋湖,1.2-1.8万,3-5年,本科
java开发（阿里系正编/统本）,外企德科数字技术有限公司,长沙·岳麓·洋湖,1.2-1.8万,3-5年,本科
java技术支持工程师,外企德科数字技术有限公司,南京·建邺·沙洲,1.1-1.3万,3-5年,本科
java技术支持工程师,外企德科数字技术有限公司,南京·建邺·沙洲,1.1-1.3万,3-5年,本科
测试/前端/后端开发工程师Java/C/C++/Python,外企德科数字技术有限公司,苏州·工业园区,1.5-2.8万·14薪,经验不限,本科
测试/前端/后端开发工程师Java/C/C++/Python,外企德科数字技术有限公司,苏州·工业园区,1.5-2.8万·14薪,经验不限,本科
Java开发工程师/大厂自研核心自研项目,外企德科数字技术有限公司,武汉·江夏·豹澥,1.5-2.5万·14薪,1-3年,本科
Java开发工程师/大厂自研核心自研项目,外企德科数字技术有限公司,武汉·江夏·豹澥,1.5-2.5万·14薪,1-3年,本科
软件开发工程师,外企德科数字技术有限公司,南京·雨花台·雨花,1.5-3万,经验不限,本科
软件开发工程师,外企德科数字技术有限公司,南京·雨花台·雨花,1.5-3万,经验不限,本科
软件岗（Java/Python/C/C++/软测/嵌入式等）,外企德科数字技术有限公司,深圳·龙岗·坂田,1.4-2.8万·14薪,经验不限,本科
软件岗（Java/Python/C/C++/软测/嵌入式等）,外企德科数字技术有限公司,深圳·龙岗·坂田,1.4-2.8万·14薪,经验不限,本科
python后端开发工程师,外企德科数字技术有限公司,武汉·江夏·豹澥,1.2-2.3万,经验不限,本科
python后端开发工程师,外企德科数字技术有限公司,武汉·江夏·豹澥,1.2-2.3万,经验不限,本科
Java/C/C++/JS/python/测试/运维开发/数据（接受24届无经验、考研断档等）,外企德科数字技术有限公司,深圳·龙岗·坂田,1.7-3万·14薪,经验不限,本科
Java/C/C++/JS/python/测试/运维开发/数据（接受24届无经验、考研断档等）,外企德科数字技术有限公司,深圳·龙岗·坂田,1.7-3万·14薪,经验不限,本科
研发工程师,外企德科数字技术有限公司,南京·雨花台·雨花,1.7-3万·14薪,经验不限,本科
研发工程师,外企德科数字技术有限公司,南京·雨花台·雨花,1.7-3万·14薪,经验不限,本科
研发工程师,外企德科数字技术有限公司,南京·雨花台·雨花,1.7-3万·14薪,经验不限,本科
研发工程师,外企德科数字技术有限公司,南京·雨花台·雨花,1.7-3万·14薪,经验不限,本科
C/C++/Java/Python/JS软件开发/算法/数据,外企德科数字技术有限公司,武汉·江夏·豹澥,1.7-3万·15薪,经验不限,本科
C/C++/Java/Python/JS软件开发/算法/数据,外企德科数字技术有限公司,武汉·江夏·豹澥,1.7-3万·15薪,经验不限,本科
Java/Python/C/C++/Web/测试工程师,外企德科数字技术有限公司,长沙·开福·月湖,1.4-2.8万·16薪,经验不限,本科
Java/Python/C/C++/Web/测试工程师,外企德科数字技术有限公司,长沙·开福·月湖,1.4-2.8万·16薪,经验不限,本科
Java开发工程师,外企德科数字技术有限公司,武汉·江夏·豹澥,1.5-3万·14薪,经验不限,本科
Java开发工程师,外企德科数字技术有限公司,武汉·江夏·豹澥,1.5-3万·14薪,经验不限,本科
研发工程师,外企德科数字技术有限公司,深圳·龙岗·坂田,1.8-3.5万·14薪,经验不限,本科
研发工程师,外企德科数字技术有限公司,深圳·龙岗·坂田,1.8-3.5万·14薪,经验不限,本科
研发工程师,外企德科数字技术有限公司,武汉·江夏·豹澥,1.5-3万·14薪,经验不限,本科
研发工程师,外企德科数字技术有限公司,武汉·江夏·豹澥,1.5-3万·14薪,经验不限,本科
软件开发工程师,外企德科数字技术有限公司,上海·青浦·金泽,1.5-3万·14薪,经验不限,本科
软件开发工程师,外企德科数字技术有限公司,上海·青浦·金泽,1.5-3万·14薪,经验不限,本科
无经验/跨行/应届可投-前后端开发/测试/嵌入式软件工程师,外企德科数字技术有限公司,深圳·龙岗·坂田,1.6-3万·14薪,经验不限,本科
无经验/跨行/应届可投-前后端开发/测试/嵌入式软件工程师,外企德科数字技术有限公司,深圳·龙岗·坂田,1.6-3万·14薪,经验不限,本科
Java/C++/C/Python/前端/测试（接受应届）,外企德科数字技术有限公司,杭州·滨江·长河,1.4-2.8万·14薪,经验不限,本科
Java/C++/C/Python/前端/测试（接受应届）,外企德科数字技术有限公司,杭州·滨江·长河,1.4-2.8万·14薪,经验不限,本科
java开发（阿里系正编/统本）,外企德科数字技术有限公司,郑州·管城·圃田,1.2-1.8万,3-5年,本科
java开发（阿里系正编/统本）,外企德科数字技术有限公司,郑州·管城·圃田,1.2-1.8万,3-5年,本科
Java/C++/C/Python/GO/JS,外企德科数字技术有限公司,西安·雁塔·漳浒寨,1.2-2.4万·15薪,经验不限,本科
Java/C++/C/Python/GO/JS,外企德科数字技术有限公司,西安·雁塔·漳浒寨,1.2-2.4万·15薪,经验不限,本科
软件工程师（线上面试，全国有岗）,外企德科数字技术有限公司,南京·雨花台·雨花,1.5-2.5万·14薪,经验不限,本科
软件工程师（线上面试，全国有岗）,外企德科数字技术有限公司,南京·雨花台·雨花,1.5-2.5万·14薪,经验不限,本科
前/后端开发工程师（Java / C++ / Python / JS 等方向）可接受小白,外企德科数字技术有限公司,南京·雨花台·雨花,1.4-2.8万·14薪,经验不限,本科
前/后端开发工程师（Java / C++ / Python / JS 等方向）可接受小白,外企德科数字技术有限公司,南京·雨花台·雨花,1.4-2.8万·14薪,经验不限,本科
软件开发（可接受25届+无经验同学）周末双休,外企德科数字技术有限公司,上海·青浦·金泽,2-4万·14薪,经验不限,本科
软件开发（可接受25届+无经验同学）周末双休,外企德科数字技术有限公司,上海·青浦·金泽,2-4万·14薪,经验不限,本科
软件开发工程师,外企德科数字技术有限公司,广州·天河·冼村,1.5-3万,无经验,本科
软件开发工程师,外企德科数字技术有限公司,广州·天河·冼村,1.5-3万,无经验,本科
Java/python/C/C++/JS前后端软件开发工程师,外企德科数字技术有限公司,成都·郫都·合作街道,1.3-2.6万·14薪,经验不限,本科
Java/python/C/C++/JS前后端软件开发工程师,外企德科数字技术有限公司,成都·郫都·合作街道,1.3-2.6万·14薪,经验不限,本科
通用软件工程师,外企德科数字技术有限公司,深圳·龙岗·坂田,1.5-3万·15薪,3-5年,本科
通用软件工程师,外企德科数字技术有限公司,深圳·龙岗·坂田,1.5-3万·15薪,3-5年,本科
Java/C/C++/JS/python/测试/运维开发/数据（接受24届无经验、考研断档）,外企德科数字技术有限公司,苏州·虎丘,1.7-3万·14薪,经验不限,本科
Java/C/C++/JS/python/测试/运维开发/数据（接受24届无经验、考研断档）,外企德科数字技术有限公司,苏州·虎丘,1.7-3万·14薪,经验不限,本科
java软件开发工程师,外企德科数字技术有限公司,上海·浦东·金桥,1.5-3万·14薪,经验不限,本科
java软件开发工程师,外企德科数字技术有限公司,上海·浦东·金桥,1.5-3万·14薪,经验不限,本科
高薪javac++/c/双休14薪/线上面试,外企德科数字技术有限公司,深圳·龙岗·坂田,1.8-3.5万·14薪,经验不限,本科
高薪javac++/c/双休14薪/线上面试,外企德科数字技术有限公司,深圳·龙岗·坂田,1.8-3.5万·14薪,经验不限,本科
各软件岗位,外企德科数字技术有限公司,北京·海淀,2-3万·14薪,经验不限,本科
各软件岗位,外企德科数字技术有限公司,北京·海淀,2-3万·14薪,经验不限,本科
各软件岗位,外企德科数字技术有限公司,北京·海淀,2-3万·14薪,经验不限,本科
各软件岗位,外企德科数字技术有限公司,北京·海淀,2-3万·14薪,经验不限,本科
研发工程师,外企德科数字技术有限公司,北京·海淀,1.8-3.5万·14薪,经验不限,本科
研发工程师,外企德科数字技术有限公司,北京·海淀,1.8-3.5万·14薪,经验不限,本科
前端开发工程师,外企德科数字技术有限公司,上海·杨浦·大桥,1.5-1.8万,3-5年,本科
前端开发工程师,外企德科数字技术有限公司,上海·杨浦·大桥,1.5-1.8万,3-5年,本科
软件工程师（底软/后端/嵌入式开发为主，前端开发/算法/测试少量）,外企德科数字技术有限公司,深圳·龙岗·坂田,1.2-2.4万·14薪,1-3年,本科
软件工程师（底软/后端/嵌入式开发为主，前端开发/算法/测试少量）,外企德科数字技术有限公司,深圳·龙岗·坂田,1.2-2.4万·14薪,1-3年,本科
java开发,外企德科数字技术有限公司,上海·杨浦·大桥,1.7-1.8万,3-5年,本科
java开发,外企德科数字技术有限公司,上海·杨浦·大桥,1.7-1.8万,3-5年,本科
软件开发/软件测试,外企德科数字技术有限公司,西安·雁塔·漳浒寨,1-1.5万·14薪,经验不限,本科
软件开发/软件测试,外企德科数字技术有限公司,西安·雁塔·漳浒寨,1-1.5万·14薪,经验不限,本科
java开发工程师-上海,外企德科数字技术有限公司,上海·杨浦·大桥,1.6-1.8万,3-5年,本科
java开发工程师-上海,外企德科数字技术有限公司,上海·杨浦·大桥,1.6-1.8万,3-5年,本科
软件工程师,外企德科数字技术有限公司,深圳·龙岗·坂田,1.3-2.6万,经验不限,本科
软件工程师,外企德科数字技术有限公司,深圳·龙岗·坂田,1.3-2.6万,经验不限,本科
Java/C++/C/Python/GO/JS,外企德科数字技术有限公司,武汉·江夏·豹澥,1.2-2.4万·15薪,经验不限,本科
Java/C++/C/Python/GO/JS,外企德科数字技术有限公司,武汉·江夏·豹澥,1.2-2.4万·15薪,经验不限,本科
JAVA/C++/C/Python/GO,外企德科数字技术有限公司,深圳·龙岗·坂田,1.5-2.6万·15薪,经验不限,本科
JAVA/C++/C/Python/GO,外企德科数字技术有限公司,深圳·龙岗·坂田,1.5-2.6万·15薪,经验不限,本科
软件开发（Java、C、Python都可以）,外企德科数字技术有限公司,深圳·龙岗·坂田,1.3-2.6万,1-3年,本科
软件开发（Java、C、Python都可以）,外企德科数字技术有限公司,深圳·龙岗·坂田,1.3-2.6万,1-3年,本科
前端开发工程师-应届/考研失败可投,外企德科数字技术有限公司,北京·海淀,1.5-3万,经验不限,本科
前端开发工程师-应届/考研失败可投,外企德科数字技术有限公司,北京·海淀,1.5-3万,经验不限,本科
前端开发工程师（上海）,外企德科数字技术有限公司,上海·杨浦·大桥,1.7-1.8万,3-5年,本科
前端开发工程师（上海）,外企德科数字技术有限公司,上海·杨浦·大桥,1.7-1.8万,3-5年,本科
软件开发工程师,外企德科数字技术有限公司,东莞·大朗镇,1.2-2.4万·14薪,经验不限,本科
软件开发工程师,外企德科数字技术有限公司,东莞·大朗镇,1.2-2.4万·14薪,经验不限,本科
JAVA后台开发（导师带教，六险一金，应届生友好）,外企德科数字技术有限公司,上海·青浦·金泽,1.5-2.6万,1-3年,本科
JAVA后台开发（导师带教，六险一金，应届生友好）,外企德科数字技术有限公司,上海·青浦·金泽,1.5-2.6万,1-3年,本科
软件开发工程师,外企德科数字技术有限公司,上海·浦东·金桥,1.2-2.4万·14薪,经验不限,本科
软件开发工程师,外企德科数字技术有限公司,上海·浦东·金桥,1.2-2.4万·14薪,经验不限,本科
JAVA/JS/C/C++/Python/go/测试,外企德科数字技术有限公司,深圳·龙岗·坂田,1.5-3万·14薪,经验不限,本科
JAVA/JS/C/C++/Python/go/测试,外企德科数字技术有限公司,深圳·龙岗·坂田,1.5-3万·14薪,经验不限,本科
JAVA/JS/C/C++/Python/go/测试,外企德科数字技术有限公司,西安·雁塔·漳浒寨,1.5-3万·14薪,经验不限,本科
JAVA/JS/C/C++/Python/go/测试,外企德科数字技术有限公司,西安·雁塔·漳浒寨,1.5-3万·14薪,经验不限,本科
JAVA/JS/C/C++/Python/go/测试,外企德科数字技术有限公司,北京·海淀,1.5-3万·14薪,经验不限,本科
JAVA/JS/C/C++/Python/go/测试,外企德科数字技术有限公司,北京·海淀,1.5-3万·14薪,经验不限,本科
软件开发工程师,外企德科数字技术有限公司,深圳·龙岗·坂田,1.5-3万,经验不限,本科
软件开发工程师,外企德科数字技术有限公司,深圳·龙岗·坂田,1.5-3万,经验不限,本科
软件岗（Java/Python/C/C++/软测/嵌入式等）,外企德科数字技术有限公司,西安·雁塔·漳浒寨,1.4-2.8万·14薪,经验不限,本科
软件岗（Java/Python/C/C++/软测/嵌入式等）,外企德科数字技术有限公司,西安·雁塔·漳浒寨,1.4-2.8万·14薪,经验不限,本科
软件岗（Java/Python/C/C++/软测/嵌入式等）,外企德科数字技术有限公司,西安·雁塔·漳浒寨,1.4-2.8万·14薪,经验不限,本科
软件岗（Java/Python/C/C++/软测/嵌入式等）,外企德科数字技术有限公司,西安·雁塔·漳浒寨,1.4-2.8万·14薪,经验不限,本科
软件开发工程师,外企德科数字技术有限公司,广州·白云·松洲,2.6-4.5万·14薪,经验不限,本科
软件开发工程师,外企德科数字技术有限公司,广州·白云·松洲,2.6-4.5万·14薪,经验不限,本科
c/c++/java/python开发/测试【base西安】,外企德科数字技术有限公司,西安·雁塔·漳浒寨,1-1.8万·14薪,经验不限,本科
c/c++/java/python开发/测试【base西安】,外企德科数字技术有限公司,西安·雁塔·漳浒寨,1-1.8万·14薪,经验不限,本科
java软件开发工程师,外企德科数字技术有限公司,南京·雨花台·雨花,1.2-2.4万·14薪,经验不限,本科
java软件开发工程师,外企德科数字技术有限公司,南京·雨花台·雨花,1.2-2.4万·14薪,经验不限,本科
软件研发工程师（有Java、C、C++、Python、go、JS等）,外企德科数字技术有限公司,西安·雁塔·漳浒寨,1.2-2.4万·14薪,经验不限,本科
软件研发工程师（有Java、C、C++、Python、go、JS等）,外企德科数字技术有限公司,西安·雁塔·漳浒寨,1.2-2.4万·14薪,经验不限,本科
Java，毕业1年内应届生，无经验小白可推,外企德科数字技术有限公司,上海·青浦·金泽,1.3-2.6万,无经验,本科
Java，毕业1年内应届生，无经验小白可推,外企德科数字技术有限公司,上海·青浦·金泽,1.3-2.6万,无经验,本科
Java开发工程师,外企德科数字技术有限公司,深圳·龙岗·坂田,1.6-3万,经验不限,本科
Java开发工程师,外企德科数字技术有限公司,深圳·龙岗·坂田,1.6-3万,经验不限,本科
java/Python/C/C++/JS/AI算法/软件测试,外企德科数字技术有限公司,杭州·滨江·长河,2-4万,经验不限,本科
java/Python/C/C++/JS/AI算法/软件测试,外企德科数字技术有限公司,杭州·滨江·长河,2-4万,经验不限,本科
Java/ Web/ C开发/ 测试/算法/数据开发,外企德科数字技术有限公司,上海·浦东·金桥,1.4-2.8万·16薪,经验不限,本科
Java/ Web/ C开发/ 测试/算法/数据开发,外企德科数字技术有限公司,上海·浦东·金桥,1.4-2.8万·16薪,经验不限,本科
Java/ Web/ C开发/ 测试/算法/数据开发,外企德科数字技术有限公司,东莞·大朗镇,1.4-2.8万·16薪,经验不限,本科
Java/ Web/ C开发/ 测试/算法/数据开发,外企德科数字技术有限公司,东莞·大朗镇,1.4-2.8万·16薪,经验不限,本科
Java/C++/C/Python/GO/JS,外企德科数字技术有限公司,北京·海淀·上地,1.2-2.4万·15薪,经验不限,本科
Java/C++/C/Python/GO/JS,外企德科数字技术有限公司,北京·海淀·上地,1.2-2.4万·15薪,经验不限,本科
软件开发/软件测试,外企德科数字技术有限公司,成都·郫都·合作街道,1-1.5万·14薪,经验不限,本科
软件开发/软件测试,外企德科数字技术有限公司,成都·郫都·合作街道,1-1.5万·14薪,经验不限,本科
java软件开发工程师,外企德科数字技术有限公司,深圳·龙岗·坂田,1.6-3万,无经验,本科
java软件开发工程师,外企德科数字技术有限公司,深圳·龙岗·坂田,1.6-3万,无经验,本科
软件开发/软件测试,外企德科数字技术有限公司,上海·浦东·金桥,1-1.5万·14薪,经验不限,本科
软件开发/软件测试,外企德科数字技术有限公司,上海·浦东·金桥,1-1.5万·14薪,经验不限,本科
Java/Python/C/C++/Web/测试工程师,外企德科数字技术有限公司,上海·青浦·金泽,1.6-3万·16薪,经验不限,本科
Java/Python/C/C++/Web/测试工程师,外企德科数字技术有限公司,上海·青浦·金泽,1.6-3万·16薪,经验不限,本科
前/后端开发 Java、C++、python、js,外企德科数字技术有限公司,苏州·工业园区,1.3-2.6万·14薪,无经验,本科
前/后端开发 Java、C++、python、js,外企德科数字技术有限公司,苏州·工业园区,1.3-2.6万·14薪,无经验,本科
java软件开发工程师,外企德科数字技术有限公司,武汉·江夏·豹澥,1.5-3万,经验不限,本科
java软件开发工程师,外企德科数字技术有限公司,武汉·江夏·豹澥,1.5-3万,经验不限,本科
java软件开发工程师,外企德科数字技术有限公司,上海·浦东·金桥,1.5-3万,经验不限,本科
java软件开发工程师,外企德科数字技术有限公司,上海·浦东·金桥,1.5-3万,经验不限,本科
web前端开发工程师,外企德科数字技术有限公司,深圳·龙岗·坂田,1.5-3万,经验不限,本科
web前端开发工程师,外企德科数字技术有限公司,深圳·龙岗·坂田,1.5-3万,经验不限,本科
java软件开发工程师,外企德科数字技术有限公司,北京,1.2-2.4万·14薪,经验不限,学历不限
java软件开发工程师,外企德科数字技术有限公司,北京,1.2-2.4万·14薪,经验不限,学历不限
后/前端开发、测试【24/25/无经验也可投】接受java、c＋＋、js不限语言,外企德科数字技术有限公司,长沙·开福·月湖,1.5-3万·14薪,经验不限,本科
后/前端开发、测试【24/25/无经验也可投】接受java、c＋＋、js不限语言,外企德科数字技术有限公司,长沙·开福·月湖,1.5-3万·14薪,经验不限,本科
后/前端开发、测试【24/25/无经验也可投】接受java、c＋＋、js不限语言,外企德科数字技术有限公司,长沙·开福·月湖,1.5-3万·14薪,经验不限,本科
后/前端开发、测试【24/25/无经验也可投】接受java、c＋＋、js不限语言,外企德科数字技术有限公司,长沙·开福·月湖,1.5-3万·14薪,经验不限,本科
JAVA开发,外企德科数字技术有限公司,北京·朝阳·大屯,1.5-1.8万,3-5年,本科
JAVA开发,外企德科数字技术有限公司,北京·朝阳·大屯,1.5-1.8万,3-5年,本科
Java/C/C++/python/GO/web/测试,外企德科数字技术有限公司,东莞·大朗镇,1.2-2.4万,经验不限,本科
Java/C/C++/python/GO/web/测试,外企德科数字技术有限公司,东莞·大朗镇,1.2-2.4万,经验不限,本科
java、C/C++、python等个后端开发,外企德科数字技术有限公司,东莞·大朗镇,1.6-3万·14薪,经验不限,本科
java、C/C++、python等个后端开发,外企德科数字技术有限公司,东莞·大朗镇,1.6-3万·14薪,经验不限,本科
Java/C/C++/Python/C#/Js/Ios,外企德科数字技术有限公司,成都·郫都·合作街道,1.5-2.7万,1-3年,本科
Java/C/C++/Python/C#/Js/Ios,外企德科数字技术有限公司,成都·郫都·合作街道,1.5-2.7万,1-3年,本科
JAVA/C/C++/Python/go/web开发工程师 全国岗14薪，全额社保公积金 应届生/考研/考公失败可投,外企德科数字技术有限公司,成都·郫都·合作街道,1.5-3万·14薪,经验不限,本科
JAVA/C/C++/Python/go/web开发工程师 全国岗14薪，全额社保公积金 应届生/考研/考公失败可投,外企德科数字技术有限公司,成都·郫都·合作街道,1.5-3万·14薪,经验不限,本科
Java/python/C/C++/JS前后端软件开发工程师,外企德科数字技术有限公司,西安·雁塔·漳浒寨,1.3-2.6万·14薪,经验不限,本科
Java/python/C/C++/JS前后端软件开发工程师,外企德科数字技术有限公司,西安·雁塔·漳浒寨,1.3-2.6万·14薪,经验不限,本科
软件工程师（底软/后端/嵌入式开发为主，前端开发/算法/测试少量）,外企德科数字技术有限公司,上海·青浦·金泽,1.2-2.4万·14薪,1-3年,本科
软件工程师（底软/后端/嵌入式开发为主，前端开发/算法/测试少量）,外企德科数字技术有限公司,上海·青浦·金泽,1.2-2.4万·14薪,1-3年,本科
C/C++/Java/JS/Python软件开发【全国有岗】,外企德科数字技术有限公司,厦门·湖里·江头,1.5-3万·14薪,经验不限,本科
C/C++/Java/JS/Python软件开发【全国有岗】,外企德科数字技术有限公司,厦门·湖里·江头,1.5-3万·14薪,经验不限,本科
高级前端开发工程师,外企德科数字技术有限公司,上海·杨浦·大桥,1-1.8万,3-5年,本科
高级前端开发工程师,外企德科数字技术有限公司,上海·杨浦·大桥,1-1.8万,3-5年,本科
软件开发工程师,外企德科数字技术有限公司,深圳·龙岗·坂田,1-2万·14薪,经验不限,本科
软件开发工程师,外企德科数字技术有限公司,深圳·龙岗·坂田,1-2万·14薪,经验不限,本科
软件开发工程师,外企德科数字技术有限公司,成都·郫都·合作街道,1.2-2.4万·14薪,经验不限,本科
软件开发工程师,外企德科数字技术有限公司,成都·郫都·合作街道,1.2-2.4万·14薪,经验不限,本科
react前端-大厂正编统本,外企德科数字技术有限公司,长沙·岳麓·洋湖,1-1.6万,3-5年,本科
react前端-大厂正编统本,外企德科数字技术有限公司,长沙·岳麓·洋湖,1-1.6万,3-5年,本科
Java/C/C++/Python/JS 软件开发（多部门推荐）,外企德科数字技术有限公司,西安·雁塔·漳浒寨,1.6-3万·14薪,经验不限,本科
Java/C/C++/Python/JS 软件开发（多部门推荐）,外企德科数字技术有限公司,西安·雁塔·漳浒寨,1.6-3万·14薪,经验不限,本科
JAVA/JS/C/C++/Python/go/测试,外企德科数字技术有限公司,杭州·滨江·长河,1.5-3万·14薪,经验不限,本科
JAVA/JS/C/C++/Python/go/测试,外企德科数字技术有限公司,杭州·滨江·长河,1.5-3万·14薪,经验不限,本科
JAVA/JS/C/C++/Python/go/测试,外企德科数字技术有限公司,武汉·江夏·豹澥,1.5-3万·14薪,经验不限,本科
JAVA/JS/C/C++/Python/go/测试,外企德科数字技术有限公司,武汉·江夏·豹澥,1.5-3万·14薪,经验不限,本科
java软件开发工程师,外企德科数字技术有限公司,北京·朝阳·东湖,1.3-1.8万,3-5年,本科
java软件开发工程师,外企德科数字技术有限公司,北京·朝阳·东湖,1.3-1.8万,3-5年,本科
软件开发工程师,外企德科数字技术有限公司,苏州·工业园区,1.5-3万,经验不限,本科
软件开发工程师,外企德科数字技术有限公司,苏州·工业园区,1.5-3万,经验不限,本科
软件岗（Java/Python/C/C++/软测/嵌入式等）,外企德科数字技术有限公司,苏州·工业园区,1.4-2.8万·14薪,经验不限,本科
软件岗（Java/Python/C/C++/软测/嵌入式等）,外企德科数字技术有限公司,苏州·工业园区,1.4-2.8万·14薪,经验不限,本科
C/C++/Java/Python/JS软件开发/算法/数据,外企德科数字技术有限公司,贵阳·花溪·湖潮,1.7-3万·15薪,经验不限,本科
C/C++/Java/Python/JS软件开发/算法/数据,外企德科数字技术有限公司,贵阳·花溪·湖潮,1.7-3万·15薪,经验不限,本科
C/C++/Java/Python/JS软件开发/算法/数据,外企德科数字技术有限公司,佛山·禅城·祖庙,1.7-3万·15薪,经验不限,本科
C/C++/Java/Python/JS软件开发/算法/数据,外企德科数字技术有限公司,佛山·禅城·祖庙,1.7-3万·15薪,经验不限,本科
C/C++/Java/Python/JS软件开发/算法/数据,外企德科数字技术有限公司,佛山·禅城·祖庙,1.7-3万·15薪,经验不限,本科
C/C++/Java/Python/JS软件开发/算法/数据,外企德科数字技术有限公司,佛山·禅城·祖庙,1.7-3万·15薪,经验不限,本科
C/C++/Java/Python/JS软件开发/算法/数据,外企德科数字技术有限公司,成都·郫都·合作街道,1.7-3万·15薪,经验不限,本科
C/C++/Java/Python/JS软件开发/算法/数据,外企德科数字技术有限公司,成都·郫都·合作街道,1.7-3万·15薪,经验不限,本科
C/C++/Java/JS/Python软件开发（全国有岗 接受应届）,外企德科数字技术有限公司,深圳·龙岗·坂田,1.5-3万·14薪,经验不限,本科
C/C++/Java/JS/Python软件开发（全国有岗 接受应届）,外企德科数字技术有限公司,深圳·龙岗·坂田,1.5-3万·14薪,经验不限,本科
C/C++/Java/JS/Python/Go软件开发【全国有岗位 可接受应届】,外企德科数字技术有限公司,南京·雨花台·雨花,1.5-3万·14薪,经验不限,本科
C/C++/Java/JS/Python/Go软件开发【全国有岗位 可接受应届】,外企德科数字技术有限公司,南京·雨花台·雨花,1.5-3万·14薪,经验不限,本科
java/Python/C/C++/JS/AI算法/软件测试,外企德科数字技术有限公司,武汉·江夏·豹澥,1.6-3万,经验不限,本科
java/Python/C/C++/JS/AI算法/软件测试,外企德科数字技术有限公司,武汉·江夏·豹澥,1.6-3万,经验不限,本科
C/C++/Java/JS/Python软件开发（全国有岗 接受应届）,外企德科数字技术有限公司,苏州·虎丘,1.5-3万·14薪,经验不限,本科
C/C++/Java/JS/Python软件开发（全国有岗 接受应届）,外企德科数字技术有限公司,苏州·虎丘,1.5-3万·14薪,经验不限,本科
java软件开发工程师,外企德科数字技术有限公司,东莞·大朗镇,1.3-2.6万·14薪,经验不限,本科
java软件开发工程师,外企德科数字技术有限公司,东莞·大朗镇,1.3-2.6万·14薪,经验不限,本科
各语言软件开发或软测（多城市多部门多职级）,外企德科数字技术有限公司,深圳·龙岗·坂田,1.7-3万·14薪,经验不限,本科
各语言软件开发或软测（多城市多部门多职级）,外企德科数字技术有限公司,深圳·龙岗·坂田,1.7-3万·14薪,经验不限,本科
软件工程师（底软/后端/嵌入式开发为主，前端开发/算法/测试少量）,外企德科数字技术有限公司,北京·海淀,1.2-2.4万·14薪,1-3年,本科
软件工程师（底软/后端/嵌入式开发为主，前端开发/算法/测试少量）,外企德科数字技术有限公司,北京·海淀,1.2-2.4万·14薪,1-3年,本科
C/C++/Java/Python/JS软件开发/算法/数据,外企德科数字技术有限公司,上海·浦东·金桥,1.7-3万·15薪,经验不限,本科
C/C++/Java/Python/JS软件开发/算法/数据,外企德科数字技术有限公司,上海·浦东·金桥,1.7-3万·15薪,经验不限,本科
Java/C/C++/Python/前端/测试（接受应届）,外企德科数字技术有限公司,上海·浦东·金桥,1.5-3万·14薪,经验不限,本科
Java/C/C++/Python/前端/测试（接受应届）,外企德科数字技术有限公司,上海·浦东·金桥,1.5-3万·14薪,经验不限,本科
软件测试工程师,外企德科数字技术有限公司,上海·杨浦·大桥,1.3-1.4万,经验不限,本科
软件测试工程师,外企德科数字技术有限公司,上海·杨浦·大桥,1.3-1.4万,经验不限,本科
Java/JS/Python/算法/C/C++工程师,外企德科数字技术有限公司,武汉·江夏·豹澥,1.2-2.4万·14薪,经验不限,本科
Java/JS/Python/算法/C/C++工程师,外企德科数字技术有限公司,武汉·江夏·豹澥,1.2-2.4万·14薪,经验不限,本科
Java/JS/Python/算法/C/C++工程师,外企德科数字技术有限公司,成都·郫都·合作街道,1.2-2.4万·14薪,经验不限,本科
Java/JS/Python/算法/C/C++工程师,外企德科数字技术有限公司,成都·郫都·合作街道,1.2-2.4万·14薪,经验不限,本科
Java/JS/Python/算法/C/C++工程师,外企德科数字技术有限公司,西安·雁塔·漳浒寨,1.2-2.4万·14薪,经验不限,本科
Java/JS/Python/算法/C/C++工程师,外企德科数字技术有限公司,西安·雁塔·漳浒寨,1.2-2.4万·14薪,经验不限,本科
Java/c/c++/python/js软件开发工程师,外企德科数字技术有限公司,成都·郫都·合作街道,1.4-2.8万·14薪,经验不限,本科
Java/c/c++/python/js软件开发工程师,外企德科数字技术有限公司,成都·郫都·合作街道,1.4-2.8万·14薪,经验不限,本科
Java/C++/C/Python/GO/JS,外企德科数字技术有限公司,成都·郫都·合作街道,1.2-2.4万·15薪,经验不限,本科
Java/C++/C/Python/GO/JS,外企德科数字技术有限公司,成都·郫都·合作街道,1.2-2.4万·15薪,经验不限,本科
Java/Python/C/C++/测试/算法/前端岗,外企德科数字技术有限公司,成都·郫都·合作街道,1.2-2.4万·14薪,经验不限,本科
Java/Python/C/C++/测试/算法/前端岗,外企德科数字技术有限公司,成都·郫都·合作街道,1.2-2.4万·14薪,经验不限,本科
Java/c/c++/python/js软件开发工程师,外企德科数字技术有限公司,东莞·大朗镇,1.4-2.8万·14薪,经验不限,本科
Java/c/c++/python/js软件开发工程师,外企德科数字技术有限公司,东莞·大朗镇,1.4-2.8万·14薪,经验不限,本科
Java/C/C++/Python/JS 软件开发测试工程师,外企德科数字技术有限公司,济南·历下·龙洞,1.5-2.8万·14薪,经验不限,本科
Java/C/C++/Python/JS 软件开发测试工程师,外企德科数字技术有限公司,济南·历下·龙洞,1.5-2.8万·14薪,经验不限,本科
Java/C/C++/Python/前端/测试（接受应届）,外企德科数字技术有限公司,杭州·滨江·长河,1.6-2.4万·14薪,经验不限,本科
Java/C/C++/Python/前端/测试（接受应届）,外企德科数字技术有限公司,杭州·滨江·长河,1.6-2.4万·14薪,经验不限,本科
Java/C/C++/Python/前端/测试（接受应届）,外企德科数字技术有限公司,杭州·滨江·长河,1.6-2.4万·14薪,经验不限,本科
Java/C/C++/Python/前端/测试（接受应届）,外企德科数字技术有限公司,杭州·滨江·长河,1.6-2.4万·14薪,经验不限,本科
java软件开发工程师,外企德科数字技术有限公司,北京·海淀,1.5-3万,经验不限,本科
java软件开发工程师,外企德科数字技术有限公司,北京·海淀,1.5-3万,经验不限,本科
软件开发工程师-双休/五险一金/年终奖(全程线上面试）,外企德科数字技术有限公司,武汉·江夏·豹澥,1.5-3万·14薪,经验不限,本科
软件开发工程师-双休/五险一金/年终奖(全程线上面试）,外企德科数字技术有限公司,武汉·江夏·豹澥,1.5-3万·14薪,经验不限,本科
Java/python/C/C++/JS前后端软件开发工程师,外企德科数字技术有限公司,东莞·大朗镇,1.3-2.6万·14薪,经验不限,本科
Java/python/C/C++/JS前后端软件开发工程师,外企德科数字技术有限公司,东莞·大朗镇,1.3-2.6万·14薪,经验不限,本科
C/C++/Java/Python/JS软件开发/算法/数据,外企德科数字技术有限公司,广州·白云·松洲,1.7-3万·15薪,经验不限,本科
C/C++/Java/Python/JS软件开发/算法/数据,外企德科数字技术有限公司,广州·白云·松洲,1.7-3万·15薪,经验不限,本科
java开发软件工程师,外企德科数字技术有限公司,深圳·龙岗·坂田,1.5-3万·15薪,经验不限,本科
java开发软件工程师,外企德科数字技术有限公司,深圳·龙岗·坂田,1.5-3万·15薪,经验不限,本科
C/C++/Java/Python/JS软件开发/算法/数据,外企德科数字技术有限公司,深圳·龙岗·坂田,1.7-3万·15薪,经验不限,本科
C/C++/Java/Python/JS软件开发/算法/数据,外企德科数字技术有限公司,深圳·龙岗·坂田,1.7-3万·15薪,经验不限,本科
前端开发工程师,外企德科数字技术有限公司,深圳·龙岗·坂田,1.5-3万·14薪,经验不限,本科
前端开发工程师,外企德科数字技术有限公司,深圳·龙岗·坂田,1.5-3万·14薪,经验不限,本科
JAVA开发工程师,外企德科数字技术有限公司,深圳·龙岗·坂田,1.5-3万·14薪,经验不限,本科
JAVA开发工程师,外企德科数字技术有限公司,深圳·龙岗·坂田,1.5-3万·14薪,经验不限,本科
前端开发工程师,外企德科数字技术有限公司,北京·朝阳·东湖,1.5-1.8万,3-5年,本科
前端开发工程师,外企德科数字技术有限公司,北京·朝阳·东湖,1.5-1.8万,3-5年,本科
软件工程师（底软/后端/嵌入式开发为主，前端开发/算法/测试少量）,外企德科数字技术有限公司,东莞·大朗镇,1.2-2.4万·14薪,1-3年,本科
软件工程师（底软/后端/嵌入式开发为主，前端开发/算法/测试少量）,外企德科数字技术有限公司,东莞·大朗镇,1.2-2.4万·14薪,1-3年,本科
软件研发工程师（前后端测试均有岗位）,外企德科数字技术有限公司,南京·雨花台·铁心桥,1.8-3.5万,经验不限,本科
软件研发工程师（前后端测试均有岗位）,外企德科数字技术有限公司,南京·雨花台·铁心桥,1.8-3.5万,经验不限,本科
软件开发、软件测试【大厂自研+接受25届】,外企德科数字技术有限公司,北京·海淀,1.6-3万·16薪,经验不限,本科
软件开发、软件测试【大厂自研+接受25届】,外企德科数字技术有限公司,北京·海淀,1.6-3万·16薪,经验不限,本科
Java/python/JS/C++/测试(核心项目 年终奖,外企德科数字技术有限公司,苏州·工业园区,1.8-3.5万·16薪,经验不限,本科
Java/python/JS/C++/测试(核心项目 年终奖,外企德科数字技术有限公司,苏州·工业园区,1.8-3.5万·16薪,经验不限,本科
java软件开发工程师,外企德科数字技术有限公司,苏州·虎丘,1.5-3万·14薪,经验不限,本科
java软件开发工程师,外企德科数字技术有限公司,苏州·虎丘,1.5-3万·14薪,经验不限,本科
Java\C\C++\Python软件开发工程师,外企德科数字技术有限公司,杭州·滨江·长河,1.2-2.4万·14薪,经验不限,本科
Java\C\C++\Python软件开发工程师,外企德科数字技术有限公司,杭州·滨江·长河,1.2-2.4万·14薪,经验不限,本科
Java/C++/C/Python/GO/JS,外企德科数字技术有限公司,南京·江宁·秣陵,1.2-2.4万·15薪,经验不限,本科
Java/C++/C/Python/GO/JS,外企德科数字技术有限公司,南京·江宁·秣陵,1.2-2.4万·15薪,经验不限,本科
Java/C/C++/Python/JS 软件开发（多部门推荐）,外企德科数字技术有限公司,成都·郫都·合作街道,1.6-3万·14薪,经验不限,本科
Java/C/C++/Python/JS 软件开发（多部门推荐）,外企德科数字技术有限公司,成都·郫都·合作街道,1.6-3万·14薪,经验不限,本科
前端开发工程师,外企德科数字技术有限公司,南京·雨花台·雨花,1.4-2.8万·14薪,经验不限,本科
前端开发工程师,外企德科数字技术有限公司,南京·雨花台·雨花,1.4-2.8万·14薪,经验不限,本科
Java/python/JS/C++/C#\开发测试都可投递,外企德科数字技术有限公司,深圳·龙岗·坂田,1.5-3万,无经验,本科
Java/python/JS/C++/C#\开发测试都可投递,外企德科数字技术有限公司,深圳·龙岗·坂田,1.5-3万,无经验,本科
高级前端开发工程师,外企德科数字技术有限公司,上海·杨浦·大桥,1.7-1.8万,3-5年,本科
高级前端开发工程师,外企德科数字技术有限公司,上海·杨浦·大桥,1.7-1.8万,3-5年,本科
高级前端开发工程师,外企德科数字技术有限公司,上海·杨浦·大桥,1.7-1.8万,3-5年,本科
高级前端开发工程师,外企德科数字技术有限公司,上海·杨浦·大桥,1.7-1.8万,3-5年,本科
软件开发（语言全部涵盖 流程快 岗位多）,外企德科数字技术有限公司,东莞·大朗镇,1.5-2.8万·14薪,经验不限,本科
软件开发（语言全部涵盖 流程快 岗位多）,外企德科数字技术有限公司,东莞·大朗镇,1.5-2.8万·14薪,经验不限,本科
软件岗（Java/Python/C/C++/软测/嵌入式等）,外企德科数字技术有限公司,南京·雨花台·雨花,1.4-2.8万·14薪,经验不限,本科
软件岗（Java/Python/C/C++/软测/嵌入式等）,外企德科数字技术有限公司,南京·雨花台·雨花,1.4-2.8万·14薪,经验不限,本科
软件研发工程师（有Java、C、C++、Python、go、JS等）,外企德科数字技术有限公司,深圳·龙岗·坂田,1.2-2.4万·14薪,经验不限,本科
软件研发工程师（有Java、C、C++、Python、go、JS等）,外企德科数字技术有限公司,深圳·龙岗·坂田,1.2-2.4万·14薪,经验不限,本科
Java/ Web/ C开发/ 测试/算法/数据开发,外企德科数字技术有限公司,南京·雨花台·雨花,1.4-2.8万·14薪,经验不限,本科
Java/ Web/ C开发/ 测试/算法/数据开发,外企德科数字技术有限公司,南京·雨花台·雨花,1.4-2.8万·14薪,经验不限,本科
软件工程师（底软/后端/嵌入式开发为主，前端开发/算法/测试少量）,外企德科数字技术有限公司,苏州·工业园区,1.2-2.4万·14薪,1-3年,本科
软件工程师（底软/后端/嵌入式开发为主，前端开发/算法/测试少量）,外企德科数字技术有限公司,苏州·工业园区,1.2-2.4万·14薪,1-3年,本科
Java/C/C++/Python/前端/测试（接受应届）,外企德科数字技术有限公司,深圳·龙岗·坂田,1.6-3万,经验不限,本科
Java/C/C++/Python/前端/测试（接受应届）,外企德科数字技术有限公司,深圳·龙岗·坂田,1.6-3万,经验不限,本科
Java开发工程师,外企德科数字技术有限公司,上海·杨浦·大桥,1-1.7万,3-5年,本科
Java开发工程师,外企德科数字技术有限公司,上海·杨浦·大桥,1-1.7万,3-5年,本科
前端开发工程师,外企德科数字技术有限公司,南京·雨花台·雨花,1.5-3万·14薪,经验不限,本科
前端开发工程师,外企德科数字技术有限公司,南京·雨花台·雨花,1.5-3万·14薪,经验不限,本科
JAVA/C++/C/Python 14薪双休 应届生可投,外企德科数字技术有限公司,南京·秦淮·五老村,1.5-3万,经验不限,本科
JAVA/C++/C/Python 14薪双休 应届生可投,外企德科数字技术有限公司,南京·秦淮·五老村,1.5-3万,经验不限,本科
Java/C++中高级开发（线上面试，待遇可谈）,外企德科数字技术有限公司,杭州·滨江·长河,1.5-3万,3-5年,本科
Java/C++中高级开发（线上面试，待遇可谈）,外企德科数字技术有限公司,杭州·滨江·长河,1.5-3万,3-5年,本科
前端开发,外企德科数字技术有限公司,武汉·江夏·豹澥,1.2-2.4万,经验不限,本科
前端开发,外企德科数字技术有限公司,武汉·江夏·豹澥,1.2-2.4万,经验不限,本科
Java/C/C++/Python/前端/测试（接受应届）,外企德科数字技术有限公司,深圳·龙岗·坂田,1.3-2.6万·14薪,经验不限,本科
Java/C/C++/Python/前端/测试（接受应届）,外企德科数字技术有限公司,深圳·龙岗·坂田,1.3-2.6万·14薪,经验不限,本科
软件开发工程师(Java/C/C++/Python/Js),外企德科数字技术有限公司,苏州·工业园区,1.5-3万,经验不限,本科
软件开发工程师(Java/C/C++/Python/Js),外企德科数字技术有限公司,苏州·工业园区,1.5-3万,经验不限,本科
软件开发工程师(Java/C/C++/Python/Js),外企德科数字技术有限公司,成都·都江堰·聚源,1.5-3万,经验不限,本科
软件开发工程师(Java/C/C++/Python/Js),外企德科数字技术有限公司,成都·都江堰·聚源,1.5-3万,经验不限,本科
Java开发工程师,外企德科数字技术有限公司,南京·雨花台·雨花,1.3-2.6万,经验不限,本科
Java开发工程师,外企德科数字技术有限公司,南京·雨花台·雨花,1.3-2.6万,经验不限,本科
java开发工程师,外企德科数字技术有限公司,苏州·虎丘,1.3-2.6万,1-3年,本科
java开发工程师,外企德科数字技术有限公司,苏州·虎丘,1.3-2.6万,1-3年,本科
软件开发工程师,外企德科数字技术有限公司,上海·浦东·金桥,1.5-3万,经验不限,本科
软件开发工程师,外企德科数字技术有限公司,上海·浦东·金桥,1.5-3万,经验不限,本科
后/前段开发、测试【24/25/无经验可投】接受java、c++、js不限语言,外企德科数字技术有限公司,西安·雁塔·漳浒寨,1.4-2.8万·14薪,经验不限,本科
后/前段开发、测试【24/25/无经验可投】接受java、c++、js不限语言,外企德科数字技术有限公司,西安·雁塔·漳浒寨,1.4-2.8万·14薪,经验不限,本科
软件工程师（Java/python/JS/C++）,外企德科数字技术有限公司,杭州·滨江·长河,1.5-3万·14薪,经验不限,本科
软件工程师（Java/python/JS/C++）,外企德科数字技术有限公司,杭州·滨江·长河,1.5-3万·14薪,经验不限,本科
软件开发（可接受25届+无经验同学）周末双休,外企德科数字技术有限公司,成都·郫都·合作街道,2-4万·14薪,经验不限,本科
软件开发（可接受25届+无经验同学）周末双休,外企德科数字技术有限公司,成都·郫都·合作街道,2-4万·14薪,经验不限,本科
软件开发（可接受25届+无经验同学）周末双休,外企德科数字技术有限公司,成都·郫都·合作街道,2-4万·14薪,经验不限,本科
软件开发（可接受25届+无经验同学）周末双休,外企德科数字技术有限公司,成都·郫都·合作街道,2-4万·14薪,经验不限,本科
中高级Java,外企德科数字技术有限公司,武汉·洪山·关山,9000-13000元,3-5年,学历不限
中高级Java,外企德科数字技术有限公司,武汉·洪山·关山,9000-13000元,3-5年,学历不限
python开发/测试开发,外企德科数字技术有限公司,武汉·江夏·豹澥,1.3-2.6万·14薪,经验不限,本科
python开发/测试开发,外企德科数字技术有限公司,武汉·江夏·豹澥,1.3-2.6万·14薪,经验不限,本科
python后端开发工程师,外企德科数字技术有限公司,北京·海淀,1.5-3万,经验不限,本科
python后端开发工程师,外企德科数字技术有限公司,北京·海淀,1.5-3万,经验不限,本科
java开发工程师,外企德科数字技术有限公司,济南·历下·姚家,1.4-2.5万,经验不限,本科
java开发工程师,外企德科数字技术有限公司,济南·历下·姚家,1.4-2.5万,经验不限,本科
java软件开发工程师,外企德科数字技术有限公司,长沙·岳麓·麓谷,2-3.5万,经验不限,本科
java软件开发工程师,外企德科数字技术有限公司,长沙·岳麓·麓谷,2-3.5万,经验不限,本科
各编程语言软件开发或者软件测试（全国都招）,外企德科数字技术有限公司,杭州·滨江·长河,1.5-3万·14薪,经验不限,本科
各编程语言软件开发或者软件测试（全国都招）,外企德科数字技术有限公司,杭州·滨江·长河,1.5-3万·14薪,经验不限,本科
java开发软件工程师,外企德科数字技术有限公司,南京·雨花台·雨花,1.5-3万·15薪,经验不限,本科
java开发软件工程师,外企德科数字技术有限公司,南京·雨花台·雨花,1.5-3万·15薪,经验不限,本科
软件开发工程师,外企德科数字技术有限公司,西安·雁塔·漳浒寨,1.2-2.4万·14薪,经验不限,本科
软件开发工程师,外企德科数字技术有限公司,西安·雁塔·漳浒寨,1.2-2.4万·14薪,经验不限,本科
Java/Python/C/C++/Web/测试开发,外企德科数字技术有限公司,东莞·大朗镇,1.3-2.6万·16薪,经验不限,本科
Java/Python/C/C++/Web/测试开发,外企德科数字技术有限公司,东莞·大朗镇,1.3-2.6万·16薪,经验不限,本科
后端开发工程师,外企德科数字技术有限公司,深圳·龙岗·坂田,1.2-2.4万,经验不限,本科
后端开发工程师,外企德科数字技术有限公司,深圳·龙岗·坂田,1.2-2.4万,经验不限,本科
软件开发工程师（双休 导师带教 可接受25届实习生）,外企德科数字技术有限公司,东莞·大朗镇,1.3-2.6万·14薪,经验不限,本科
软件开发工程师（双休 导师带教 可接受25届实习生）,外企德科数字技术有限公司,东莞·大朗镇,1.3-2.6万·14薪,经验不限,本科
前端开发工程师,外企德科数字技术有限公司,上海·青浦·金泽,1.2-2.4万,经验不限,本科
前端开发工程师,外企德科数字技术有限公司,上海·青浦·金泽,1.2-2.4万,经验不限,本科
java软件开发工程师,外企德科数字技术有限公司,广州·白云·松洲,1.4-2.4万,经验不限,本科
java软件开发工程师,外企德科数字技术有限公司,广州·白云·松洲,1.4-2.4万,经验不限,本科
软件开发工程师,外企德科数字技术有限公司,西安·雁塔·漳浒寨,1.5-3万·14薪,经验不限,本科
软件开发工程师,外企德科数字技术有限公司,西安·雁塔·漳浒寨,1.5-3万·14薪,经验不限,本科
软件研发工程师（有Java、C、C++、Python、go、JS等）,外企德科数字技术有限公司,杭州·滨江·长河,1.2-2.4万·14薪,经验不限,本科
软件研发工程师（有Java、C、C++、Python、go、JS等）,外企德科数字技术有限公司,杭州·滨江·长河,1.2-2.4万·14薪,经验不限,本科
算法工程师/C/C#/C++/java/python/js,外企德科数字技术有限公司,西安·雁塔·漳浒寨,1.3-2.6万·14薪,经验不限,本科
算法工程师/C/C#/C++/java/python/js,外企德科数字技术有限公司,西安·雁塔·漳浒寨,1.3-2.6万·14薪,经验不限,本科
web前端开发工程师,外企德科数字技术有限公司,东莞·大朗镇,1.3-2万·13薪,1-3年,本科
web前端开发工程师,外企德科数字技术有限公司,东莞·大朗镇,1.3-2万·13薪,1-3年,本科
Java/C/C++/python/GO/web/测试,外企德科数字技术有限公司,杭州·滨江·长河,1.3-2.6万,经验不限,本科
Java/C/C++/python/GO/web/测试,外企德科数字技术有限公司,杭州·滨江·长河,1.3-2.6万,经验不限,本科
软件开发工程师,外企德科数字技术有限公司,成都·郫都·合作街道,1.7-3万,1-3年,本科
软件开发工程师,外企德科数字技术有限公司,成都·郫都·合作街道,1.7-3万,1-3年,本科
Java/python/JS/GO/算法/测试/c ++,外企德科数字技术有限公司,深圳·龙岗·坂田,1.3-2.6万·14薪,无经验,本科
Java/python/JS/GO/算法/测试/c ++,外企德科数字技术有限公司,深圳·龙岗·坂田,1.3-2.6万·14薪,无经验,本科
Java/python/JS/GO/算法/测试/c ++,外企德科数字技术有限公司,深圳·龙岗·坂田,1.3-2.6万·14薪,无经验,本科
Java/python/JS/GO/算法/测试/c ++,外企德科数字技术有限公司,深圳·龙岗·坂田,1.3-2.6万·14薪,无经验,本科
各编程语言软件开发或者软件测试（全国都招）,外企德科数字技术有限公司,武汉·江夏·豹澥,1.5-3万·14薪,经验不限,本科
各编程语言软件开发或者软件测试（全国都招）,外企德科数字技术有限公司,武汉·江夏·豹澥,1.5-3万·14薪,经验不限,本科
C/C++/Java/Python/JS软件开发/算法/数据,外企德科数字技术有限公司,南昌·红谷滩,1.7-3万·15薪,经验不限,本科
C/C++/Java/Python/JS软件开发/算法/数据,外企德科数字技术有限公司,南昌·红谷滩,1.7-3万·15薪,经验不限,本科
Java/Python/C/C++/Web/测试工程师,外企德科数字技术有限公司,深圳·龙岗·坂田,1.4-2.8万·16薪,经验不限,本科
Java/Python/C/C++/Web/测试工程师,外企德科数字技术有限公司,深圳·龙岗·坂田,1.4-2.8万·16薪,经验不限,本科
前端软件开发工程师,外企德科数字技术有限公司,北京·朝阳·东湖,1.5-1.8万,3-5年,本科
前端软件开发工程师,外企德科数字技术有限公司,北京·朝阳·东湖,1.5-1.8万,3-5年,本科
JAVA/C/C++/Python/go/web开发工程师 全国岗14薪，全额社保公积金 应届生/考研/考公失败可投,外企德科数字技术有限公司,广州·白云·松洲,1.5-3万·14薪,经验不限,本科
JAVA/C/C++/Python/go/web开发工程师 全国岗14薪，全额社保公积金 应届生/考研/考公失败可投,外企德科数字技术有限公司,广州·白云·松洲,1.5-3万·14薪,经验不限,本科
Java开发工程师,外企德科数字技术有限公司,深圳·龙岗·坂田,1.5-3万·14薪,经验不限,本科
Java开发工程师,外企德科数字技术有限公司,深圳·龙岗·坂田,1.5-3万·14薪,经验不限,本科
Java/c/c++/python/js软件开发工程师,外企德科数字技术有限公司,杭州·滨江·长河,1.4-2.8万·14薪,经验不限,本科
Java/c/c++/python/js软件开发工程师,外企德科数字技术有限公司,杭州·滨江·长河,1.4-2.8万·14薪,经验不限,本科
JAVA/C++/C/Python 14薪双休 应届生可投,外企德科数字技术有限公司,西安·雁塔·漳浒寨,1.5-3万,经验不限,本科
JAVA/C++/C/Python 14薪双休 应届生可投,外企德科数字技术有限公司,西安·雁塔·漳浒寨,1.5-3万,经验不限,本科
JAVA/C++/C/Python 14薪双休 应届生可投,外企德科数字技术有限公司,北京·朝阳·建外,1.5-3万,经验不限,本科
JAVA/C++/C/Python 14薪双休 应届生可投,外企德科数字技术有限公司,北京·朝阳·建外,1.5-3万,经验不限,本科
Java/C/C++/Python/JS 软件开发（多部门推荐）,外企德科数字技术有限公司,南京·雨花台·雨花,1.6-3万·14薪,经验不限,本科
Java/C/C++/Python/JS 软件开发（多部门推荐）,外企德科数字技术有限公司,南京·雨花台·雨花,1.6-3万·14薪,经验不限,本科
Java/C/C++/Python/JS 软件开发（多部门推荐）,外企德科数字技术有限公司,东莞·大朗镇,1.6-3万·14薪,经验不限,本科
Java/C/C++/Python/JS 软件开发（多部门推荐）,外企德科数字技术有限公司,东莞·大朗镇,1.6-3万·14薪,经验不限,本科
Java/c/c++/python/js软件开发工程师,外企德科数字技术有限公司,南京·雨花台·雨花,1.4-2.8万·14薪,经验不限,本科
Java/c/c++/python/js软件开发工程师,外企德科数字技术有限公司,南京·雨花台·雨花,1.4-2.8万·14薪,经验不限,本科
测试/前端/后端开发工程师Java/C/C++/Python,外企德科数字技术有限公司,成都·武侯·桂溪,1.5-2.8万·14薪,经验不限,本科
测试/前端/后端开发工程师Java/C/C++/Python,外企德科数字技术有限公司,成都·武侯·桂溪,1.5-2.8万·14薪,经验不限,本科
软件开发工程师(Java/C/C++/Python/Js),外企德科数字技术有限公司,北京·昌平·史各庄,1.5-3万,经验不限,本科
软件开发工程师(Java/C/C++/Python/Js),外企德科数字技术有限公司,北京·昌平·史各庄,1.5-3万,经验不限,本科
软件开发/软件测试,外企德科数字技术有限公司,杭州·滨江·长河,1-1.5万·14薪,经验不限,本科
软件开发/软件测试,外企德科数字技术有限公司,杭州·滨江·长河,1-1.5万·14薪,经验不限,本科
中高级后端工程师,外企德科数字技术有限公司,上海·浦东·金桥,2-4万·16薪,经验不限,本科
中高级后端工程师,外企德科数字技术有限公司,上海·浦东·金桥,2-4万·16薪,经验不限,本科
月薪15-35k/java/c++/python后端开发/,外企德科数字技术有限公司,深圳·龙岗·坂田,1.5-3万·14薪,经验不限,本科
月薪15-35k/java/c++/python后端开发/,外企德科数字技术有限公司,深圳·龙岗·坂田,1.5-3万·14薪,经验不限,本科
java软件开发工程师,外企德科数字技术有限公司,北京·朝阳,1.5-3万·15薪,1-3年,本科
java软件开发工程师,外企德科数字技术有限公司,北京·朝阳,1.5-3万·15薪,1-3年,本科
Java开发工程师（互联网项目）,外企德科数字技术有限公司,武汉·洪山·九峰,1.1-1.4万,5-10年,大专
Java开发工程师（互联网项目）,外企德科数字技术有限公司,武汉·洪山·九峰,1.1-1.4万,5-10年,大专
测试/前端/后端开发工程师Java/C/C++/JS/Python,外企德科数字技术有限公司,深圳·龙岗·坂田,1.4-2.8万·14薪,经验不限,本科
测试/前端/后端开发工程师Java/C/C++/JS/Python,外企德科数字技术有限公司,深圳·龙岗·坂田,1.4-2.8万·14薪,经验不限,本科
测试/前端/后端开发工程师Java/C/C++/JS/Python,外企德科数字技术有限公司,深圳·龙岗·坂田,1.4-2.8万·14薪,经验不限,本科
测试/前端/后端开发工程师Java/C/C++/JS/Python,外企德科数字技术有限公司,深圳·龙岗·坂田,1.4-2.8万·14薪,经验不限,本科
测试工程师/软件开发（C/C++、Java、Scala、Python、go，JS/前端/测试等）,外企德科数字技术有限公司,深圳·龙岗·坂田,1.2-2万·14薪,经验不限,本科
测试工程师/软件开发（C/C++、Java、Scala、Python、go，JS/前端/测试等）,外企德科数字技术有限公司,深圳·龙岗·坂田,1.2-2万·14薪,经验不限,本科
java/c++/C/Python/前端开发工程师,外企德科数字技术有限公司,南京·雨花台·雨花,1.5-3万·14薪,经验不限,本科
java/c++/C/Python/前端开发工程师,外企德科数字技术有限公司,南京·雨花台·雨花,1.5-3万·14薪,经验不限,本科
软件研发工程师,外企德科数字技术有限公司,西安·雁塔·漳浒寨,1.4-2.8万,经验不限,本科
软件研发工程师,外企德科数字技术有限公司,西安·雁塔·漳浒寨,1.4-2.8万,经验不限,本科
C/C++/Java/Python/JS软件开发/算法/数据,外企德科数字技术有限公司,杭州·滨江·长河,1.7-3万·15薪,经验不限,本科
C/C++/Java/Python/JS软件开发/算法/数据,外企德科数字技术有限公司,杭州·滨江·长河,1.7-3万·15薪,经验不限,本科
C/C++/Java/JS/Python软件开发（全国有岗 接受应届）,外企德科数字技术有限公司,长沙·岳麓·麓谷,1.5-3万·14薪,经验不限,本科
C/C++/Java/JS/Python软件开发（全国有岗 接受应届）,外企德科数字技术有限公司,长沙·岳麓·麓谷,1.5-3万·14薪,经验不限,本科
C/C++/Java/Python/JS软件开发/算法/数据,外企德科数字技术有限公司,重庆·渝中·七星岗,1.5-3万·15薪,经验不限,本科
C/C++/Java/Python/JS软件开发/算法/数据,外企德科数字技术有限公司,重庆·渝中·七星岗,1.5-3万·15薪,经验不限,本科
java后端工程师（本科）,外企德科数字技术有限公司,上海·杨浦·大桥,1.7-1.8万,3-5年,本科
java后端工程师（本科）,外企德科数字技术有限公司,上海·杨浦·大桥,1.7-1.8万,3-5年,本科
C++/C/Java/python/GO/JS/算法,外企德科数字技术有限公司,杭州·滨江·长河,1.4-2.8万·15薪,经验不限,本科
C++/C/Java/python/GO/JS/算法,外企德科数字技术有限公司,杭州·滨江·长河,1.4-2.8万·15薪,经验不限,本科
Java/Python/C/C++/Web/测试工程师,外企德科数字技术有限公司,成都·郫都·合作街道,1.4-2.8万·16薪,经验不限,本科
Java/Python/C/C++/Web/测试工程师,外企德科数字技术有限公司,成都·郫都·合作街道,1.4-2.8万·16薪,经验不限,本科
JAVA开发工程师,外企德科数字技术有限公司,杭州·滨江·长河,1.5-3万·14薪,经验不限,本科
JAVA开发工程师,外企德科数字技术有限公司,杭州·滨江·长河,1.5-3万·14薪,经验不限,本科
软件开发（不限语言）,外企德科数字技术有限公司,西安·雁塔·漳浒寨,1.3-2.4万,经验不限,本科
软件开发（不限语言）,外企德科数字技术有限公司,西安·雁塔·漳浒寨,1.3-2.4万,经验不限,本科
C/C++/Java/Python/JS软件开发/算法/数据,外企德科数字技术有限公司,北京·海淀,1.5-3万·15薪,经验不限,本科
C/C++/Java/Python/JS软件开发/算法/数据,外企德科数字技术有限公司,北京·海淀,1.5-3万·15薪,经验不限,本科
软件工程师-所有语言都有招聘（全国招聘）双休 高薪诚聘 六险一金,外企德科数字技术有限公司,苏州·工业园区,1.8-3.5万·14薪,经验不限,本科
软件工程师-所有语言都有招聘（全国招聘）双休 高薪诚聘 六险一金,外企德科数字技术有限公司,苏州·工业园区,1.8-3.5万·14薪,经验不限,本科
Java后端研发-北京,外企德科数字技术有限公司,北京·朝阳,1.5-1.8万,5-10年,大专
Java后端研发-北京,外企德科数字技术有限公司,北京·朝阳,1.5-1.8万,5-10年,大专
软件研发工程师（前后端测试均有）,外企德科数字技术有限公司,武汉·江夏·豹澥,1.8-3.5万,经验不限,本科
软件研发工程师（前后端测试均有）,外企德科数字技术有限公司,武汉·江夏·豹澥,1.8-3.5万,经验不限,本科
Java/c/c++/python/js软件开发工程师,外企德科数字技术有限公司,上海·青浦·金泽,1.4-2.8万·14薪,经验不限,本科
Java/c/c++/python/js软件开发工程师,外企德科数字技术有限公司,上海·青浦·金泽,1.4-2.8万·14薪,经验不限,本科
软件开发工程师(Java/Python/C/C++/Js),外企德科数字技术有限公司,西安·长安·郭杜,1.5-3万,经验不限,本科
软件开发工程师(Java/Python/C/C++/Js),外企德科数字技术有限公司,西安·长安·郭杜,1.5-3万,经验不限,本科
各软件岗位,外企德科数字技术有限公司,上海·浦东·金桥,2-3万·14薪,经验不限,本科
各软件岗位,外企德科数字技术有限公司,上海·浦东·金桥,2-3万·14薪,经验不限,本科
软件开发工程师（Java/C/C++/python),外企德科数字技术有限公司,上海·青浦·金泽,1.5-3万·14薪,经验不限,本科
软件开发工程师（Java/C/C++/python),外企德科数字技术有限公司,上海·青浦·金泽,1.5-3万·14薪,经验不限,本科
Java/C/C++/Python/JS 软件开发（多部门推荐）,外企德科数字技术有限公司,杭州·滨江·长河,1.8-3.5万·14薪,经验不限,本科
Java/C/C++/Python/JS 软件开发（多部门推荐）,外企德科数字技术有限公司,杭州·滨江·长河,1.8-3.5万·14薪,经验不限,本科
Java/C/C++/Python/JS 软件开发（多部门推荐）,外企德科数字技术有限公司,杭州·滨江·长河,1.8-3.5万·14薪,经验不限,本科
Java/C/C++/Python/JS 软件开发（多部门推荐）,外企德科数字技术有限公司,杭州·滨江·长河,1.8-3.5万·14薪,经验不限,本科
软件开发工程师,外企德科数字技术有限公司,杭州·滨江·长河,1.2-2.4万·14薪,经验不限,本科
软件开发工程师,外企德科数字技术有限公司,杭州·滨江·长河,1.2-2.4万·14薪,经验不限,本科
Java/C/C++/Python/前端/测试（接受应届）,外企德科数字技术有限公司,成都·郫都·合作街道,1.3-2.6万·14薪,经验不限,本科
Java/C/C++/Python/前端/测试（接受应届）,外企德科数字技术有限公司,成都·郫都·合作街道,1.3-2.6万·14薪,经验不限,本科
后/前端开发、测试【24/25/无经验也可投】接受java、c＋＋、js不限语言,外企德科数字技术有限公司,西安·雁塔·漳浒寨,1.5-3万·14薪,经验不限,本科
后/前端开发、测试【24/25/无经验也可投】接受java、c＋＋、js不限语言,外企德科数字技术有限公司,西安·雁塔·漳浒寨,1.5-3万·14薪,经验不限,本科
后/前端开发、测试【24/25/无经验也可投】接受java、c＋＋、js不限语言,外企德科数字技术有限公司,深圳·龙岗·坂田,1.5-3万·14薪,经验不限,本科
后/前端开发、测试【24/25/无经验也可投】接受java、c＋＋、js不限语言,外企德科数字技术有限公司,深圳·龙岗·坂田,1.5-3万·14薪,经验不限,本科
软件开发工程师（双休 导师带教 可接受25届应届生）,外企德科数字技术有限公司,南京·雨花台·雨花,1.3-2.6万·14薪,经验不限,本科
软件开发工程师（双休 导师带教 可接受25届应届生）,外企德科数字技术有限公司,南京·雨花台·雨花,1.3-2.6万·14薪,经验不限,本科
软件开发工程师（双休 导师带教 可接受25届应届生）,外企德科数字技术有限公司,武汉·江夏·豹澥,1.3-2.6万·14薪,经验不限,本科
软件开发工程师（双休 导师带教 可接受25届应届生）,外企德科数字技术有限公司,武汉·江夏·豹澥,1.3-2.6万·14薪,经验不限,本科
软件开发工程师（双休 导师带教 可接受25届应届生）,外企德科数字技术有限公司,西安·雁塔·漳浒寨,1.3-2.6万·14薪,经验不限,本科
软件开发工程师（双休 导师带教 可接受25届应届生）,外企德科数字技术有限公司,西安·雁塔·漳浒寨,1.3-2.6万·14薪,经验不限,本科
字节od Java后端开发,外企德科数字技术有限公司,北京·朝阳,1.5-3万·15薪,经验不限,本科
字节od Java后端开发,外企德科数字技术有限公司,北京·朝阳,1.5-3万·15薪,经验不限,本科
Java/Python/C/C++/数开/测试/算法/前端岗,外企德科数字技术有限公司,深圳·龙岗·坂田,1.5-3万·14薪,经验不限,本科
Java/Python/C/C++/数开/测试/算法/前端岗,外企德科数字技术有限公司,深圳·龙岗·坂田,1.5-3万·14薪,经验不限,本科
C/C++/Java/JS/Python软件开发（全国有岗 接受应届）,外企德科数字技术有限公司,武汉·江夏·豹澥,1.5-3万·14薪,经验不限,本科
C/C++/Java/JS/Python软件开发（全国有岗 接受应届）,外企德科数字技术有限公司,武汉·江夏·豹澥,1.5-3万·14薪,经验不限,本科
研发工程师,外企德科数字技术有限公司,苏州·虎丘,1.8-3.5万·14薪,经验不限,本科
研发工程师,外企德科数字技术有限公司,苏州·虎丘,1.8-3.5万·14薪,经验不限,本科
Java/Python/C/C++/Web/测试工程师,外企德科数字技术有限公司,武汉·江夏·豹澥,1.4-2.8万·16薪,经验不限,本科
Java/Python/C/C++/Web/测试工程师,外企德科数字技术有限公司,武汉·江夏·豹澥,1.4-2.8万·16薪,经验不限,本科
java/Python/C/C++/JS/AI算法/软件测试,外企德科数字技术有限公司,南京·雨花台·铁心桥,2-4万·14薪,经验不限,本科
java/Python/C/C++/JS/AI算法/软件测试,外企德科数字技术有限公司,南京·雨花台·铁心桥,2-4万·14薪,经验不限,本科
研发工程师,外企德科数字技术有限公司,杭州·滨江·长河,1.8-3.5万·14薪,经验不限,本科
研发工程师,外企德科数字技术有限公司,杭州·滨江·长河,1.8-3.5万·14薪,经验不限,本科
毕业1年内应届生-无经验跨专业可投 通用开发岗,外企德科数字技术有限公司,西安·雁塔·漳浒寨,1.7-3万,经验不限,本科
毕业1年内应届生-无经验跨专业可投 通用开发岗,外企德科数字技术有限公司,西安·雁塔·漳浒寨,1.7-3万,经验不限,本科
前端软件开发工程师,外企德科数字技术有限公司,北京·朝阳·东湖,1.7-1.8万,3-5年,本科
前端软件开发工程师,外企德科数字技术有限公司,北京·朝阳·东湖,1.7-1.8万,3-5年,本科
软件工程师,外企德科数字技术有限公司,深圳·龙岗·坂田,1.5-2.5万·14薪,经验不限,本科
软件工程师,外企德科数字技术有限公司,深圳·龙岗·坂田,1.5-2.5万·14薪,经验不限,本科
java软件开发工程师,外企德科数字技术有限公司,武汉·江夏·豹澥,1.2-2.4万·14薪,经验不限,本科
java软件开发工程师,外企德科数字技术有限公司,武汉·江夏·豹澥,1.2-2.4万·14薪,经验不限,本科
软件开发工程师,外企德科数字技术有限公司,深圳·龙岗·坂田,1.2-2.4万·14薪,经验不限,本科
软件开发工程师,外企德科数字技术有限公司,深圳·龙岗·坂田,1.2-2.4万·14薪,经验不限,本科
前端开发（全国安排，接受无经验应届生，带薪年假，全额五险一金）,外企德科数字技术有限公司,武汉·江夏·豹澥,1.2-2.1万·14薪,经验不限,本科
前端开发（全国安排，接受无经验应届生，带薪年假，全额五险一金）,外企德科数字技术有限公司,武汉·江夏·豹澥,1.2-2.1万·14薪,经验不限,本科
前端开发（全国安排，接受无经验应届生，带薪年假，全额五险一金）,外企德科数字技术有限公司,武汉·江夏·豹澥,1.2-2.1万·14薪,经验不限,本科
前端开发（全国安排，接受无经验应届生，带薪年假，全额五险一金）,外企德科数字技术有限公司,武汉·江夏·豹澥,1.2-2.1万·14薪,经验不限,本科
Java/python/JS/C++/C#\开发测试，均有岗位在招聘,外企德科数字技术有限公司,深圳·龙岗·坂田,1.5-3万,无经验,本科
Java/python/JS/C++/C#\开发测试，均有岗位在招聘,外企德科数字技术有限公司,深圳·龙岗·坂田,1.5-3万,无经验,本科
Java/C/C++/Python/JS 软件开发（多部门推荐）,外企德科数字技术有限公司,北京·海淀·花园路,1.8-3.5万·14薪,经验不限,本科
Java/C/C++/Python/JS 软件开发（多部门推荐）,外企德科数字技术有限公司,北京·海淀·花园路,1.8-3.5万·14薪,经验不限,本科
软件开发（语言全部涵盖 流程快 岗位多）,外企德科数字技术有限公司,成都·郫都·合作街道,1.5-2.8万·14薪,经验不限,本科
软件开发（语言全部涵盖 流程快 岗位多）,外企德科数字技术有限公司,成都·郫都·合作街道,1.5-2.8万·14薪,经验不限,本科
Java/C/C++/Python/前端/测试（接受应届）,外企德科数字技术有限公司,西安·雁塔·漳浒寨,1.4-2.8万·14薪,经验不限,本科
Java/C/C++/Python/前端/测试（接受应届）,外企德科数字技术有限公司,西安·雁塔·漳浒寨,1.4-2.8万·14薪,经验不限,本科
后/前端开发、测试【24/25/无经验也可投】接受java、c＋＋、js不限语言,外企德科数字技术有限公司,北京·海淀,1.5-3万·14薪,经验不限,本科
后/前端开发、测试【24/25/无经验也可投】接受java、c＋＋、js不限语言,外企德科数字技术有限公司,北京·海淀,1.5-3万·14薪,经验不限,本科
软件岗（Java/Python/C/C++/软测/嵌入式等）,外企德科数字技术有限公司,成都·郫都·合作街道,1.4-2.8万·14薪,经验不限,本科
软件岗（Java/Python/C/C++/软测/嵌入式等）,外企德科数字技术有限公司,成都·郫都·合作街道,1.4-2.8万·14薪,经验不限,本科
软件开发工程师（双休 导师带教 接受25届应届生）,外企德科数字技术有限公司,苏州·工业园区,1.3-2.6万·14薪,经验不限,本科
软件开发工程师（双休 导师带教 接受25届应届生）,外企德科数字技术有限公司,苏州·工业园区,1.3-2.6万·14薪,经验不限,本科
Java开发（统招本）,外企德科数字技术有限公司,武汉·洪山·关山,1.2-1.4万,3-5年,本科
Java开发（统招本）,外企德科数字技术有限公司,武汉·洪山·关山,1.2-1.4万,3-5年,本科
C/C++/python/js/GO/测试（所有语言都有招聘）,外企德科数字技术有限公司,上海·青浦·金泽,1.3-2.6万·14薪,经验不限,本科
C/C++/python/js/GO/测试（所有语言都有招聘）,外企德科数字技术有限公司,上海·青浦·金泽,1.3-2.6万·14薪,经验不限,本科
软件工程师（底软/后端/嵌入式开发为主，前端开发/算法/测试少量）,外企德科数字技术有限公司,成都·郫都·合作街道,1.2-2.4万·14薪,1-3年,本科
软件工程师（底软/后端/嵌入式开发为主，前端开发/算法/测试少量）,外企德科数字技术有限公司,成都·郫都·合作街道,1.2-2.4万·14薪,1-3年,本科
Java/Python/C/C++/测试/算法/前端岗,外企德科数字技术有限公司,深圳·龙岗·坂田,1.2-2.4万·14薪,经验不限,本科
Java/Python/C/C++/测试/算法/前端岗,外企德科数字技术有限公司,深圳·龙岗·坂田,1.2-2.4万·14薪,经验不限,本科
JAVA/C++/C/Python 14薪双休 应届生可投,外企德科数字技术有限公司,东莞·南城街道,1.5-3万,经验不限,本科
JAVA/C++/C/Python 14薪双休 应届生可投,外企德科数字技术有限公司,东莞·南城街道,1.5-3万,经验不限,本科
JAVA/C++/C/Python 14薪双休 应届生可投,外企德科数字技术有限公司,杭州·上城·湖滨,1.5-3万,经验不限,本科
JAVA/C++/C/Python 14薪双休 应届生可投,外企德科数字技术有限公司,杭州·上城·湖滨,1.5-3万,经验不限,本科
JAVA/JS/C/C++/Python/go/测试,外企德科数字技术有限公司,上海·浦东·金桥,1.5-3万·14薪,经验不限,本科
JAVA/JS/C/C++/Python/go/测试,外企德科数字技术有限公司,上海·浦东·金桥,1.5-3万·14薪,经验不限,本科
软件开发工程师,外企德科数字技术有限公司,南京·雨花台·铁心桥,1.5-3万·14薪,经验不限,本科
软件开发工程师,外企德科数字技术有限公司,南京·雨花台·铁心桥,1.5-3万·14薪,经验不限,本科
软件工程（Java/js/C/C++/Python）六险一金,外企德科数字技术有限公司,上海·青浦·金泽,1.4-2.8万·14薪,经验不限,本科
软件工程（Java/js/C/C++/Python）六险一金,外企德科数字技术有限公司,上海·青浦·金泽,1.4-2.8万·14薪,经验不限,本科
Java/C/C++/Python/前端/测试（接受应届）,外企德科数字技术有限公司,深圳·龙岗·坂田,1.2-1.3万·14薪,经验不限,本科
Java/C/C++/Python/前端/测试（接受应届）,外企德科数字技术有限公司,深圳·龙岗·坂田,1.2-1.3万·14薪,经验不限,本科
Java/C/C++/Python/Go开发工程师,外企德科数字技术有限公司,成都·郫都·合作街道,1.3-2.6万,3-5年,本科
Java/C/C++/Python/Go开发工程师,外企德科数字技术有限公司,成都·郫都·合作街道,1.3-2.6万,3-5年,本科
JAVA /C++/js/Python/测试开发工程师（接受应届，导师带教）,外企德科数字技术有限公司,深圳·龙岗·坂田,1.5-3万·14薪,经验不限,本科
JAVA /C++/js/Python/测试开发工程师（接受应届，导师带教）,外企德科数字技术有限公司,深圳·龙岗·坂田,1.5-3万·14薪,经验不限,本科
软件开发工程师,外企德科数字技术有限公司,南京·雨花台·雨花,1.2-2.4万·14薪,经验不限,本科
软件开发工程师,外企德科数字技术有限公司,南京·雨花台·雨花,1.2-2.4万·14薪,经验不限,本科
软件开发工程师,外企德科数字技术有限公司,南京·雨花台·雨花,1.2-2.4万·14薪,经验不限,本科
软件开发工程师,外企德科数字技术有限公司,南京·雨花台·雨花,1.2-2.4万·14薪,经验不限,本科
软件通用岗位【零经验+考研失败】全国可选,外企德科数字技术有限公司,东莞·大朗镇,1.5-2.7万·14薪,经验不限,本科
软件通用岗位【零经验+考研失败】全国可选,外企德科数字技术有限公司,东莞·大朗镇,1.5-2.7万·14薪,经验不限,本科
测试/前端/后端开发工程师Java/C/C++/Python,外企德科数字技术有限公司,上海·浦东·金桥,1.5-2.8万·14薪,经验不限,本科
测试/前端/后端开发工程师Java/C/C++/Python,外企德科数字技术有限公司,上海·浦东·金桥,1.5-2.8万·14薪,经验不限,本科
后端开发（应届生可投，全额五险一金，全国安排，14薪）,外企德科数字技术有限公司,武汉·江夏·豹澥,1.3-2.4万·14薪,无经验,本科
后端开发（应届生可投，全额五险一金，全国安排，14薪）,外企德科数字技术有限公司,武汉·江夏·豹澥,1.3-2.4万·14薪,无经验,本科
毕业1年内应届生-无经验跨专业可投开发岗,外企德科数字技术有限公司,北京·海淀,1.2-1.3万,经验不限,本科
毕业1年内应届生-无经验跨专业可投开发岗,外企德科数字技术有限公司,北京·海淀,1.2-1.3万,经验不限,本科
后/前端开发、测试【24/25/无经验也可投】接受java、c＋＋、js不限语言,外企德科数字技术有限公司,成都·郫都·合作街道,1.5-3万·14薪,经验不限,本科
后/前端开发、测试【24/25/无经验也可投】接受java、c＋＋、js不限语言,外企德科数字技术有限公司,成都·郫都·合作街道,1.5-3万·14薪,经验不限,本科
软件开发（双休、有导师带教、接受25届无经验）,外企德科数字技术有限公司,深圳·龙岗·坂田,1.3-2.6万·15薪,经验不限,本科
软件开发（双休、有导师带教、接受25届无经验）,外企德科数字技术有限公司,深圳·龙岗·坂田,1.3-2.6万·15薪,经验不限,本科
软件开发（语言全部涵盖 流程快 岗位多）,外企德科数字技术有限公司,杭州·滨江·长河,1.5-2.8万·14薪,经验不限,本科
软件开发（语言全部涵盖 流程快 岗位多）,外企德科数字技术有限公司,杭州·滨江·长河,1.5-2.8万·14薪,经验不限,本科
软件开发工程师（双休 导师带教 可接受25届应届生）,外企德科数字技术有限公司,深圳·龙岗·坂田,1.3-2.6万·14薪,经验不限,本科
软件开发工程师（双休 导师带教 可接受25届应届生）,外企德科数字技术有限公司,深圳·龙岗·坂田,1.3-2.6万·14薪,经验不限,本科
软件工程师（线上面试，全国有岗）,外企德科数字技术有限公司,西安·雁塔·漳浒寨,1.5-2.5万·14薪,经验不限,本科
软件工程师（线上面试，全国有岗）,外企德科数字技术有限公司,西安·雁塔·漳浒寨,1.5-2.5万·14薪,经验不限,本科
软件开发工程师,外企德科数字技术有限公司,东莞·大朗镇,1.5-3万,经验不限,本科
软件开发工程师,外企德科数字技术有限公司,东莞·大朗镇,1.5-3万,经验不限,本科
测试\开发\ai\JS\机器学习\接受无经验\双休,外企德科数字技术有限公司,武汉·江夏·豹澥,1.6-3万·14薪,1-3年,本科
测试\开发\ai\JS\机器学习\接受无经验\双休,外企德科数字技术有限公司,武汉·江夏·豹澥,1.6-3万·14薪,1-3年,本科
java软件开发工程师,外企德科数字技术有限公司,成都·郫都·合作街道,1.7-2.5万,经验不限,本科
java软件开发工程师,外企德科数字技术有限公司,成都·郫都·合作街道,1.7-2.5万,经验不限,本科
java开发高级工程师,外企德科数字技术有限公司,北京·朝阳·东湖,1.7-1.8万,5-10年,本科
java开发高级工程师,外企德科数字技术有限公司,北京·朝阳·东湖,1.7-1.8万,5-10年,本科
软件研发工程师（有Java、C、C++、Python、go、JS等）,外企德科数字技术有限公司,成都·郫都·合作街道,1.2-2.4万·14薪,经验不限,本科
软件研发工程师（有Java、C、C++、Python、go、JS等）,外企德科数字技术有限公司,成都·郫都·合作街道,1.2-2.4万·14薪,经验不限,本科
Java/C/C++/Python/js/软测,外企德科数字技术有限公司,深圳·龙岗·坂田,1.5-3万·14薪,经验不限,学历不限
Java/C/C++/Python/js/软测,外企德科数字技术有限公司,深圳·龙岗·坂田,1.5-3万·14薪,经验不限,学历不限
Java/C/C++/JS/python/测试/运维开发/数据（接受24届无经验、考研断档）,外企德科数字技术有限公司,南京·雨花台·雨花,1.7-3万·14薪,经验不限,本科
Java/C/C++/JS/python/测试/运维开发/数据（接受24届无经验、考研断档）,外企德科数字技术有限公司,南京·雨花台·雨花,1.7-3万·14薪,经验不限,本科
研发工程师,外企德科数字技术有限公司,上海·浦东·金桥,1.8-3.5万·14薪,经验不限,本科
研发工程师,外企德科数字技术有限公司,上海·浦东·金桥,1.8-3.5万·14薪,经验不限,本科
Java开发工程师（可接受小白）,外企德科数字技术有限公司,南京·雨花台·雨花,1.5-3万·14薪,经验不限,本科
Java开发工程师（可接受小白）,外企德科数字技术有限公司,南京·雨花台·雨花,1.5-3万·14薪,经验不限,本科
前端后端开发测试招聘（java/C/js/python）,外企德科数字技术有限公司,上海·青浦·金泽,1.6-3万·14薪,经验不限,本科
前端后端开发测试招聘（java/C/js/python）,外企德科数字技术有限公司,上海·青浦·金泽,1.6-3万·14薪,经验不限,本科
java\python\c\c++\go\js(双休五险一金年终奖),外企德科数字技术有限公司,上海·青浦·金泽,1.5-3万·14薪,经验不限,本科
java\python\c\c++\go\js(双休五险一金年终奖),外企德科数字技术有限公司,上海·青浦·金泽,1.5-3万·14薪,经验不限,本科
java\python\c\c++\go\js(双休五险一金年终奖),外企德科数字技术有限公司,上海·青浦·金泽,1.5-3万·14薪,经验不限,本科
java\python\c\c++\go\js(双休五险一金年终奖),外企德科数字技术有限公司,上海·青浦·金泽,1.5-3万·14薪,经验不限,本科
Java/Python/C/C++/测试/算法/前端岗,外企德科数字技术有限公司,上海·浦东·金桥,1.2-2.4万·14薪,经验不限,本科
Java/Python/C/C++/测试/算法/前端岗,外企德科数字技术有限公司,上海·浦东·金桥,1.2-2.4万·14薪,经验不限,本科
JAVA/JS/C/C++/Python/go/测试,外企德科数字技术有限公司,南京·雨花台·雨花,1.5-3万·14薪,经验不限,本科
JAVA/JS/C/C++/Python/go/测试,外企德科数字技术有限公司,南京·雨花台·雨花,1.5-3万·14薪,经验不限,本科
软件开发（双休、有导师带教、接受25届无经验）,外企德科数字技术有限公司,南京·雨花台·雨花,1.3-2.6万·15薪,经验不限,本科
软件开发（双休、有导师带教、接受25届无经验）,外企德科数字技术有限公司,南京·雨花台·雨花,1.3-2.6万·15薪,经验不限,本科
前端开发,外企德科数字技术有限公司,南京·雨花台·雨花,1.2-2万·14薪,经验不限,本科
前端开发,外企德科数字技术有限公司,南京·雨花台·雨花,1.2-2万·14薪,经验不限,本科
Java开发工程师/大厂自研核心自研项目,外企德科数字技术有限公司,北京·海淀,1.6-2.5万·14薪,1-3年,本科
Java开发工程师/大厂自研核心自研项目,外企德科数字技术有限公司,北京·海淀,1.6-2.5万·14薪,1-3年,本科
JAVA/C++/JS/python/GO等通用开发工程师,外企德科数字技术有限公司,上海·浦东·金桥,1.5-3万·14薪,经验不限,本科
JAVA/C++/JS/python/GO等通用开发工程师,外企德科数字技术有限公司,上海·浦东·金桥,1.5-3万·14薪,经验不限,本科
java、C/C++、js、python等后端开发,外企德科数字技术有限公司,合肥·蜀山·荷叶地,1.4-2.8万·16薪,经验不限,本科
java、C/C++、js、python等后端开发,外企德科数字技术有限公司,合肥·蜀山·荷叶地,1.4-2.8万·16薪,经验不限,本科
java开发软件工程师,外企德科数字技术有限公司,杭州·滨江·长河,1.5-3万·15薪,经验不限,本科
java开发软件工程师,外企德科数字技术有限公司,杭州·滨江·长河,1.5-3万·15薪,经验不限,本科
java/c++/C/Python/前端开发工程师,外企德科数字技术有限公司,东莞·大朗镇,1.5-3万·14薪,经验不限,本科
java/c++/C/Python/前端开发工程师,外企德科数字技术有限公司,东莞·大朗镇,1.5-3万·14薪,经验不限,本科
软件工程师（底软/后端/嵌入式开发为主，前端开发/算法/测试少量）,外企德科数字技术有限公司,杭州·滨江·长河,1.2-2.4万·14薪,1-3年,本科
软件工程师（底软/后端/嵌入式开发为主，前端开发/算法/测试少量）,外企德科数字技术有限公司,杭州·滨江·长河,1.2-2.4万·14薪,1-3年,本科
java开发软件工程师,外企德科数字技术有限公司,西安·雁塔·漳浒寨,1.5-3万·15薪,经验不限,本科
java开发软件工程师,外企德科数字技术有限公司,西安·雁塔·漳浒寨,1.5-3万·15薪,经验不限,本科
java/python/c/c++ 应届可培养,外企德科数字技术有限公司,深圳·龙岗·坂田,1.6-2.4万·16薪,经验不限,本科
java/python/c/c++ 应届可培养,外企德科数字技术有限公司,深圳·龙岗·坂田,1.6-2.4万·16薪,经验不限,本科
C/C++、Java、Scala、Python、JS等后端开发,外企德科数字技术有限公司,杭州·滨江·长河,1.7-3万·16薪,经验不限,本科
C/C++、Java、Scala、Python、JS等后端开发,外企德科数字技术有限公司,杭州·滨江·长河,1.7-3万·16薪,经验不限,本科
通用软件开发/测试工程师,外企德科数字技术有限公司,上海·浦东·金桥,2-4万·14薪,无经验,本科
通用软件开发/测试工程师,外企德科数字技术有限公司,上海·浦东·金桥,2-4万·14薪,无经验,本科
前端开发工程师,外企德科数字技术有限公司,北京·朝阳·东湖,1.1-1.8万,3-5年,本科
前端开发工程师,外企德科数字技术有限公司,北京·朝阳·东湖,1.1-1.8万,3-5年,本科
Java/C/C++/Python/Go开发工程师,外企德科数字技术有限公司,武汉·江夏·豹澥,1.3-2.6万,1-3年,本科
Java/C/C++/Python/Go开发工程师,外企德科数字技术有限公司,武汉·江夏·豹澥,1.3-2.6万,1-3年,本科
软件开发（语言全部涵盖 流程快 岗位多）,外企德科数字技术有限公司,深圳·龙岗·坂田,1.5-2.8万·14薪,经验不限,本科
软件开发（语言全部涵盖 流程快 岗位多）,外企德科数字技术有限公司,深圳·龙岗·坂田,1.5-2.8万·14薪,经验不限,本科
软件开发（语言全部涵盖 流程快 岗位多）,外企德科数字技术有限公司,南京·雨花台·雨花,1.5-2.8万·14薪,经验不限,本科
软件开发（语言全部涵盖 流程快 岗位多）,外企德科数字技术有限公司,南京·雨花台·雨花,1.5-2.8万·14薪,经验不限,本科
软件开发（双休、有导师带教、接受25届无经验）,外企德科数字技术有限公司,上海·浦东·金桥,1.3-2.6万·15薪,经验不限,本科
软件开发（双休、有导师带教、接受25届无经验）,外企德科数字技术有限公司,上海·浦东·金桥,1.3-2.6万·15薪,经验不限,本科
软件开发工程师,外企德科数字技术有限公司,成都·郫都·合作街道,1.5-3万,经验不限,本科
软件开发工程师,外企德科数字技术有限公司,成都·郫都·合作街道,1.5-3万,经验不限,本科
软件开发工程师,外企德科数字技术有限公司,成都·郫都·合作街道,1.5-3万,经验不限,本科
软件开发工程师,外企德科数字技术有限公司,成都·郫都·合作街道,1.5-3万,经验不限,本科
软件测试工程师,外企德科数字技术有限公司,深圳·龙岗·坂田,1.2-2.4万,经验不限,本科
软件测试工程师,外企德科数字技术有限公司,深圳·龙岗·坂田,1.2-2.4万,经验不限,本科
java/C++软件开发工程师,外企德科数字技术有限公司,东莞·大朗镇,1.2-2.3万,经验不限,本科
java/C++软件开发工程师,外企德科数字技术有限公司,东莞·大朗镇,1.2-2.3万,经验不限,本科
java开发/CPP/C/软件测试（接受0经验转行 考研失败）,外企德科数字技术有限公司,苏州·工业园区,1.3-2.6万·14薪,经验不限,本科
java开发/CPP/C/软件测试（接受0经验转行 考研失败）,外企德科数字技术有限公司,苏州·工业园区,1.3-2.6万·14薪,经验不限,本科
Java/JS/Python/算法/C/C++工程师,外企德科数字技术有限公司,南京·雨花台·雨花,1.2-2.4万·14薪,经验不限,本科
Java/JS/Python/算法/C/C++工程师,外企德科数字技术有限公司,南京·雨花台·雨花,1.2-2.4万·14薪,经验不限,本科
JAVA/ Python/C/C++/GO/数据开发,外企德科数字技术有限公司,上海·浦东·金桥,1.7-3万,经验不限,本科
JAVA/ Python/C/C++/GO/数据开发,外企德科数字技术有限公司,上海·浦东·金桥,1.7-3万,经验不限,本科
C/C++/Java/JS/Python软件开发（全国有岗 接受应届）,外企德科数字技术有限公司,西安·雁塔·漳浒寨,1.5-3万·14薪,经验不限,本科
C/C++/Java/JS/Python软件开发（全国有岗 接受应届）,外企德科数字技术有限公司,西安·雁塔·漳浒寨,1.5-3万·14薪,经验不限,本科
Java/C/C++/Python/Go开发工程师,外企德科数字技术有限公司,西安·雁塔·漳浒寨,1.3-2.6万·14薪,经验不限,本科
Java/C/C++/Python/Go开发工程师,外企德科数字技术有限公司,西安·雁塔·漳浒寨,1.3-2.6万·14薪,经验不限,本科
前端开发工程师（TOP本地生活服务）,外企德科数字技术有限公司,北京·朝阳·东湖,1.7-1.8万,3-5年,本科
前端开发工程师（TOP本地生活服务）,外企德科数字技术有限公司,北京·朝阳·东湖,1.7-1.8万,3-5年,本科
软件开发/软件测试,外企德科数字技术有限公司,南京·雨花台·雨花,1-1.5万·14薪,经验不限,本科
软件开发/软件测试,外企德科数字技术有限公司,南京·雨花台·雨花,1-1.5万·14薪,经验不限,本科
软件开发工程师（Java/C/C++/python),外企德科数字技术有限公司,成都·郫都·合作街道,1.5-3万·14薪,经验不限,本科
软件开发工程师（Java/C/C++/python),外企德科数字技术有限公司,成都·郫都·合作街道,1.5-3万·14薪,经验不限,本科
软件开发工程师,外企德科数字技术有限公司,西安·雁塔·漳浒寨,1.2-2.4万,经验不限,本科
软件开发工程师,外企德科数字技术有限公司,西安·雁塔·漳浒寨,1.2-2.4万,经验不限,本科
Java/C/C++/Python/JS 软件开发测试工程师,外企德科数字技术有限公司,长沙·岳麓·麓谷,1.5-2.8万·14薪,经验不限,本科
Java/C/C++/Python/JS 软件开发测试工程师,外企德科数字技术有限公司,长沙·岳麓·麓谷,1.5-2.8万·14薪,经验不限,本科
web前端开发工程师,外企德科数字技术有限公司,武汉·江夏·豹澥,1.5-2.5万,经验不限,本科
web前端开发工程师,外企德科数字技术有限公司,武汉·江夏·豹澥,1.5-2.5万,经验不限,本科
软件开发工程师,外企德科数字技术有限公司,北京·海淀,1.2-2.4万·14薪,经验不限,本科
软件开发工程师,外企德科数字技术有限公司,北京·海淀,1.2-2.4万·14薪,经验不限,本科
Java/Python/C/C++/测试/算法/前端岗,外企德科数字技术有限公司,苏州·工业园区,1.2-2.4万·14薪,经验不限,本科
Java/Python/C/C++/测试/算法/前端岗,外企德科数字技术有限公司,苏州·工业园区,1.2-2.4万·14薪,经验不限,本科
软件开发工程师（Java/C/C++/python),外企德科数字技术有限公司,苏州·工业园区,1.5-3万·14薪,经验不限,本科
软件开发工程师（Java/C/C++/python),外企德科数字技术有限公司,苏州·工业园区,1.5-3万·14薪,经验不限,本科
急招各种开发类语言（全额五险一金+16薪）,外企德科数字技术有限公司,上海·浦东·金桥,1.5-3万·14薪,经验不限,本科
急招各种开发类语言（全额五险一金+16薪）,外企德科数字技术有限公司,上海·浦东·金桥,1.5-3万·14薪,经验不限,本科
前端/后端/全栈开发工程师,外企德科数字技术有限公司,深圳·龙岗·坂田,1.3-2.5万·14薪,经验不限,本科
前端/后端/全栈开发工程师,外企德科数字技术有限公司,深圳·龙岗·坂田,1.3-2.5万·14薪,经验不限,本科
软件开发工程师（全国有岗，导师带教，五险一金）,外企德科数字技术有限公司,上海·青浦·金泽,1.5-2.7万·14薪,经验不限,本科
软件开发工程师（全国有岗，导师带教，五险一金）,外企德科数字技术有限公司,上海·青浦·金泽,1.5-2.7万·14薪,经验不限,本科
测试/前端/后端开发工程师Java/C/C++/Python,外企德科数字技术有限公司,长沙·开福·月湖,1.5-2.8万·14薪,经验不限,本科
测试/前端/后端开发工程师Java/C/C++/Python,外企德科数字技术有限公司,长沙·开福·月湖,1.5-2.8万·14薪,经验不限,本科
测试/前端/后端开发工程师Java/C/C++/Python,外企德科数字技术有限公司,长沙·开福·月湖,1.5-2.8万·14薪,经验不限,本科
测试/前端/后端开发工程师Java/C/C++/Python,外企德科数字技术有限公司,长沙·开福·月湖,1.5-2.8万·14薪,经验不限,本科
c/c++/java/python开发/测试【base北京】,外企德科数字技术有限公司,北京·海淀·上地,1.2-1.8万·14薪,经验不限,本科
c/c++/java/python开发/测试【base北京】,外企德科数字技术有限公司,北京·海淀·上地,1.2-1.8万·14薪,经验不限,本科
c/c++/java/python开发/测试【base武汉】,外企德科数字技术有限公司,武汉·江夏·豹澥,1.2-1.8万·14薪,经验不限,本科
c/c++/java/python开发/测试【base武汉】,外企德科数字技术有限公司,武汉·江夏·豹澥,1.2-1.8万·14薪,经验不限,本科
C/C++/Java/JS/Python/Go软件开发【全国有岗位 可接受应届】,外企德科数字技术有限公司,杭州·滨江·西兴,1.5-3万·14薪,经验不限,本科
C/C++/Java/JS/Python/Go软件开发【全国有岗位 可接受应届】,外企德科数字技术有限公司,杭州·滨江·西兴,1.5-3万·14薪,经验不限,本科
Java/C/C++/JS/python/测试/运维开发/数据（接受24届无经验、考研断档）,外企德科数字技术有限公司,杭州·滨江·长河,1.7-3万·14薪,经验不限,本科
Java/C/C++/JS/python/测试/运维开发/数据（接受24届无经验、考研断档）,外企德科数字技术有限公司,杭州·滨江·长河,1.7-3万·14薪,经验不限,本科
前端/Java/Python/C/C++/go开发工程师,外企德科数字技术有限公司,合肥·蜀山·笔架山,2-4万·14薪,经验不限,本科
前端/Java/Python/C/C++/go开发工程师,外企德科数字技术有限公司,合肥·蜀山·笔架山,2-4万·14薪,经验不限,本科
java软件开发工程师,外企德科数字技术有限公司,西安·雁塔·漳浒寨,1-2万·16薪,经验不限,本科
java软件开发工程师,外企德科数字技术有限公司,西安·雁塔·漳浒寨,1-2万·16薪,经验不限,本科
软件开发通用岗位【零经验+考研失败】,外企德科数字技术有限公司,成都·郫都·合作街道,1.5-3万,经验不限,本科
软件开发通用岗位【零经验+考研失败】,外企德科数字技术有限公司,成都·郫都·合作街道,1.5-3万,经验不限,本科
软件开发工程师【接受24届无经验】,外企德科数字技术有限公司,苏州·工业园区,1.6-3万·16薪,经验不限,本科
软件开发工程师【接受24届无经验】,外企德科数字技术有限公司,苏州·工业园区,1.6-3万·16薪,经验不限,本科
java软件开发工程师,外企德科数字技术有限公司,北京·朝阳·大屯,1.6-1.8万,3-5年,本科
java软件开发工程师,外企德科数字技术有限公司,北京·朝阳·大屯,1.6-1.8万,3-5年,本科
C++/C/Java/python/GO/JS/算法（所有语言都有招聘）,外企德科数字技术有限公司,武汉·江夏·豹澥,1.3-2.6万·15薪,经验不限,本科
C++/C/Java/python/GO/JS/算法（所有语言都有招聘）,外企德科数字技术有限公司,武汉·江夏·豹澥,1.3-2.6万·15薪,经验不限,本科
软件开发工程师【接受无经验+ 导师带教】,外企德科数字技术有限公司,西安·雁塔·漳浒寨,1.4-2.8万·14薪,经验不限,本科
软件开发工程师【接受无经验+ 导师带教】,外企德科数字技术有限公司,西安·雁塔·漳浒寨,1.4-2.8万·14薪,经验不限,本科
软件开发工程师(Java/Python/C/C++/Js),外企德科数字技术有限公司,上海·青浦·金泽,1.5-3万,经验不限,本科
软件开发工程师(Java/Python/C/C++/Js),外企德科数字技术有限公司,上海·青浦·金泽,1.5-3万,经验不限,本科
月薪15-35k/java/c++/python后端开发/,外企德科数字技术有限公司,上海·青浦·金泽,1.5-3万·14薪,经验不限,本科
月薪15-35k/java/c++/python后端开发/,外企德科数字技术有限公司,上海·青浦·金泽,1.5-3万·14薪,经验不限,本科
Java/c/c++/python/js软件开发工程师,外企德科数字技术有限公司,武汉·江夏·豹澥,1.4-2.8万·14薪,经验不限,本科
Java/c/c++/python/js软件开发工程师,外企德科数字技术有限公司,武汉·江夏·豹澥,1.4-2.8万·14薪,经验不限,本科
JAVA/C/C++/Python/go/web开发工程师 全国岗14薪，全额社保公积金 应届生/考研/考公失败可投,外企德科数字技术有限公司,北京·海淀·上地,1.5-3万·14薪,经验不限,本科
JAVA/C/C++/Python/go/web开发工程师 全国岗14薪，全额社保公积金 应届生/考研/考公失败可投,外企德科数字技术有限公司,北京·海淀·上地,1.5-3万·14薪,经验不限,本科
Java/C/C++/Python/Go开发工程师,外企德科数字技术有限公司,南京·雨花台·雨花,1.3-2.6万,1-3年,本科
Java/C/C++/Python/Go开发工程师,外企德科数字技术有限公司,南京·雨花台·雨花,1.3-2.6万,1-3年,本科
Java/Python/C/C++/测试/算法/前端岗,外企德科数字技术有限公司,西安·雁塔·漳浒寨,1.2-2.4万·14薪,经验不限,本科
Java/Python/C/C++/测试/算法/前端岗,外企德科数字技术有限公司,西安·雁塔·漳浒寨,1.2-2.4万·14薪,经验不限,本科
Java/C/C++/Python/前端/测试（接受应届）,外企德科数字技术有限公司,苏州·工业园区,1.6-2.6万·14薪,经验不限,本科
Java/C/C++/Python/前端/测试（接受应届）,外企德科数字技术有限公司,苏州·工业园区,1.6-2.6万·14薪,经验不限,本科
Java/python/JS/C+＋开发/测试(核心项目),外企德科数字技术有限公司,深圳·龙岗·坂田,1.5-3万·14薪,无经验,本科
Java/python/JS/C+＋开发/测试(核心项目),外企德科数字技术有限公司,深圳·龙岗·坂田,1.5-3万·14薪,无经验,本科
java中高级工程师(15-40k/14-16薪/双休),外企德科数字技术有限公司,深圳·龙岗·坂田,1.5-3万·14薪,经验不限,本科
java中高级工程师(15-40k/14-16薪/双休),外企德科数字技术有限公司,深圳·龙岗·坂田,1.5-3万·14薪,经验不限,本科
java中高级工程师(15-40k/14-16薪/双休),外企德科数字技术有限公司,深圳·龙岗·坂田,1.5-3万·14薪,经验不限,本科
java中高级工程师(15-40k/14-16薪/双休),外企德科数字技术有限公司,深圳·龙岗·坂田,1.5-3万·14薪,经验不限,本科
Java/C/C++（急急急，诚聘）,外企德科数字技术有限公司,上海·青浦·金泽,1.4-2.6万,1-3年,学历不限
Java/C/C++（急急急，诚聘）,外企德科数字技术有限公司,上海·青浦·金泽,1.4-2.6万,1-3年,学历不限
软件开发工程师（双休 导师带教 可接受25届应届生）,外企德科数字技术有限公司,北京·海淀,1.3-2.6万·14薪,经验不限,本科
软件开发工程师（双休 导师带教 可接受25届应届生）,外企德科数字技术有限公司,北京·海淀,1.3-2.6万·14薪,经验不限,本科
Java开发工程师/大厂自研核心自研项目,外企德科数字技术有限公司,深圳·龙岗·坂田,1.6-2.5万·14薪,1-3年,本科
Java开发工程师/大厂自研核心自研项目,外企德科数字技术有限公司,深圳·龙岗·坂田,1.6-2.5万·14薪,1-3年,本科
软件开发工程师（双休 导师带教 可接受25届应届生）,外企德科数字技术有限公司,杭州·滨江·长河,1.3-2.6万·14薪,经验不限,本科
软件开发工程师（双休 导师带教 可接受25届应届生）,外企德科数字技术有限公司,杭州·滨江·长河,1.3-2.6万·14薪,经验不限,本科
软件开发/软件测试,外企德科数字技术有限公司,苏州·工业园区,1-1.5万·14薪,经验不限,本科
软件开发/软件测试,外企德科数字技术有限公司,苏州·工业园区,1-1.5万·14薪,经验不限,本科
Java/C/C++/Python/JS 软件开发（多部门推荐）,外企德科数字技术有限公司,上海·浦东·金桥,1.8-3.5万·14薪,经验不限,本科
Java/C/C++/Python/JS 软件开发（多部门推荐）,外企德科数字技术有限公司,上海·浦东·金桥,1.8-3.5万·14薪,经验不限,本科
Java/C/C++/Python/JS 软件开发（多部门推荐）,外企德科数字技术有限公司,深圳·龙岗·坂田,1.8-3.5万·14薪,经验不限,本科
Java/C/C++/Python/JS 软件开发（多部门推荐）,外企德科数字技术有限公司,深圳·龙岗·坂田,1.8-3.5万·14薪,经验不限,本科
Java/C++/C/Python/GO/JS,外企德科数字技术有限公司,上海·浦东·金桥,1.2-2.4万·15薪,经验不限,本科
Java/C++/C/Python/GO/JS,外企德科数字技术有限公司,上海·浦东·金桥,1.2-2.4万·15薪,经验不限,本科
软件开发工程师（Java/C/C++/python),外企德科数字技术有限公司,西安·雁塔·漳浒寨,1.5-3万·14薪,经验不限,本科
软件开发工程师（Java/C/C++/python),外企德科数字技术有限公司,西安·雁塔·漳浒寨,1.5-3万·14薪,经验不限,本科
软件开发（语言全部涵盖 流程快 岗位多）,外企德科数字技术有限公司,上海·浦东·金桥,1.5-2.8万·14薪,经验不限,本科
软件开发（语言全部涵盖 流程快 岗位多）,外企德科数字技术有限公司,上海·浦东·金桥,1.5-2.8万·14薪,经验不限,本科
测试/前端/后端开发工程师Java/C/C++/JS/Python,外企德科数字技术有限公司,上海·浦东·金桥,1.4-2.8万·14薪,经验不限,本科
测试/前端/后端开发工程师Java/C/C++/JS/Python,外企德科数字技术有限公司,上海·浦东·金桥,1.4-2.8万·14薪,经验不限,本科
java软件开发工程师,外企德科数字技术有限公司,上海·浦东·金桥,1.6-3万,经验不限,本科
java软件开发工程师,外企德科数字技术有限公司,上海·浦东·金桥,1.6-3万,经验不限,本科
java/Python/C/C++/JS/AI算法/软件测试,外企德科数字技术有限公司,上海·浦东·金桥,1.5-3万,1-3年,本科
java/Python/C/C++/JS/AI算法/软件测试,外企德科数字技术有限公司,上海·浦东·金桥,1.5-3万,1-3年,本科
Java开发工程师（核心业务，双休，应届可投）,外企德科数字技术有限公司,南京·雨花台·雨花,1.5-3万·15薪,1-3年,本科
Java开发工程师（核心业务，双休，应届可投）,外企德科数字技术有限公司,南京·雨花台·雨花,1.5-3万·15薪,1-3年,本科
Java/C/C++/JS/python/测试/运维开发/数据（接受24届无经验、考研断档等）,外企德科数字技术有限公司,上海·浦东·金桥,1.7-3万·14薪,经验不限,本科
Java/C/C++/JS/python/测试/运维开发/数据（接受24届无经验、考研断档等）,外企德科数字技术有限公司,上海·浦东·金桥,1.7-3万·14薪,经验不限,本科
C/C++/python/Java/JS/测试/算法所有语言都有招聘,外企德科数字技术有限公司,南京·雨花台·铁心桥,1.2-2.4万,经验不限,本科
C/C++/python/Java/JS/测试/算法所有语言都有招聘,外企德科数字技术有限公司,南京·雨花台·铁心桥,1.2-2.4万,经验不限,本科
软件研发工程师（前后端测试均有）,外企德科数字技术有限公司,杭州·滨江·长河,1.8-3.5万,经验不限,本科
软件研发工程师（前后端测试均有）,外企德科数字技术有限公司,杭州·滨江·长河,1.8-3.5万,经验不限,本科
软件开发工程师（Java/C/C++/python),外企德科数字技术有限公司,东莞·常平镇,1.5-3万·14薪,经验不限,本科
软件开发工程师（Java/C/C++/python),外企德科数字技术有限公司,东莞·常平镇,1.5-3万·14薪,经验不限,本科
JAVA/C++/C/Python 14薪双休 应届生可投,外企德科数字技术有限公司,武汉·硚口·长丰,1.5-3万,经验不限,本科
JAVA/C++/C/Python 14薪双休 应届生可投,外企德科数字技术有限公司,武汉·硚口·长丰,1.5-3万,经验不限,本科
